Workbook
Name _10A_61: #N/A
Name _10A_62: #N/A
Name _10A_63: #N/A
Name _10A_64: #N/A
Name _10A_65: #N/A
Name _10A_66: #N/A
Name _10A_67: #N/A
Name _10A_68: #N/A
Name _10A_69: #N/A
Name _10A_70: #N/A
Name _10A_71: #N/A
Name _10A_72: #N/A
Name _10A_73: #N/A
Name _10A_74: #N/A
Name _10A_75: #N/A
Name _10A_76: #N/A
Name _10A_77: #N/A
Name _10A_78: #N/A
Name _10A_79: #N/A
Name _10A_80: #N/A
Name _10A_81: #N/A
Name _10A_82: #N/A
Name _10A_83: #N/A
Name _10A_84: #N/A
Name _10A_85: #N/A
Name _10A_86: #N/A
Name _10A_87: #N/A
Name _10A_88: #N/A
Name _10A_89: #N/A
Name _10A_90: #N/A
Name _10B_61: #N/A
Name _10B_62: #N/A
Name _10B_63: #N/A
Name _10B_64: #N/A
Name _10B_65: #N/A
Name _10B_66: #N/A
Name _10B_67: #N/A
Name _10B_68: #N/A
Name _10B_69: #N/A
Name _10B_70: #N/A
Name _10B_71: #N/A
Name _10B_72: #N/A
Name _10B_73: #N/A
Name _10B_74: #N/A
Name _10B_75: #N/A
Name _10B_76: #N/A
Name _10B_77: #N/A
Name _10B_78: #N/A
Name _10B_79: #N/A
Name _10B_80: #N/A
Name _10B_81: #N/A
Name _10B_82: #N/A
Name _10B_83: #N/A
Name _10B_84: #N/A
Name _10B_85: #N/A
Name _10B_86: #N/A
Name _10B_87: #N/A
Name _10B_88: #N/A
Name _10B_89: #N/A
Name _10B_90: #N/A

Sheet 운영현황
A1: 2026
A2: 2025년 운영 현황
A4: 수질 | N4: 대기
A6: 총 상수도 사용 | D6: 순수 생산량 | G6: 방류수 | J6: 총 전력 사용 | N6: CHP 가동시간 | Q6: LNG 사용량 | T6: PLB#1 가동시간 | W6: LNG 사용량
A7: =월별!R17 -> -232220 | D7: =월별!D17+월별!F17 -> 37650 | G7: =월별!P17 -> 25486 | J7: =월별!N17 -> 262.2 | N7: =월별!AF17 -> 2211 | Q7: =월별!Z17 -> 14906252 | T7: =월별!AG17 -> 0 | W7: =월별!AA17 -> 591
A8: ㎥ | D8: ㎥ | G8: ㎥ | J8: Kwh | N8: hr | Q8: N㎥ | T8: hr | W8: N㎥
A9: 💧 | D9: 💧 | G9: ♻️ | J9: ⚡ | N9: ⏰ | Q9: ⛽ | T9: ⏰ | W9: ⛽

Sheet 일일 가동현황
A1: 2026
A2: =TODAY()-2 -> 46117 | I2: 가동 현황
B4: 용수사용량 | I4: CHP | Q4: 금일 : | R4: 검정
B5: 시수 | C5: =일별!Q2 -> 17 | D5: 생황용수 | E5: =일별!I2 -> 9 | F5: 1차냉각수 | G5: =일별!K2 -> 11 | I5: 가동시간 | J5: =일별!AD2 -> 30 | K5: LNG 사용량 | L5: =일별!X2 -> 24 | M5: 열생산량 | N5: =일별!AX2 -> 50 | O5: 부하율 | P5: 45 | Q5: 작일 : | R5: 회색
B6: =VLOOKUP($A$2,일별!$A$5:$BG$370,C5,0) -> #N/A | C6: =B6-B7 -> #N/A | D6: =VLOOKUP($A$2,일별!$A$5:$BG$370,E5,0) -> #N/A | E6: =D6-D7 -> #N/A | F6: =VLOOKUP($A$2,일별!$A$5:$BG$370,G5,0) -> #N/A | G6: =F6-F7 -> #N/A | I6: =VLOOKUP($A$2,일별!$A$5:$BG$370,J5,0) -> #N/A | J6: =I6-I7 -> #N/A | K6: =VLOOKUP($A$2,일별!$A$5:$BG$370,L5,0) -> #N/A | L6: =K6-K7 -> #N/A | M6: =VLOOKUP($A$2,일별!$A$5:$BG$370,N5,0) -> #N/A | N6: =M6-M7 -> #N/A | O6: =VLOOKUP($A$2,일별!$A$5:$BG$370,P5,0) -> #N/A
B7: =VLOOKUP($A$2-1,일별!$A$5:$BG$370,C5,0) -> #N/A | D7: =VLOOKUP($A$2-1,일별!$A$5:$BG$370,E5,0) -> #N/A | F7: =VLOOKUP($A$2-1,일별!$A$5:$BG$370,G5,0) -> #N/A | I7: =VLOOKUP($A$2-1,일별!$A$5:$BG$370,J5,0) -> #N/A | K7: =VLOOKUP($A$2-1,일별!$A$5:$BG$370,L5,0) -> #N/A | M7: =VLOOKUP($A$2-1,일별!$A$5:$BG$370,N5,0) -> #N/A | O7: =VLOOKUP($A$2-1,일별!$A$5:$BG$370,P5,0) -> #N/A
B9: 순수탱크 | D9: 순수제조량 | I9: PLB#1
B10: LIT | C10: =일별!W2 -> 23 | D10: A | E10: =일별!E2 -> 5 | F10: B | G10: =일별!G2 -> 7 | I10: 가동시간 | J10: =일별!AE2 -> 31 | K10: LNG 사용량 | L10: =일별!Y2 -> 25 | M10: 열생산량 | N10: =일별!AY2 -> 51 | O10: 부하율 | P10: 47
B11: =VLOOKUP($A$2,일별!$A$5:$BG$370,C10,0) -> #N/A | C11: =B11-B12 -> #N/A | D11: =VLOOKUP($A$2,일별!$A$5:$BG$370,E10,0) -> #N/A | E11: =D11-D12 -> #N/A | F11: =VLOOKUP($A$2,일별!$A$5:$BG$370,G10,0) -> #N/A | G11: =F11-F12 -> #N/A | I11: =VLOOKUP($A$2,일별!$A$5:$BG$370,J10,0) -> #N/A | J11: =I11-I12 -> #N/A | K11: =VLOOKUP($A$2,일별!$A$5:$BG$370,L10,0) -> #N/A | L11: =K11-K12 -> #N/A | M11: =VLOOKUP($A$2,일별!$A$5:$BG$370,N10,0) -> #N/A | N11: =M11-M12 -> #N/A | O11: =VLOOKUP($A$2,일별!$A$5:$BG$370,P10,0) -> #N/A
B12: =VLOOKUP($A$2-1,일별!$A$5:$BG$370,C10,0) -> #N/A | D12: =VLOOKUP($A$2-1,일별!$A$5:$BG$370,E10,0) -> #N/A | F12: =VLOOKUP($A$2-1,일별!$A$5:$BG$370,G10,0) -> #N/A | I12: =VLOOKUP($A$2-1,일별!$A$5:$BG$370,J10,0) -> #N/A | K12: =VLOOKUP($A$2-1,일별!$A$5:$BG$370,L10,0) -> #N/A | M12: =VLOOKUP($A$2-1,일별!$A$5:$BG$370,N10,0) -> #N/A | O12: =VLOOKUP($A$2-1,일별!$A$5:$BG$370,P10,0) -> #N/A
B14: 폐수처리 | I14: PLB#2
B15: 방류수 | C15: =일별!O2 -> 15 | D15: 전력량 | E15: =일별!M2 -> 13 | I15: 가동시간 | J15: =일별!AF2 -> 32 | K15: LNG 사용량 | L15: =일별!Z2 -> 26 | M15: 열생산량 | O15: 부하율
B16: =VLOOKUP($A$2,일별!$A$5:$BG$370,C15,0) -> #N/A | C16: =B16-B17 -> #N/A | D16: =VLOOKUP($A$2,일별!$A$5:$BG$370,E15,0) -> #N/A | E16: =D16-D17 -> #N/A | I16: =VLOOKUP($A$2,일별!$A$5:$BG$370,J15,0) -> #N/A | K16: =VLOOKUP($A$2,일별!$A$5:$BG$370,L15,0) -> #N/A | M16: - | O16: -
B17: =VLOOKUP($A$2-1,일별!$A$5:$BG$370,C15,0) -> #N/A | D17: =VLOOKUP($A$2-1,일별!$A$5:$BG$370,E15,0) -> #N/A | I17: =VLOOKUP($A$2-1,일별!$A$5:$BG$370,J15,0) -> #N/A | K17: =VLOOKUP($A$2-1,일별!$A$5:$BG$370,L15,0) -> #N/A | M17: - | O17: -
B19: ACC | I19: PLB#3
B20: WIT | C20: =일별!T2 -> 20 | D20: LIT | E20: =일별!R2 -> 18 | F20: 충수량 | G20: =일별!C2 -> 3 | I20: 가동시간 | J20: =일별!AG2 -> 33 | K20: LNG 사용량 | L20: =일별!AA2 -> 27 | M20: 열생산량 | N20: 40 | O20: 부하율
B21: =VLOOKUP($A$2,일별!$A$5:$BG$370,C20,0) -> #N/A | C21: =B21-B22 -> #N/A | D21: =VLOOKUP($A$2,일별!$A$5:$BG$370,E20,0) -> #N/A | E21: =D21-D22 -> #N/A | F21: =VLOOKUP($A$2,일별!$A$5:$BG$370,G20,0) -> #N/A | G21: =F21-F22 -> #N/A | I21: =VLOOKUP($A$2,일별!$A$5:$BG$370,J20,0) -> #N/A | K21: =VLOOKUP($A$2,일별!$A$5:$BG$370,L20,0) -> #N/A | M21: - | O21: -
B22: =VLOOKUP($A$2-1,일별!$A$5:$BG$370,C20,0) -> #N/A | D22: =VLOOKUP($A$2-1,일별!$A$5:$BG$370,E20,0) -> #N/A | F22: =VLOOKUP($A$2-1,일별!$A$5:$BG$370,G20,0) -> #N/A | I22: =VLOOKUP($A$2-1,일별!$A$5:$BG$370,J20,0) -> #N/A | K22: =VLOOKUP($A$2-1,일별!$A$5:$BG$370,L20,0) -> #N/A | M22: - | O22: -

Sheet 월별
B2: 합계 | C2: 평균
A3: 단위 | B3: ACC 충수 | D3: A Train 생산 | F3: B Train 생산 | H3: 순수생산 | J3: 생활용수 | L3: 1차 냉각수 | N3: 폐수 전력 | P3: 방류수 | R3: 용수사용량 | T3: ACC LIT | V3: ACC WIT | X3: 순수 LIT | Z3: LNG사용량 | AF3: 운전시간 | AJ3: 생산량 | AP3: 연료전지 (22기) | AV3: 연료전지 기기별 가동시간 | BR3: 연료전지 기기별 LNG 사용량 | CN3: 연료전지 기기별 발전량
A4: 46388 | B4: ㎥ | C4: ㎥/d | D4: ㎥ | E4: ㎥/d | F4: ㎥ | G4: ㎥/d | J4: ㎥ | K4: ㎥/d | L4: ㎥ | M4: ㎥/d | N4: Kwh | P4: ㎥ | Q4: ㎥/d | R4: ㎥ | S4: ㎥/d | Z4: W_CHP(사용량) | AA4: #1 PLB(L) | AB4: #2 PLB(L) | AC4: #3 PLB(L) | AD4: PLB가스 사용량오차 | AE4: W_PLB(사용량) | AF4: 주보일러 | AG4: PLB#1 | AH4: PLB#2 | AI4: PLB#3 | AJ4: W_CHP(H생산) | AK4: #1 PLB | AL4: #2 PLB | AM4: #3 PLB | AN4: W_PLB(H생산) | AO4: 자체생산 | AP4: 가동시간 | AQ4: 평균 | AR4: LNG 사용량 | AS4: 평균 | AT4: 발전량 | AU4: 평균 | AV4: 1 | AW4: 2 | AX4: 3 | AY4: 4 | AZ4: 5 | BA4: 6 | BB4: 7 | BC4: 8 | BD4: 9 | BE4: 10 | BF4: 11 | BG4: 12 | BH4: 13 | BI4: 14 | BJ4: 15 | BK4: 16 | BL4: 17 | BM4: 18 | BN4: 19 | BO4: 20 | BP4: 21 | BQ4: 22 | BR4: 1 | BS4: 2 | BT4: 3 | BU4: 4 | BV4: 5 | BW4: 6 | BX4: 7 | BY4: 8 | BZ4: 9 | CA4: 10 | CB4: 11 | CC4: 12 | CD4: 13 | CE4: 14 | CF4: 15 | CG4: 16 | CH4: 17 | CI4: 18 | CJ4: 19 | CK4: 20 | CL4: 21 | CM4: 22 | CN4: 1 | CO4: 2 | CP4: 3 | CQ4: 4 | CR4: 5 | CS4: 6 | CT4: 7 | CU4: 8 | CV4: 9 | CW4: 10 | CX4: 11 | CY4: 12 | CZ4: 13 | DA4: 14 | DB4: 15 | DC4: 16 | DD4: 17 | DE4: 18 | DF4: 19 | DG4: 20 | DH4: 21 | DI4: 22
A5: 45658 | B5: =SUMIFS(일별!C:C, 일별!$A:$A, ">="&월별!$A5, 일별!$A:$A, "<"&월별!$A6) -> 816 | C5: =B5/(월별!$A6 - 월별!$A5) -> 26.322581 | D5: =SUMIFS(일별!E:E, 일별!$A:$A, ">="&월별!$A5, 일별!$A:$A, "<"&월별!$A6) -> 2540 | E5: =D5/(월별!$A6 - 월별!$A5) -> 81.935484 | F5: =SUMIFS(일별!G:G, 일별!$A:$A, ">="&월별!$A5, 일별!$A:$A, "<"&월별!$A6) -> 2588 | G5: =F5/(월별!$A6 - 월별!$A5) -> 83.483871 | H5: =D5+F5 -> 5128 | I5: =E5+G5 -> 165.41935 | J5: =SUMIFS(일별!I:I, 일별!$A:$A, ">="&월별!$A5, 일별!$A:$A, "<"&월별!$A6) -> 100 | K5: =J5/(월별!$A6 - 월별!$A5) -> 3.2258065 | L5: =SUMIFS(일별!K:K, 일별!$A:$A, ">="&월별!$A5, 일별!$A:$A, "<"&월별!$A6) -> 100 | M5: =L5/(월별!$A6 - 월별!$A5) -> 3.2258065 | N5: =SUMIFS(일별!M:M, 일별!$A:$A, ">="&월별!$A5, 일별!$A:$A, "<"&월별!$A6) -> 25.2 | O5: =N5/(월별!$A6 - 월별!$A5) -> 0.81290323 | P5: =SUMIFS(일별!O:O, 일별!$A:$A, ">="&월별!$A5, 일별!$A:$A, "<"&월별!$A6) -> 2483 | Q5: =P5/(월별!$A6 - 월별!$A5) -> 80.096774 | R5: =SUMIFS(일별!Q:Q, 일별!$A:$A, ">="&월별!$A5, 일별!$A:$A, "<"&월별!$A6) -> 6661 | S5: =R5/(월별!$A6 - 월별!$A5) -> 214.87097 | T5: =SUMIFS(일별!S:S, 일별!$A:$A, ">="&월별!$A5, 일별!$A:$A, "<"&월별!$A6) -> -0.6 | U5: =T5/(월별!$A6 - 월별!$A5) -> -0.019354839 | V5: =SUMIFS(일별!U:U, 일별!$A:$A, ">="&월별!$A5, 일별!$A:$A, "<"&월별!$A6) -> 0.583 | W5: =V5/(월별!$A6 - 월별!$A5) -> 0.018806452 | X5: =SUMIFS(일별!W:W, 일별!$A:$A, ">="&월별!$A5, 일별!$A:$A, "<"&월별!$A6) -> 0 | Y5: =X5/(월별!$A6 - 월별!$A5) -> 0 | Z5: =SUMIFS(일별!X:X, 일별!$A:$A, ">="&월별!$A5, 일별!$A:$A, "<"&월별!$A6) -> 1684005.7 | AA5: =SUMIFS(일별!Y:Y, 일별!$A:$A, ">="&월별!$A5, 일별!$A:$A, "<"&월별!$A6) -> 0 | AB5: =SUMIFS(일별!Z:Z, 일별!$A:$A, ">="&월별!$A5, 일별!$A:$A, "<"&월별!$A6) -> 0 | AC5: =SUMIFS(일별!AA:AA, 일별!$A:$A, ">="&월별!$A5, 일별!$A:$A, "<"&월별!$A6) -> 140277 | AD5: =SUMIFS(일별!AB:AB, 일별!$A:$A, ">="&월별!$A5, 일별!$A:$A, "<"&월별!$A6) -> 0 | AE5: =SUMIFS(일별!AC:AC, 일별!$A:$A, ">="&월별!$A5, 일별!$A:$A, "<"&월별!$A6) -> 140277 | AF5: =SUMIFS(일별!AD:AD, 일별!$A:$A, ">="&월별!$A5, 일별!$A:$A, "<"&월별!$A6) -> 239 | AG5: =SUMIFS(일별!AE:AE, 일별!$A:$A, ">="&월별!$A5, 일별!$A:$A, "<"&월별!$A6) -> 0 | AH5: =SUMIFS(일별!AF:AF, 일별!$A:$A, ">="&월별!$A5, 일별!$A:$A, "<"&월별!$A6) -> 0 | AI5: =SUMIFS(일별!AG:AG, 일별!$A:$A, ">="&월별!$A5, 일별!$A:$A, "<"&월별!$A6) -> 25.5 | AJ5: =SUMIFS(일별!AX:AX, 일별!$A:$A, ">="&월별!$A5, 일별!$A:$A, "<"&월별!$A6) -> 10762 | AK5: =SUMIFS(일별!AY:AY, 일별!$A:$A, ">="&월별!$A5, 일별!$A:$A, "<"&월별!$A6) -> 0 | AL5: =SUMIFS(일별!AZ:AZ, 일별!$A:$A, ">="&월별!$A5, 일별!$A:$A, "<"&월별!$A6) -> 0 | AM5: =SUMIFS(일별!BA:BA, 일별!$A:$A, ">="&월별!$A5, 일별!$A:$A, "<"&월별!$A6) -> 1245 | AN5: =SUMIFS(일별!BB:BB, 일별!$A:$A, ">="&월별!$A5, 일별!$A:$A, "<"&월별!$A6) -> 1245 | AO5: =SUMIFS(일별!BC:BC, 일별!$A:$A, ">="&월별!$A5, 일별!$A:$A, "<"&월별!$A6) -> 12007 | AP5: {=SUM(_xlfn._xlws.FILTER(일별!#REF!, (일별!$A:$A >= 월별!$A5) * (일별!$A:$A < 월별!$A6), 0))} -> #REF! | AQ5: =AP5/(월별!$A6 - 월별!$A5) -> #REF! | AR5: {=SUM(_xlfn._xlws.FILTER(일별!#REF!, (일별!$A:$A >= 월별!$A5) * (일별!$A:$A < 월별!$A6), 0))} -> #REF! | AS5: =AR5/(월별!$A6 - 월별!$A5) -> #REF! | AT5: {=SUM(_xlfn._xlws.FILTER(일별!#REF!, (일별!$A:$A >= 월별!$A5) * (일별!$A:$A < 월별!$A6), 0))} -> #REF! | AU5: =AT5/(월별!$A6 - 월별!$A5) -> #REF! | AV5: {=SUM(_xlfn._xlws.FILTER(일별!#REF!, (일별!$A:$A >= 월별!$A5) * (일별!$A:$A < 월별!$A6), 0))} -> #REF! | AW5: {=SUM(_xlfn._xlws.FILTER(일별!#REF!, (일별!$A:$A >= 월별!$A5) * (일별!$A:$A < 월별!$A6), 0))} -> #REF! | AX5: {=SUM(_xlfn._xlws.FILTER(일별!#REF!, (일별!$A:$A >= 월별!$A5) * (일별!$A:$A < 월별!$A6), 0))} -> #REF! | AY5: {=SUM(_xlfn._xlws.FILTER(일별!#REF!, (일별!$A:$A >= 월별!$A5) * (일별!$A:$A < 월별!$A6), 0))} -> #REF! | AZ5: {=SUM(_xlfn._xlws.FILTER(일별!#REF!, (일별!$A:$A >= 월별!$A5) * (일별!$A:$A < 월별!$A6), 0))} -> #REF! | BA5: {=SUM(_xlfn._xlws.FILTER(일별!#REF!, (일별!$A:$A >= 월별!$A5) * (일별!$A:$A < 월별!$A6), 0))} -> #REF! | BB5: {=SUM(_xlfn._xlws.FILTER(일별!#REF!, (일별!$A:$A >= 월별!$A5) * (일별!$A:$A < 월별!$A6), 0))} -> #REF! | BC5: {=SUM(_xlfn._xlws.FILTER(일별!#REF!, (일별!$A:$A >= 월별!$A5) * (일별!$A:$A < 월별!$A6), 0))} -> #REF! | ... DI5: {=SUM(_xlfn._xlws.FILTER(일별!#REF!, (일별!$A:$A >= 월별!$A5) * (일별!$A:$A < 월별!$A6), 0))} -> #REF!
A6: 45689 | B6: =SUMIFS(일별!$C:$C, 일별!$A:$A, ">="&월별!$A6, 일별!$A:$A, "<"&월별!$A7) -> 660 | C6: =B6/(월별!$A7 - 월별!$A6) -> 23.571429 | D6: =SUMIFS(일별!E:E, 일별!$A:$A, ">="&월별!$A6, 일별!$A:$A, "<"&월별!$A7) -> 2251 | E6: =D6/(월별!$A7 - 월별!$A6) -> 80.392857 | F6: =SUMIFS(일별!G:G, 일별!$A:$A, ">="&월별!$A6, 일별!$A:$A, "<"&월별!$A7) -> 2332 | G6: =F6/(월별!$A7 - 월별!$A6) -> 83.285714 | H6: =D6+F6 -> 4583 | I6: =E6+G6 -> 163.67857 | J6: =SUMIFS(일별!I:I, 일별!$A:$A, ">="&월별!$A6, 일별!$A:$A, "<"&월별!$A7) -> 109 | K6: =J6/(월별!$A7 - 월별!$A6) -> 3.8928571 | L6: =SUMIFS(일별!K:K, 일별!$A:$A, ">="&월별!$A6, 일별!$A:$A, "<"&월별!$A7) -> 109 | M6: =L6/(월별!$A7 - 월별!$A6) -> 3.8928571 | N6: =SUMIFS(일별!M:M, 일별!$A:$A, ">="&월별!$A6, 일별!$A:$A, "<"&월별!$A7) -> 25.2 | O6: =N6/(월별!$A7 - 월별!$A6) -> 0.9 | P6: =SUMIFS(일별!O:O, 일별!$A:$A, ">="&월별!$A6, 일별!$A:$A, "<"&월별!$A7) -> 2754 | Q6: =P6/(월별!$A7 - 월별!$A6) -> 98.357143 | R6: =SUMIFS(일별!Q:Q, 일별!$A:$A, ">="&월별!$A6, 일별!$A:$A, "<"&월별!$A7) -> 6425 | S6: =R6/(월별!$A7 - 월별!$A6) -> 229.46429 | T6: =SUMIFS(일별!S:S, 일별!$A:$A, ">="&월별!$A6, 일별!$A:$A, "<"&월별!$A7) -> 0.36 | U6: =T6/(월별!$A7 - 월별!$A6) -> 0.012857143 | V6: =SUMIFS(일별!U:U, 일별!$A:$A, ">="&월별!$A6, 일별!$A:$A, "<"&월별!$A7) -> -0.53 | W6: =V6/(월별!$A7 - 월별!$A6) -> -0.018928571 | X6: =SUMIFS(일별!W:W, 일별!$A:$A, ">="&월별!$A6, 일별!$A:$A, "<"&월별!$A7) -> 0 | Y6: =X6/(월별!$A7 - 월별!$A6) -> 0 | Z6: =SUMIFS(일별!X:X, 일별!$A:$A, ">="&월별!$A6, 일별!$A:$A, "<"&월별!$A7) -> 3558570 | AA6: =SUMIFS(일별!Y:Y, 일별!$A:$A, ">="&월별!$A6, 일별!$A:$A, "<"&월별!$A7) -> 188 | AB6: =SUMIFS(일별!Z:Z, 일별!$A:$A, ">="&월별!$A6, 일별!$A:$A, "<"&월별!$A7) -> 0 | AC6: =SUMIFS(일별!AA:AA, 일별!$A:$A, ">="&월별!$A6, 일별!$A:$A, "<"&월별!$A7) -> 0 | AD6: =SUMIFS(일별!AB:AB, 일별!$A:$A, ">="&월별!$A6, 일별!$A:$A, "<"&월별!$A7) -> 0 | AE6: =SUMIFS(일별!AC:AC, 일별!$A:$A, ">="&월별!$A6, 일별!$A:$A, "<"&월별!$A7) -> 188 | AF6: =SUMIFS(일별!AD:AD, 일별!$A:$A, ">="&월별!$A6, 일별!$A:$A, "<"&월별!$A7) -> 454 | AG6: =SUMIFS(일별!AE:AE, 일별!$A:$A, ">="&월별!$A6, 일별!$A:$A, "<"&월별!$A7) -> 0 | AH6: =SUMIFS(일별!AF:AF, 일별!$A:$A, ">="&월별!$A6, 일별!$A:$A, "<"&월별!$A7) -> 0 | AI6: =SUMIFS(일별!AG:AG, 일별!$A:$A, ">="&월별!$A6, 일별!$A:$A, "<"&월별!$A7) -> 0 | AJ6: =SUMIFS(일별!AX:AX, 일별!$A:$A, ">="&월별!$A6, 일별!$A:$A, "<"&월별!$A7) -> 22695.8 | AK6: =SUMIFS(일별!AY:AY, 일별!$A:$A, ">="&월별!$A6, 일별!$A:$A, "<"&월별!$A7) -> 0 | AL6: =SUMIFS(일별!AZ:AZ, 일별!$A:$A, ">="&월별!$A6, 일별!$A:$A, "<"&월별!$A7) -> 0 | AM6: =SUMIFS(일별!BA:BA, 일별!$A:$A, ">="&월별!$A6, 일별!$A:$A, "<"&월별!$A7) -> 0 | AN6: =SUMIFS(일별!BB:BB, 일별!$A:$A, ">="&월별!$A6, 일별!$A:$A, "<"&월별!$A7) -> 0 | AO6: =SUMIFS(일별!BC:BC, 일별!$A:$A, ">="&월별!$A6, 일별!$A:$A, "<"&월별!$A7) -> 22695.8 | AP6: {=SUM(_xlfn._xlws.FILTER(일별!#REF!, (일별!$A:$A >= 월별!$A6) * (일별!$A:$A < 월별!$A7), 0))} -> #REF! | AQ6: =AP6/(월별!$A7 - 월별!$A6) -> #REF! | AR6: {=SUM(_xlfn._xlws.FILTER(일별!#REF!, (일별!$A:$A >= 월별!$A6) * (일별!$A:$A < 월별!$A7), 0))} -> #REF! | AS6: =AR6/(월별!$A7 - 월별!$A6) -> #REF! | AT6: {=SUM(_xlfn._xlws.FILTER(일별!#REF!, (일별!$A:$A >= 월별!$A6) * (일별!$A:$A < 월별!$A7), 0))} -> #REF! | AU6: =AT6/(월별!$A7 - 월별!$A6) -> #REF! | AV6: {=SUM(_xlfn._xlws.FILTER(일별!#REF!, (일별!$A:$A >= 월별!$A6) * (일별!$A:$A < 월별!$A7), 0))} -> #REF! | AW6: {=SUM(_xlfn._xlws.FILTER(일별!#REF!, (일별!$A:$A >= 월별!$A6) * (일별!$A:$A < 월별!$A7), 0))} -> #REF! | AX6: {=SUM(_xlfn._xlws.FILTER(일별!#REF!, (일별!$A:$A >= 월별!$A6) * (일별!$A:$A < 월별!$A7), 0))} -> #REF! | AY6: {=SUM(_xlfn._xlws.FILTER(일별!#REF!, (일별!$A:$A >= 월별!$A6) * (일별!$A:$A < 월별!$A7), 0))} -> #REF! | AZ6: {=SUM(_xlfn._xlws.FILTER(일별!#REF!, (일별!$A:$A >= 월별!$A6) * (일별!$A:$A < 월별!$A7), 0))} -> #REF! | BA6: {=SUM(_xlfn._xlws.FILTER(일별!#REF!, (일별!$A:$A >= 월별!$A6) * (일별!$A:$A < 월별!$A7), 0))} -> #REF! | BB6: {=SUM(_xlfn._xlws.FILTER(일별!#REF!, (일별!$A:$A >= 월별!$A6) * (일별!$A:$A < 월별!$A7), 0))} -> #REF! | BC6: {=SUM(_xlfn._xlws.FILTER(일별!#REF!, (일별!$A:$A >= 월별!$A6) * (일별!$A:$A < 월별!$A7), 0))} -> #REF! | ... DI6: {=SUM(_xlfn._xlws.FILTER(일별!#REF!, (일별!$A:$A >= 월별!$A6) * (일별!$A:$A < 월별!$A7), 0))} -> #REF!
A7: 45717 | B7: =SUMIFS(일별!$C:$C, 일별!$A:$A, ">="&월별!$A7, 일별!$A:$A, "<"&월별!$A8) -> 713 | C7: =B7/(월별!$A8 - 월별!$A7) -> 23 | D7: =SUMIFS(일별!E:E, 일별!$A:$A, ">="&월별!$A7, 일별!$A:$A, "<"&월별!$A8) -> 2134 | E7: =D7/(월별!$A8 - 월별!$A7) -> 68.83871 | F7: =SUMIFS(일별!G:G, 일별!$A:$A, ">="&월별!$A7, 일별!$A:$A, "<"&월별!$A8) -> 2103 | G7: =F7/(월별!$A8 - 월별!$A7) -> 67.83871 | H7: =D7+F7 -> 4237 | I7: =E7+G7 -> 136.67742 | J7: =SUMIFS(일별!I:I, 일별!$A:$A, ">="&월별!$A7, 일별!$A:$A, "<"&월별!$A8) -> 149 | K7: =J7/(월별!$A8 - 월별!$A7) -> 4.8064516 | L7: =SUMIFS(일별!K:K, 일별!$A:$A, ">="&월별!$A7, 일별!$A:$A, "<"&월별!$A8) -> 149 | M7: =L7/(월별!$A8 - 월별!$A7) -> 4.8064516 | N7: =SUMIFS(일별!M:M, 일별!$A:$A, ">="&월별!$A7, 일별!$A:$A, "<"&월별!$A8) -> 27.6 | O7: =N7/(월별!$A8 - 월별!$A7) -> 0.89032258 | P7: =SUMIFS(일별!O:O, 일별!$A:$A, ">="&월별!$A7, 일별!$A:$A, "<"&월별!$A8) -> 2418 | Q7: =P7/(월별!$A8 - 월별!$A7) -> 78 | R7: =SUMIFS(일별!Q:Q, 일별!$A:$A, ">="&월별!$A7, 일별!$A:$A, "<"&월별!$A8) -> 7085 | S7: =R7/(월별!$A8 - 월별!$A7) -> 228.54839 | T7: =SUMIFS(일별!S:S, 일별!$A:$A, ">="&월별!$A7, 일별!$A:$A, "<"&월별!$A8) -> -0.36 | U7: =T7/(월별!$A8 - 월별!$A7) -> -0.011612903 | V7: =SUMIFS(일별!U:U, 일별!$A:$A, ">="&월별!$A7, 일별!$A:$A, "<"&월별!$A8) -> -0.37 | W7: =V7/(월별!$A8 - 월별!$A7) -> -0.011935484 | X7: =SUMIFS(일별!W:W, 일별!$A:$A, ">="&월별!$A7, 일별!$A:$A, "<"&월별!$A8) -> 0 | Y7: =X7/(월별!$A8 - 월별!$A7) -> 0 | Z7: =SUMIFS(일별!X:X, 일별!$A:$A, ">="&월별!$A7, 일별!$A:$A, "<"&월별!$A8) -> 1865810 | AA7: =SUMIFS(일별!Y:Y, 일별!$A:$A, ">="&월별!$A7, 일별!$A:$A, "<"&월별!$A8) -> 403 | AB7: =SUMIFS(일별!Z:Z, 일별!$A:$A, ">="&월별!$A7, 일별!$A:$A, "<"&월별!$A8) -> 0 | AC7: =SUMIFS(일별!AA:AA, 일별!$A:$A, ">="&월별!$A7, 일별!$A:$A, "<"&월별!$A8) -> 0 | AD7: =SUMIFS(일별!AB:AB, 일별!$A:$A, ">="&월별!$A7, 일별!$A:$A, "<"&월별!$A8) -> 0 | AE7: =SUMIFS(일별!AC:AC, 일별!$A:$A, ">="&월별!$A7, 일별!$A:$A, "<"&월별!$A8) -> 403 | AF7: =SUMIFS(일별!AD:AD, 일별!$A:$A, ">="&월별!$A7, 일별!$A:$A, "<"&월별!$A8) -> 278 | AG7: =SUMIFS(일별!AE:AE, 일별!$A:$A, ">="&월별!$A7, 일별!$A:$A, "<"&월별!$A8) -> 0 | AH7: =SUMIFS(일별!AF:AF, 일별!$A:$A, ">="&월별!$A7, 일별!$A:$A, "<"&월별!$A8) -> 0 | AI7: =SUMIFS(일별!AG:AG, 일별!$A:$A, ">="&월별!$A7, 일별!$A:$A, "<"&월별!$A8) -> 0 | AJ7: =SUMIFS(일별!AX:AX, 일별!$A:$A, ">="&월별!$A7, 일별!$A:$A, "<"&월별!$A8) -> 11730.3 | AK7: =SUMIFS(일별!AY:AY, 일별!$A:$A, ">="&월별!$A7, 일별!$A:$A, "<"&월별!$A8) -> 0 | AL7: =SUMIFS(일별!AZ:AZ, 일별!$A:$A, ">="&월별!$A7, 일별!$A:$A, "<"&월별!$A8) -> 0 | AM7: =SUMIFS(일별!BA:BA, 일별!$A:$A, ">="&월별!$A7, 일별!$A:$A, "<"&월별!$A8) -> 0 | AN7: =SUMIFS(일별!BB:BB, 일별!$A:$A, ">="&월별!$A7, 일별!$A:$A, "<"&월별!$A8) -> 0 | AO7: =SUMIFS(일별!BC:BC, 일별!$A:$A, ">="&월별!$A7, 일별!$A:$A, "<"&월별!$A8) -> 11730.3 | AP7: {=SUM(_xlfn._xlws.FILTER(일별!#REF!, (일별!$A:$A >= 월별!$A7) * (일별!$A:$A < 월별!$A8), 0))} -> #REF! | AQ7: =AP7/(월별!$A8 - 월별!$A7) -> #REF! | AR7: {=SUM(_xlfn._xlws.FILTER(일별!#REF!, (일별!$A:$A >= 월별!$A7) * (일별!$A:$A < 월별!$A8), 0))} -> #REF! | AS7: =AR7/(월별!$A8 - 월별!$A7) -> #REF! | AT7: {=SUM(_xlfn._xlws.FILTER(일별!#REF!, (일별!$A:$A >= 월별!$A7) * (일별!$A:$A < 월별!$A8), 0))} -> #REF! | AU7: =AT7/(월별!$A8 - 월별!$A7) -> #REF! | AV7: {=SUM(_xlfn._xlws.FILTER(일별!#REF!, (일별!$A:$A >= 월별!$A7) * (일별!$A:$A < 월별!$A8), 0))} -> #REF! | AW7: {=SUM(_xlfn._xlws.FILTER(일별!#REF!, (일별!$A:$A >= 월별!$A7) * (일별!$A:$A < 월별!$A8), 0))} -> #REF! | AX7: {=SUM(_xlfn._xlws.FILTER(일별!#REF!, (일별!$A:$A >= 월별!$A7) * (일별!$A:$A < 월별!$A8), 0))} -> #REF! | AY7: {=SUM(_xlfn._xlws.FILTER(일별!#REF!, (일별!$A:$A >= 월별!$A7) * (일별!$A:$A < 월별!$A8), 0))} -> #REF! | AZ7: {=SUM(_xlfn._xlws.FILTER(일별!#REF!, (일별!$A:$A >= 월별!$A7) * (일별!$A:$A < 월별!$A8), 0))} -> #REF! | BA7: {=SUM(_xlfn._xlws.FILTER(일별!#REF!, (일별!$A:$A >= 월별!$A7) * (일별!$A:$A < 월별!$A8), 0))} -> #REF! | BB7: {=SUM(_xlfn._xlws.FILTER(일별!#REF!, (일별!$A:$A >= 월별!$A7) * (일별!$A:$A < 월별!$A8), 0))} -> #REF! | BC7: {=SUM(_xlfn._xlws.FILTER(일별!#REF!, (일별!$A:$A >= 월별!$A7) * (일별!$A:$A < 월별!$A8), 0))} -> #REF! | ... DI7: {=SUM(_xlfn._xlws.FILTER(일별!#REF!, (일별!$A:$A >= 월별!$A7) * (일별!$A:$A < 월별!$A8), 0))} -> #REF!
A8: 45748 | B8: =SUMIFS(일별!$C:$C, 일별!$A:$A, ">="&월별!$A8, 일별!$A:$A, "<"&월별!$A9) -> 524 | C8: =B8/(월별!$A9 - 월별!$A8) -> 17.466667 | D8: =SUMIFS(일별!E:E, 일별!$A:$A, ">="&월별!$A8, 일별!$A:$A, "<"&월별!$A9) -> 2218 | E8: =D8/(월별!$A9 - 월별!$A8) -> 73.933333 | F8: =SUMIFS(일별!G:G, 일별!$A:$A, ">="&월별!$A8, 일별!$A:$A, "<"&월별!$A9) -> 2162 | G8: =F8/(월별!$A9 - 월별!$A8) -> 72.066667 | H8: =D8+F8 -> 4380 | I8: =E8+G8 -> 146 | J8: =SUMIFS(일별!I:I, 일별!$A:$A, ">="&월별!$A8, 일별!$A:$A, "<"&월별!$A9) -> 138 | K8: =J8/(월별!$A9 - 월별!$A8) -> 4.6 | L8: =SUMIFS(일별!K:K, 일별!$A:$A, ">="&월별!$A8, 일별!$A:$A, "<"&월별!$A9) -> 138 | M8: =L8/(월별!$A9 - 월별!$A8) -> 4.6 | N8: =SUMIFS(일별!M:M, 일별!$A:$A, ">="&월별!$A8, 일별!$A:$A, "<"&월별!$A9) -> 25.4 | O8: =N8/(월별!$A9 - 월별!$A8) -> 0.84666667 | P8: =SUMIFS(일별!O:O, 일별!$A:$A, ">="&월별!$A8, 일별!$A:$A, "<"&월별!$A9) -> 2425 | Q8: =P8/(월별!$A9 - 월별!$A8) -> 80.833333 | R8: =SUMIFS(일별!Q:Q, 일별!$A:$A, ">="&월별!$A8, 일별!$A:$A, "<"&월별!$A9) -> 6806 | S8: =R8/(월별!$A9 - 월별!$A8) -> 226.86667 | T8: =SUMIFS(일별!S:S, 일별!$A:$A, ">="&월별!$A8, 일별!$A:$A, "<"&월별!$A9) -> 1 | U8: =T8/(월별!$A9 - 월별!$A8) -> 0.033333333 | V8: =SUMIFS(일별!U:U, 일별!$A:$A, ">="&월별!$A8, 일별!$A:$A, "<"&월별!$A9) -> 0.93 | W8: =V8/(월별!$A9 - 월별!$A8) -> 0.031 | X8: =SUMIFS(일별!W:W, 일별!$A:$A, ">="&월별!$A8, 일별!$A:$A, "<"&월별!$A9) -> 0 | Y8: =X8/(월별!$A9 - 월별!$A8) -> 0 | Z8: =SUMIFS(일별!X:X, 일별!$A:$A, ">="&월별!$A8, 일별!$A:$A, "<"&월별!$A9) -> 1268588 | AA8: =SUMIFS(일별!Y:Y, 일별!$A:$A, ">="&월별!$A8, 일별!$A:$A, "<"&월별!$A9) -> 0 | AB8: =SUMIFS(일별!Z:Z, 일별!$A:$A, ">="&월별!$A8, 일별!$A:$A, "<"&월별!$A9) -> 0 | AC8: =SUMIFS(일별!AA:AA, 일별!$A:$A, ">="&월별!$A8, 일별!$A:$A, "<"&월별!$A9) -> 0 | AD8: =SUMIFS(일별!AB:AB, 일별!$A:$A, ">="&월별!$A8, 일별!$A:$A, "<"&월별!$A9) -> 0 | AE8: =SUMIFS(일별!AC:AC, 일별!$A:$A, ">="&월별!$A8, 일별!$A:$A, "<"&월별!$A9) -> 0 | AF8: =SUMIFS(일별!AD:AD, 일별!$A:$A, ">="&월별!$A8, 일별!$A:$A, "<"&월별!$A9) -> 201 | AG8: =SUMIFS(일별!AE:AE, 일별!$A:$A, ">="&월별!$A8, 일별!$A:$A, "<"&월별!$A9) -> 0 | AH8: =SUMIFS(일별!AF:AF, 일별!$A:$A, ">="&월별!$A8, 일별!$A:$A, "<"&월별!$A9) -> 0 | AI8: =SUMIFS(일별!AG:AG, 일별!$A:$A, ">="&월별!$A8, 일별!$A:$A, "<"&월별!$A9) -> 0 | AJ8: =SUMIFS(일별!AX:AX, 일별!$A:$A, ">="&월별!$A8, 일별!$A:$A, "<"&월별!$A9) -> 7975 | AK8: =SUMIFS(일별!AY:AY, 일별!$A:$A, ">="&월별!$A8, 일별!$A:$A, "<"&월별!$A9) -> 0 | AL8: =SUMIFS(일별!AZ:AZ, 일별!$A:$A, ">="&월별!$A8, 일별!$A:$A, "<"&월별!$A9) -> 0 | AM8: =SUMIFS(일별!BA:BA, 일별!$A:$A, ">="&월별!$A8, 일별!$A:$A, "<"&월별!$A9) -> 0 | AN8: =SUMIFS(일별!BB:BB, 일별!$A:$A, ">="&월별!$A8, 일별!$A:$A, "<"&월별!$A9) -> 0 | AO8: =SUMIFS(일별!BC:BC, 일별!$A:$A, ">="&월별!$A8, 일별!$A:$A, "<"&월별!$A9) -> 7975 | AP8: {=SUM(_xlfn._xlws.FILTER(일별!#REF!, (일별!$A:$A >= 월별!$A8) * (일별!$A:$A < 월별!$A9), 0))} -> #REF! | AQ8: =AP8/(월별!$A9 - 월별!$A8) -> #REF! | AR8: {=SUM(_xlfn._xlws.FILTER(일별!#REF!, (일별!$A:$A >= 월별!$A8) * (일별!$A:$A < 월별!$A9), 0))} -> #REF! | AS8: =AR8/(월별!$A9 - 월별!$A8) -> #REF! | AT8: {=SUM(_xlfn._xlws.FILTER(일별!#REF!, (일별!$A:$A >= 월별!$A8) * (일별!$A:$A < 월별!$A9), 0))} -> #REF! | AU8: =AT8/(월별!$A9 - 월별!$A8) -> #REF! | AV8: {=SUM(_xlfn._xlws.FILTER(일별!#REF!, (일별!$A:$A >= 월별!$A8) * (일별!$A:$A < 월별!$A9), 0))} -> #REF! | AW8: {=SUM(_xlfn._xlws.FILTER(일별!#REF!, (일별!$A:$A >= 월별!$A8) * (일별!$A:$A < 월별!$A9), 0))} -> #REF! | AX8: {=SUM(_xlfn._xlws.FILTER(일별!#REF!, (일별!$A:$A >= 월별!$A8) * (일별!$A:$A < 월별!$A9), 0))} -> #REF! | AY8: {=SUM(_xlfn._xlws.FILTER(일별!#REF!, (일별!$A:$A >= 월별!$A8) * (일별!$A:$A < 월별!$A9), 0))} -> #REF! | AZ8: {=SUM(_xlfn._xlws.FILTER(일별!#REF!, (일별!$A:$A >= 월별!$A8) * (일별!$A:$A < 월별!$A9), 0))} -> #REF! | BA8: {=SUM(_xlfn._xlws.FILTER(일별!#REF!, (일별!$A:$A >= 월별!$A8) * (일별!$A:$A < 월별!$A9), 0))} -> #REF! | BB8: {=SUM(_xlfn._xlws.FILTER(일별!#REF!, (일별!$A:$A >= 월별!$A8) * (일별!$A:$A < 월별!$A9), 0))} -> #REF! | BC8: {=SUM(_xlfn._xlws.FILTER(일별!#REF!, (일별!$A:$A >= 월별!$A8) * (일별!$A:$A < 월별!$A9), 0))} -> #REF! | ... DI8: {=SUM(_xlfn._xlws.FILTER(일별!#REF!, (일별!$A:$A >= 월별!$A8) * (일별!$A:$A < 월별!$A9), 0))} -> #REF!
A9: 45778 | B9: =SUMIFS(일별!$C:$C, 일별!$A:$A, ">="&월별!$A9, 일별!$A:$A, "<"&월별!$A10) -> 436 | C9: =B9/(월별!$A10 - 월별!$A9) -> 14.064516 | D9: =SUMIFS(일별!E:E, 일별!$A:$A, ">="&월별!$A9, 일별!$A:$A, "<"&월별!$A10) -> 1758 | E9: =D9/(월별!$A10 - 월별!$A9) -> 56.709677 | F9: =SUMIFS(일별!G:G, 일별!$A:$A, ">="&월별!$A9, 일별!$A:$A, "<"&월별!$A10) -> 1324 | G9: =F9/(월별!$A10 - 월별!$A9) -> 42.709677 | H9: =D9+F9 -> 3082 | I9: =E9+G9 -> 99.419355 | J9: =SUMIFS(일별!I:I, 일별!$A:$A, ">="&월별!$A9, 일별!$A:$A, "<"&월별!$A10) -> 170 | K9: =J9/(월별!$A10 - 월별!$A9) -> 5.483871 | L9: =SUMIFS(일별!K:K, 일별!$A:$A, ">="&월별!$A9, 일별!$A:$A, "<"&월별!$A10) -> 170 | M9: =L9/(월별!$A10 - 월별!$A9) -> 5.483871 | N9: =SUMIFS(일별!M:M, 일별!$A:$A, ">="&월별!$A9, 일별!$A:$A, "<"&월별!$A10) -> 18.1 | O9: =N9/(월별!$A10 - 월별!$A9) -> 0.58387097 | P9: =SUMIFS(일별!O:O, 일별!$A:$A, ">="&월별!$A9, 일별!$A:$A, "<"&월별!$A10) -> 2380 | Q9: =P9/(월별!$A10 - 월별!$A9) -> 76.774194 | R9: =SUMIFS(일별!Q:Q, 일별!$A:$A, ">="&월별!$A9, 일별!$A:$A, "<"&월별!$A10) -> 4929 | S9: =R9/(월별!$A10 - 월별!$A9) -> 159 | T9: =SUMIFS(일별!S:S, 일별!$A:$A, ">="&월별!$A9, 일별!$A:$A, "<"&월별!$A10) -> 0.75 | U9: =T9/(월별!$A10 - 월별!$A9) -> 0.024193548 | V9: =SUMIFS(일별!U:U, 일별!$A:$A, ">="&월별!$A9, 일별!$A:$A, "<"&월별!$A10) -> 1.14 | W9: =V9/(월별!$A10 - 월별!$A9) -> 0.036774194 | X9: =SUMIFS(일별!W:W, 일별!$A:$A, ">="&월별!$A9, 일별!$A:$A, "<"&월별!$A10) -> 0 | Y9: =X9/(월별!$A10 - 월별!$A9) -> 0 | Z9: =SUMIFS(일별!X:X, 일별!$A:$A, ">="&월별!$A9, 일별!$A:$A, "<"&월별!$A10) -> 477928 | AA9: =SUMIFS(일별!Y:Y, 일별!$A:$A, ">="&월별!$A9, 일별!$A:$A, "<"&월별!$A10) -> 0 | AB9: =SUMIFS(일별!Z:Z, 일별!$A:$A, ">="&월별!$A9, 일별!$A:$A, "<"&월별!$A10) -> 0 | AC9: =SUMIFS(일별!AA:AA, 일별!$A:$A, ">="&월별!$A9, 일별!$A:$A, "<"&월별!$A10) -> 0 | AD9: =SUMIFS(일별!AB:AB, 일별!$A:$A, ">="&월별!$A9, 일별!$A:$A, "<"&월별!$A10) -> 0 | AE9: =SUMIFS(일별!AC:AC, 일별!$A:$A, ">="&월별!$A9, 일별!$A:$A, "<"&월별!$A10) -> 0 | AF9: =SUMIFS(일별!AD:AD, 일별!$A:$A, ">="&월별!$A9, 일별!$A:$A, "<"&월별!$A10) -> 105 | AG9: =SUMIFS(일별!AE:AE, 일별!$A:$A, ">="&월별!$A9, 일별!$A:$A, "<"&월별!$A10) -> 0 | AH9: =SUMIFS(일별!AF:AF, 일별!$A:$A, ">="&월별!$A9, 일별!$A:$A, "<"&월별!$A10) -> 0 | AI9: =SUMIFS(일별!AG:AG, 일별!$A:$A, ">="&월별!$A9, 일별!$A:$A, "<"&월별!$A10) -> 0 | AJ9: =SUMIFS(일별!AX:AX, 일별!$A:$A, ">="&월별!$A9, 일별!$A:$A, "<"&월별!$A10) -> 3004 | AK9: =SUMIFS(일별!AY:AY, 일별!$A:$A, ">="&월별!$A9, 일별!$A:$A, "<"&월별!$A10) -> 0 | AL9: =SUMIFS(일별!AZ:AZ, 일별!$A:$A, ">="&월별!$A9, 일별!$A:$A, "<"&월별!$A10) -> 0 | AM9: =SUMIFS(일별!BA:BA, 일별!$A:$A, ">="&월별!$A9, 일별!$A:$A, "<"&월별!$A10) -> 0 | AN9: =SUMIFS(일별!BB:BB, 일별!$A:$A, ">="&월별!$A9, 일별!$A:$A, "<"&월별!$A10) -> 0 | AO9: =SUMIFS(일별!BC:BC, 일별!$A:$A, ">="&월별!$A9, 일별!$A:$A, "<"&월별!$A10) -> 3004 | AP9: {=SUM(_xlfn._xlws.FILTER(일별!#REF!, (일별!$A:$A >= 월별!$A9) * (일별!$A:$A < 월별!$A10), 0))} -> #REF! | AQ9: =AP9/(월별!$A10 - 월별!$A9) -> #REF! | AR9: {=SUM(_xlfn._xlws.FILTER(일별!#REF!, (일별!$A:$A >= 월별!$A9) * (일별!$A:$A < 월별!$A10), 0))} -> #REF! | AS9: =AR9/(월별!$A10 - 월별!$A9) -> #REF! | AT9: {=SUM(_xlfn._xlws.FILTER(일별!#REF!, (일별!$A:$A >= 월별!$A9) * (일별!$A:$A < 월별!$A10), 0))} -> #REF! | AU9: =AT9/(월별!$A10 - 월별!$A9) -> #REF! | AV9: {=SUM(_xlfn._xlws.FILTER(일별!#REF!, (일별!$A:$A >= 월별!$A9) * (일별!$A:$A < 월별!$A10), 0))} -> #REF! | AW9: {=SUM(_xlfn._xlws.FILTER(일별!#REF!, (일별!$A:$A >= 월별!$A9) * (일별!$A:$A < 월별!$A10), 0))} -> #REF! | AX9: {=SUM(_xlfn._xlws.FILTER(일별!#REF!, (일별!$A:$A >= 월별!$A9) * (일별!$A:$A < 월별!$A10), 0))} -> #REF! | AY9: {=SUM(_xlfn._xlws.FILTER(일별!#REF!, (일별!$A:$A >= 월별!$A9) * (일별!$A:$A < 월별!$A10), 0))} -> #REF! | AZ9: {=SUM(_xlfn._xlws.FILTER(일별!#REF!, (일별!$A:$A >= 월별!$A9) * (일별!$A:$A < 월별!$A10), 0))} -> #REF! | BA9: {=SUM(_xlfn._xlws.FILTER(일별!#REF!, (일별!$A:$A >= 월별!$A9) * (일별!$A:$A < 월별!$A10), 0))} -> #REF! | BB9: {=SUM(_xlfn._xlws.FILTER(일별!#REF!, (일별!$A:$A >= 월별!$A9) * (일별!$A:$A < 월별!$A10), 0))} -> #REF! | BC9: {=SUM(_xlfn._xlws.FILTER(일별!#REF!, (일별!$A:$A >= 월별!$A9) * (일별!$A:$A < 월별!$A10), 0))} -> #REF! | ... DI9: {=SUM(_xlfn._xlws.FILTER(일별!#REF!, (일별!$A:$A >= 월별!$A9) * (일별!$A:$A < 월별!$A10), 0))} -> #REF!
A10: 45809 | B10: =SUMIFS(일별!$C:$C, 일별!$A:$A, ">="&월별!$A10, 일별!$A:$A, "<"&월별!$A11) -> 391 | C10: =B10/(월별!$A11 - 월별!$A10) -> 13.033333 | D10: =SUMIFS(일별!E:E, 일별!$A:$A, ">="&월별!$A10, 일별!$A:$A, "<"&월별!$A11) -> 1024 | E10: =D10/(월별!$A11 - 월별!$A10) -> 34.133333 | F10: =SUMIFS(일별!G:G, 일별!$A:$A, ">="&월별!$A10, 일별!$A:$A, "<"&월별!$A11) -> 916 | G10: =F10/(월별!$A11 - 월별!$A10) -> 30.533333 | H10: =D10+F10 -> 1940 | I10: =E10+G10 -> 64.666667 | J10: =SUMIFS(일별!I:I, 일별!$A:$A, ">="&월별!$A10, 일별!$A:$A, "<"&월별!$A11) -> 195.33 | K10: =J10/(월별!$A11 - 월별!$A10) -> 6.511 | L10: =SUMIFS(일별!K:K, 일별!$A:$A, ">="&월별!$A10, 일별!$A:$A, "<"&월별!$A11) -> 195.33 | M10: =L10/(월별!$A11 - 월별!$A10) -> 6.511 | N10: =SUMIFS(일별!M:M, 일별!$A:$A, ">="&월별!$A10, 일별!$A:$A, "<"&월별!$A11) -> 16.5 | O10: =N10/(월별!$A11 - 월별!$A10) -> 0.55 | P10: =SUMIFS(일별!O:O, 일별!$A:$A, ">="&월별!$A10, 일별!$A:$A, "<"&월별!$A11) -> 1072 | Q10: =P10/(월별!$A11 - 월별!$A10) -> 35.733333 | R10: =SUMIFS(일별!Q:Q, 일별!$A:$A, ">="&월별!$A10, 일별!$A:$A, "<"&월별!$A11) -> 3810 | S10: =R10/(월별!$A11 - 월별!$A10) -> 127 | T10: =SUMIFS(일별!S:S, 일별!$A:$A, ">="&월별!$A10, 일별!$A:$A, "<"&월별!$A11) -> 1.35 | U10: =T10/(월별!$A11 - 월별!$A10) -> 0.045 | V10: =SUMIFS(일별!U:U, 일별!$A:$A, ">="&월별!$A10, 일별!$A:$A, "<"&월별!$A11) -> 1.41 | W10: =V10/(월별!$A11 - 월별!$A10) -> 0.047 | X10: =SUMIFS(일별!W:W, 일별!$A:$A, ">="&월별!$A10, 일별!$A:$A, "<"&월별!$A11) -> 8685 | Y10: =X10/(월별!$A11 - 월별!$A10) -> 289.5 | Z10: =SUMIFS(일별!X:X, 일별!$A:$A, ">="&월별!$A10, 일별!$A:$A, "<"&월별!$A11) -> 0 | AA10: =SUMIFS(일별!Y:Y, 일별!$A:$A, ">="&월별!$A10, 일별!$A:$A, "<"&월별!$A11) -> 0 | AB10: =SUMIFS(일별!Z:Z, 일별!$A:$A, ">="&월별!$A10, 일별!$A:$A, "<"&월별!$A11) -> 0 | AC10: =SUMIFS(일별!AA:AA, 일별!$A:$A, ">="&월별!$A10, 일별!$A:$A, "<"&월별!$A11) -> 0 | AD10: =SUMIFS(일별!AB:AB, 일별!$A:$A, ">="&월별!$A10, 일별!$A:$A, "<"&월별!$A11) -> 0 | AE10: =SUMIFS(일별!AC:AC, 일별!$A:$A, ">="&월별!$A10, 일별!$A:$A, "<"&월별!$A11) -> 0 | AF10: =SUMIFS(일별!AD:AD, 일별!$A:$A, ">="&월별!$A10, 일별!$A:$A, "<"&월별!$A11) -> 0 | AG10: =SUMIFS(일별!AE:AE, 일별!$A:$A, ">="&월별!$A10, 일별!$A:$A, "<"&월별!$A11) -> 0 | AH10: =SUMIFS(일별!AF:AF, 일별!$A:$A, ">="&월별!$A10, 일별!$A:$A, "<"&월별!$A11) -> 0 | AI10: =SUMIFS(일별!AG:AG, 일별!$A:$A, ">="&월별!$A10, 일별!$A:$A, "<"&월별!$A11) -> 0 | AJ10: =SUMIFS(일별!AX:AX, 일별!$A:$A, ">="&월별!$A10, 일별!$A:$A, "<"&월별!$A11) -> 0 | AK10: =SUMIFS(일별!AY:AY, 일별!$A:$A, ">="&월별!$A10, 일별!$A:$A, "<"&월별!$A11) -> 0 | AL10: =SUMIFS(일별!AZ:AZ, 일별!$A:$A, ">="&월별!$A10, 일별!$A:$A, "<"&월별!$A11) -> 0 | AM10: =SUMIFS(일별!BA:BA, 일별!$A:$A, ">="&월별!$A10, 일별!$A:$A, "<"&월별!$A11) -> 0 | AN10: =SUMIFS(일별!BB:BB, 일별!$A:$A, ">="&월별!$A10, 일별!$A:$A, "<"&월별!$A11) -> 0 | AO10: =SUMIFS(일별!BC:BC, 일별!$A:$A, ">="&월별!$A10, 일별!$A:$A, "<"&월별!$A11) -> 0 | AP10: {=SUM(_xlfn._xlws.FILTER(일별!#REF!, (일별!$A:$A >= 월별!$A10) * (일별!$A:$A < 월별!$A11), 0))} -> #REF! | AQ10: =AP10/(월별!$A11 - 월별!$A10) -> #REF! | AR10: {=SUM(_xlfn._xlws.FILTER(일별!#REF!, (일별!$A:$A >= 월별!$A10) * (일별!$A:$A < 월별!$A11), 0))} -> #REF! | AS10: =AR10/(월별!$A11 - 월별!$A10) -> #REF! | AT10: {=SUM(_xlfn._xlws.FILTER(일별!#REF!, (일별!$A:$A >= 월별!$A10) * (일별!$A:$A < 월별!$A11), 0))} -> #REF! | AU10: =AT10/(월별!$A11 - 월별!$A10) -> #REF! | AV10: {=SUM(_xlfn._xlws.FILTER(일별!#REF!, (일별!$A:$A >= 월별!$A10) * (일별!$A:$A < 월별!$A11), 0))} -> #REF! | AW10: {=SUM(_xlfn._xlws.FILTER(일별!#REF!, (일별!$A:$A >= 월별!$A10) * (일별!$A:$A < 월별!$A11), 0))} -> #REF! | AX10: {=SUM(_xlfn._xlws.FILTER(일별!#REF!, (일별!$A:$A >= 월별!$A10) * (일별!$A:$A < 월별!$A11), 0))} -> #REF! | AY10: {=SUM(_xlfn._xlws.FILTER(일별!#REF!, (일별!$A:$A >= 월별!$A10) * (일별!$A:$A < 월별!$A11), 0))} -> #REF! | AZ10: {=SUM(_xlfn._xlws.FILTER(일별!#REF!, (일별!$A:$A >= 월별!$A10) * (일별!$A:$A < 월별!$A11), 0))} -> #REF! | BA10: {=SUM(_xlfn._xlws.FILTER(일별!#REF!, (일별!$A:$A >= 월별!$A10) * (일별!$A:$A < 월별!$A11), 0))} -> #REF! | BB10: {=SUM(_xlfn._xlws.FILTER(일별!#REF!, (일별!$A:$A >= 월별!$A10) * (일별!$A:$A < 월별!$A11), 0))} -> #REF! | BC10: {=SUM(_xlfn._xlws.FILTER(일별!#REF!, (일별!$A:$A >= 월별!$A10) * (일별!$A:$A < 월별!$A11), 0))} -> #REF! | ... DI10: {=SUM(_xlfn._xlws.FILTER(일별!#REF!, (일별!$A:$A >= 월별!$A10) * (일별!$A:$A < 월별!$A11), 0))} -> #REF!
A11: 45839 | B11: =SUMIFS(일별!$C:$C, 일별!$A:$A, ">="&월별!$A11, 일별!$A:$A, "<"&월별!$A12) -> 241 | C11: =B11/(월별!$A12 - 월별!$A11) -> 7.7741935 | D11: =SUMIFS(일별!E:E, 일별!$A:$A, ">="&월별!$A11, 일별!$A:$A, "<"&월별!$A12) -> 710 | E11: =D11/(월별!$A12 - 월별!$A11) -> 22.903226 | F11: =SUMIFS(일별!G:G, 일별!$A:$A, ">="&월별!$A11, 일별!$A:$A, "<"&월별!$A12) -> 789 | G11: =F11/(월별!$A12 - 월별!$A11) -> 25.451613 | H11: =D11+F11 -> 1499 | I11: =E11+G11 -> 48.354839 | J11: =SUMIFS(일별!I:I, 일별!$A:$A, ">="&월별!$A11, 일별!$A:$A, "<"&월별!$A12) -> 755.67 | K11: =J11/(월별!$A12 - 월별!$A11) -> 24.376452 | L11: =SUMIFS(일별!K:K, 일별!$A:$A, ">="&월별!$A11, 일별!$A:$A, "<"&월별!$A12) -> 755.67 | M11: =L11/(월별!$A12 - 월별!$A11) -> 24.376452 | N11: =SUMIFS(일별!M:M, 일별!$A:$A, ">="&월별!$A11, 일별!$A:$A, "<"&월별!$A12) -> 17 | O11: =N11/(월별!$A12 - 월별!$A11) -> 0.5483871 | P11: =SUMIFS(일별!O:O, 일별!$A:$A, ">="&월별!$A11, 일별!$A:$A, "<"&월별!$A12) -> 1388 | Q11: =P11/(월별!$A12 - 월별!$A11) -> 44.774194 | R11: =SUMIFS(일별!Q:Q, 일별!$A:$A, ">="&월별!$A11, 일별!$A:$A, "<"&월별!$A12) -> 3218 | S11: =R11/(월별!$A12 - 월별!$A11) -> 103.80645 | T11: =SUMIFS(일별!S:S, 일별!$A:$A, ">="&월별!$A11, 일별!$A:$A, "<"&월별!$A12) -> 0.18 | U11: =T11/(월별!$A12 - 월별!$A11) -> 0.0058064516 | V11: =SUMIFS(일별!U:U, 일별!$A:$A, ">="&월별!$A11, 일별!$A:$A, "<"&월별!$A12) -> -0.2 | W11: =V11/(월별!$A12 - 월별!$A11) -> -0.0064516129 | X11: =SUMIFS(일별!W:W, 일별!$A:$A, ">="&월별!$A11, 일별!$A:$A, "<"&월별!$A12) -> -188 | Y11: =X11/(월별!$A12 - 월별!$A11) -> -6.0645161 | Z11: =SUMIFS(일별!X:X, 일별!$A:$A, ">="&월별!$A11, 일별!$A:$A, "<"&월별!$A12) -> 168601.71 | AA11: =SUMIFS(일별!Y:Y, 일별!$A:$A, ">="&월별!$A11, 일별!$A:$A, "<"&월별!$A12) -> 0 | AB11: =SUMIFS(일별!Z:Z, 일별!$A:$A, ">="&월별!$A11, 일별!$A:$A, "<"&월별!$A12) -> 0 | AC11: =SUMIFS(일별!AA:AA, 일별!$A:$A, ">="&월별!$A11, 일별!$A:$A, "<"&월별!$A12) -> 0 | AD11: =SUMIFS(일별!AB:AB, 일별!$A:$A, ">="&월별!$A11, 일별!$A:$A, "<"&월별!$A12) -> 0 | AE11: =SUMIFS(일별!AC:AC, 일별!$A:$A, ">="&월별!$A11, 일별!$A:$A, "<"&월별!$A12) -> 0 | AF11: =SUMIFS(일별!AD:AD, 일별!$A:$A, ">="&월별!$A11, 일별!$A:$A, "<"&월별!$A12) -> 71 | AG11: =SUMIFS(일별!AE:AE, 일별!$A:$A, ">="&월별!$A11, 일별!$A:$A, "<"&월별!$A12) -> 0 | AH11: =SUMIFS(일별!AF:AF, 일별!$A:$A, ">="&월별!$A11, 일별!$A:$A, "<"&월별!$A12) -> 0 | AI11: =SUMIFS(일별!AG:AG, 일별!$A:$A, ">="&월별!$A11, 일별!$A:$A, "<"&월별!$A12) -> 0 | AJ11: =SUMIFS(일별!AX:AX, 일별!$A:$A, ">="&월별!$A11, 일별!$A:$A, "<"&월별!$A12) -> 1063 | AK11: =SUMIFS(일별!AY:AY, 일별!$A:$A, ">="&월별!$A11, 일별!$A:$A, "<"&월별!$A12) -> 0 | AL11: =SUMIFS(일별!AZ:AZ, 일별!$A:$A, ">="&월별!$A11, 일별!$A:$A, "<"&월별!$A12) -> 0 | AM11: =SUMIFS(일별!BA:BA, 일별!$A:$A, ">="&월별!$A11, 일별!$A:$A, "<"&월별!$A12) -> 0 | AN11: =SUMIFS(일별!BB:BB, 일별!$A:$A, ">="&월별!$A11, 일별!$A:$A, "<"&월별!$A12) -> 0 | AO11: =SUMIFS(일별!BC:BC, 일별!$A:$A, ">="&월별!$A11, 일별!$A:$A, "<"&월별!$A12) -> 1063 | AP11: {=SUM(_xlfn._xlws.FILTER(일별!#REF!, (일별!$A:$A >= 월별!$A11) * (일별!$A:$A < 월별!$A12), 0))} -> #REF! | AQ11: =AP11/(월별!$A12 - 월별!$A11) -> #REF! | AR11: {=SUM(_xlfn._xlws.FILTER(일별!#REF!, (일별!$A:$A >= 월별!$A11) * (일별!$A:$A < 월별!$A12), 0))} -> #REF! | AS11: =AR11/(월별!$A12 - 월별!$A11) -> #REF! | AT11: {=SUM(_xlfn._xlws.FILTER(일별!#REF!, (일별!$A:$A >= 월별!$A11) * (일별!$A:$A < 월별!$A12), 0))} -> #REF! | AU11: =AT11/(월별!$A12 - 월별!$A11) -> #REF! | AV11: {=SUM(_xlfn._xlws.FILTER(일별!#REF!, (일별!$A:$A >= 월별!$A11) * (일별!$A:$A < 월별!$A12), 0))} -> #REF! | AW11: {=SUM(_xlfn._xlws.FILTER(일별!#REF!, (일별!$A:$A >= 월별!$A11) * (일별!$A:$A < 월별!$A12), 0))} -> #REF! | AX11: {=SUM(_xlfn._xlws.FILTER(일별!#REF!, (일별!$A:$A >= 월별!$A11) * (일별!$A:$A < 월별!$A12), 0))} -> #REF! | AY11: {=SUM(_xlfn._xlws.FILTER(일별!#REF!, (일별!$A:$A >= 월별!$A11) * (일별!$A:$A < 월별!$A12), 0))} -> #REF! | AZ11: {=SUM(_xlfn._xlws.FILTER(일별!#REF!, (일별!$A:$A >= 월별!$A11) * (일별!$A:$A < 월별!$A12), 0))} -> #REF! | BA11: {=SUM(_xlfn._xlws.FILTER(일별!#REF!, (일별!$A:$A >= 월별!$A11) * (일별!$A:$A < 월별!$A12), 0))} -> #REF! | BB11: {=SUM(_xlfn._xlws.FILTER(일별!#REF!, (일별!$A:$A >= 월별!$A11) * (일별!$A:$A < 월별!$A12), 0))} -> #REF! | BC11: {=SUM(_xlfn._xlws.FILTER(일별!#REF!, (일별!$A:$A >= 월별!$A11) * (일별!$A:$A < 월별!$A12), 0))} -> #REF! | ... DI11: {=SUM(_xlfn._xlws.FILTER(일별!#REF!, (일별!$A:$A >= 월별!$A11) * (일별!$A:$A < 월별!$A12), 0))} -> #REF!
A12: 45870 | B12: =SUMIFS(일별!$C:$C, 일별!$A:$A, ">="&월별!$A12, 일별!$A:$A, "<"&월별!$A13) -> 614 | C12: =B12/(월별!$A13 - 월별!$A12) -> 19.806452 | D12: =SUMIFS(일별!E:E, 일별!$A:$A, ">="&월별!$A12, 일별!$A:$A, "<"&월별!$A13) -> 1896 | E12: =D12/(월별!$A13 - 월별!$A12) -> 61.16129 | F12: =SUMIFS(일별!G:G, 일별!$A:$A, ">="&월별!$A12, 일별!$A:$A, "<"&월별!$A13) -> 1480 | G12: =F12/(월별!$A13 - 월별!$A12) -> 47.741935 | H12: =D12+F12 -> 3376 | I12: =E12+G12 -> 108.90323 | J12: =SUMIFS(일별!I:I, 일별!$A:$A, ">="&월별!$A12, 일별!$A:$A, "<"&월별!$A13) -> 610.92 | K12: =J12/(월별!$A13 - 월별!$A12) -> 19.707097 | L12: =SUMIFS(일별!K:K, 일별!$A:$A, ">="&월별!$A12, 일별!$A:$A, "<"&월별!$A13) -> 610.92 | M12: =L12/(월별!$A13 - 월별!$A12) -> 19.707097 | N12: =SUMIFS(일별!M:M, 일별!$A:$A, ">="&월별!$A12, 일별!$A:$A, "<"&월별!$A13) -> 18.5 | O12: =N12/(월별!$A13 - 월별!$A12) -> 0.59677419 | P12: =SUMIFS(일별!O:O, 일별!$A:$A, ">="&월별!$A12, 일별!$A:$A, "<"&월별!$A13) -> 1527 | Q12: =P12/(월별!$A13 - 월별!$A12) -> 49.258065 | R12: =SUMIFS(일별!Q:Q, 일별!$A:$A, ">="&월별!$A12, 일별!$A:$A, "<"&월별!$A13) -> 4819 | S12: =R12/(월별!$A13 - 월별!$A12) -> 155.45161 | T12: =SUMIFS(일별!S:S, 일별!$A:$A, ">="&월별!$A12, 일별!$A:$A, "<"&월별!$A13) -> -2.37 | U12: =T12/(월별!$A13 - 월별!$A12) -> -0.076451613 | V12: =SUMIFS(일별!U:U, 일별!$A:$A, ">="&월별!$A12, 일별!$A:$A, "<"&월별!$A13) -> -2.19 | W12: =V12/(월별!$A13 - 월별!$A12) -> -0.070645161 | X12: =SUMIFS(일별!W:W, 일별!$A:$A, ">="&월별!$A12, 일별!$A:$A, "<"&월별!$A13) -> -432 | Y12: =X12/(월별!$A13 - 월별!$A12) -> -13.935484 | Z12: =SUMIFS(일별!X:X, 일별!$A:$A, ">="&월별!$A12, 일별!$A:$A, "<"&월별!$A13) -> 134591.6 | AA12: =SUMIFS(일별!Y:Y, 일별!$A:$A, ">="&월별!$A12, 일별!$A:$A, "<"&월별!$A13) -> 0 | AB12: =SUMIFS(일별!Z:Z, 일별!$A:$A, ">="&월별!$A12, 일별!$A:$A, "<"&월별!$A13) -> 0 | AC12: =SUMIFS(일별!AA:AA, 일별!$A:$A, ">="&월별!$A12, 일별!$A:$A, "<"&월별!$A13) -> 0 | AD12: =SUMIFS(일별!AB:AB, 일별!$A:$A, ">="&월별!$A12, 일별!$A:$A, "<"&월별!$A13) -> 0 | AE12: =SUMIFS(일별!AC:AC, 일별!$A:$A, ">="&월별!$A12, 일별!$A:$A, "<"&월별!$A13) -> 0 | AF12: =SUMIFS(일별!AD:AD, 일별!$A:$A, ">="&월별!$A12, 일별!$A:$A, "<"&월별!$A13) -> 57 | AG12: =SUMIFS(일별!AE:AE, 일별!$A:$A, ">="&월별!$A12, 일별!$A:$A, "<"&월별!$A13) -> 0 | AH12: =SUMIFS(일별!AF:AF, 일별!$A:$A, ">="&월별!$A12, 일별!$A:$A, "<"&월별!$A13) -> 0 | AI12: =SUMIFS(일별!AG:AG, 일별!$A:$A, ">="&월별!$A12, 일별!$A:$A, "<"&월별!$A13) -> 0 | AJ12: =SUMIFS(일별!AX:AX, 일별!$A:$A, ">="&월별!$A12, 일별!$A:$A, "<"&월별!$A13) -> 840 | AK12: =SUMIFS(일별!AY:AY, 일별!$A:$A, ">="&월별!$A12, 일별!$A:$A, "<"&월별!$A13) -> 0 | AL12: =SUMIFS(일별!AZ:AZ, 일별!$A:$A, ">="&월별!$A12, 일별!$A:$A, "<"&월별!$A13) -> 0 | AM12: =SUMIFS(일별!BA:BA, 일별!$A:$A, ">="&월별!$A12, 일별!$A:$A, "<"&월별!$A13) -> 0 | AN12: =SUMIFS(일별!BB:BB, 일별!$A:$A, ">="&월별!$A12, 일별!$A:$A, "<"&월별!$A13) -> 0 | AO12: =SUMIFS(일별!BC:BC, 일별!$A:$A, ">="&월별!$A12, 일별!$A:$A, "<"&월별!$A13) -> 840 | AP12: {=SUM(_xlfn._xlws.FILTER(일별!#REF!, (일별!$A:$A >= 월별!$A12) * (일별!$A:$A < 월별!$A13), 0))} -> #REF! | AQ12: =AP12/(월별!$A13 - 월별!$A12) -> #REF! | AR12: {=SUM(_xlfn._xlws.FILTER(일별!#REF!, (일별!$A:$A >= 월별!$A12) * (일별!$A:$A < 월별!$A13), 0))} -> #REF! | AS12: =AR12/(월별!$A13 - 월별!$A12) -> #REF! | AT12: {=SUM(_xlfn._xlws.FILTER(일별!#REF!, (일별!$A:$A >= 월별!$A12) * (일별!$A:$A < 월별!$A13), 0))} -> #REF! | AU12: =AT12/(월별!$A13 - 월별!$A12) -> #REF! | AV12: {=SUM(_xlfn._xlws.FILTER(일별!#REF!, (일별!$A:$A >= 월별!$A12) * (일별!$A:$A < 월별!$A13), 0))} -> #REF! | AW12: {=SUM(_xlfn._xlws.FILTER(일별!#REF!, (일별!$A:$A >= 월별!$A12) * (일별!$A:$A < 월별!$A13), 0))} -> #REF! | AX12: {=SUM(_xlfn._xlws.FILTER(일별!#REF!, (일별!$A:$A >= 월별!$A12) * (일별!$A:$A < 월별!$A13), 0))} -> #REF! | AY12: {=SUM(_xlfn._xlws.FILTER(일별!#REF!, (일별!$A:$A >= 월별!$A12) * (일별!$A:$A < 월별!$A13), 0))} -> #REF! | AZ12: {=SUM(_xlfn._xlws.FILTER(일별!#REF!, (일별!$A:$A >= 월별!$A12) * (일별!$A:$A < 월별!$A13), 0))} -> #REF! | BA12: {=SUM(_xlfn._xlws.FILTER(일별!#REF!, (일별!$A:$A >= 월별!$A12) * (일별!$A:$A < 월별!$A13), 0))} -> #REF! | BB12: {=SUM(_xlfn._xlws.FILTER(일별!#REF!, (일별!$A:$A >= 월별!$A12) * (일별!$A:$A < 월별!$A13), 0))} -> #REF! | BC12: {=SUM(_xlfn._xlws.FILTER(일별!#REF!, (일별!$A:$A >= 월별!$A12) * (일별!$A:$A < 월별!$A13), 0))} -> #REF! | ... DI12: {=SUM(_xlfn._xlws.FILTER(일별!#REF!, (일별!$A:$A >= 월별!$A12) * (일별!$A:$A < 월별!$A13), 0))} -> #REF!
A13: 45901 | B13: =SUMIFS(일별!$C:$C, 일별!$A:$A, ">="&월별!$A13, 일별!$A:$A, "<"&월별!$A14) -> 567 | C13: =B13/(월별!$A14 - 월별!$A13) -> 18.9 | D13: =SUMIFS(일별!E:E, 일별!$A:$A, ">="&월별!$A13, 일별!$A:$A, "<"&월별!$A14) -> 2322 | E13: =D13/(월별!$A14 - 월별!$A13) -> 77.4 | F13: =SUMIFS(일별!G:G, 일별!$A:$A, ">="&월별!$A13, 일별!$A:$A, "<"&월별!$A14) -> 2115 | G13: =F13/(월별!$A14 - 월별!$A13) -> 70.5 | H13: =D13+F13 -> 4437 | I13: =E13+G13 -> 147.9 | J13: =SUMIFS(일별!I:I, 일별!$A:$A, ">="&월별!$A13, 일별!$A:$A, "<"&월별!$A14) -> 547.08 | K13: =J13/(월별!$A14 - 월별!$A13) -> 18.236 | L13: =SUMIFS(일별!K:K, 일별!$A:$A, ">="&월별!$A13, 일별!$A:$A, "<"&월별!$A14) -> 547.08 | M13: =L13/(월별!$A14 - 월별!$A13) -> 18.236 | N13: =SUMIFS(일별!M:M, 일별!$A:$A, ">="&월별!$A13, 일별!$A:$A, "<"&월별!$A14) -> 32.2 | O13: =N13/(월별!$A14 - 월별!$A13) -> 1.0733333 | P13: =SUMIFS(일별!O:O, 일별!$A:$A, ">="&월별!$A13, 일별!$A:$A, "<"&월별!$A14) -> 3136 | Q13: =P13/(월별!$A14 - 월별!$A13) -> 104.53333 | R13: =SUMIFS(일별!Q:Q, 일별!$A:$A, ">="&월별!$A13, 일별!$A:$A, "<"&월별!$A14) -> -283026 | S13: =R13/(월별!$A14 - 월별!$A13) -> -9434.2 | T13: =SUMIFS(일별!S:S, 일별!$A:$A, ">="&월별!$A13, 일별!$A:$A, "<"&월별!$A14) -> 2.4 | U13: =T13/(월별!$A14 - 월별!$A13) -> 0.08 | V13: =SUMIFS(일별!U:U, 일별!$A:$A, ">="&월별!$A13, 일별!$A:$A, "<"&월별!$A14) -> 2.49 | W13: =V13/(월별!$A14 - 월별!$A13) -> 0.083 | X13: =SUMIFS(일별!W:W, 일별!$A:$A, ">="&월별!$A13, 일별!$A:$A, "<"&월별!$A14) -> 585 | Y13: =X13/(월별!$A14 - 월별!$A13) -> 19.5 | Z13: =SUMIFS(일별!X:X, 일별!$A:$A, ">="&월별!$A13, 일별!$A:$A, "<"&월별!$A14) -> 20142.37 | AA13: =SUMIFS(일별!Y:Y, 일별!$A:$A, ">="&월별!$A13, 일별!$A:$A, "<"&월별!$A14) -> 0 | AB13: =SUMIFS(일별!Z:Z, 일별!$A:$A, ">="&월별!$A13, 일별!$A:$A, "<"&월별!$A14) -> 0 | AC13: =SUMIFS(일별!AA:AA, 일별!$A:$A, ">="&월별!$A13, 일별!$A:$A, "<"&월별!$A14) -> 0 | AD13: =SUMIFS(일별!AB:AB, 일별!$A:$A, ">="&월별!$A13, 일별!$A:$A, "<"&월별!$A14) -> 0 | AE13: =SUMIFS(일별!AC:AC, 일별!$A:$A, ">="&월별!$A13, 일별!$A:$A, "<"&월별!$A14) -> 0 | AF13: =SUMIFS(일별!AD:AD, 일별!$A:$A, ">="&월별!$A13, 일별!$A:$A, "<"&월별!$A14) -> 11 | AG13: =SUMIFS(일별!AE:AE, 일별!$A:$A, ">="&월별!$A13, 일별!$A:$A, "<"&월별!$A14) -> 0 | AH13: =SUMIFS(일별!AF:AF, 일별!$A:$A, ">="&월별!$A13, 일별!$A:$A, "<"&월별!$A14) -> 0 | AI13: =SUMIFS(일별!AG:AG, 일별!$A:$A, ">="&월별!$A13, 일별!$A:$A, "<"&월별!$A14) -> 0 | AJ13: =SUMIFS(일별!AX:AX, 일별!$A:$A, ">="&월별!$A13, 일별!$A:$A, "<"&월별!$A14) -> 115 | AK13: =SUMIFS(일별!AY:AY, 일별!$A:$A, ">="&월별!$A13, 일별!$A:$A, "<"&월별!$A14) -> 0 | AL13: =SUMIFS(일별!AZ:AZ, 일별!$A:$A, ">="&월별!$A13, 일별!$A:$A, "<"&월별!$A14) -> 0 | AM13: =SUMIFS(일별!BA:BA, 일별!$A:$A, ">="&월별!$A13, 일별!$A:$A, "<"&월별!$A14) -> 0 | AN13: =SUMIFS(일별!BB:BB, 일별!$A:$A, ">="&월별!$A13, 일별!$A:$A, "<"&월별!$A14) -> 0 | AO13: =SUMIFS(일별!BC:BC, 일별!$A:$A, ">="&월별!$A13, 일별!$A:$A, "<"&월별!$A14) -> 115 | AP13: {=SUM(_xlfn._xlws.FILTER(일별!#REF!, (일별!$A:$A >= 월별!$A13) * (일별!$A:$A < 월별!$A14), 0))} -> #REF! | AQ13: =AP13/(월별!$A14 - 월별!$A13) -> #REF! | AR13: {=SUM(_xlfn._xlws.FILTER(일별!#REF!, (일별!$A:$A >= 월별!$A13) * (일별!$A:$A < 월별!$A14), 0))} -> #REF! | AS13: =AR13/(월별!$A14 - 월별!$A13) -> #REF! | AT13: {=SUM(_xlfn._xlws.FILTER(일별!#REF!, (일별!$A:$A >= 월별!$A13) * (일별!$A:$A < 월별!$A14), 0))} -> #REF! | AU13: =AT13/(월별!$A14 - 월별!$A13) -> #REF! | AV13: {=SUM(_xlfn._xlws.FILTER(일별!#REF!, (일별!$A:$A >= 월별!$A13) * (일별!$A:$A < 월별!$A14), 0))} -> #REF! | AW13: {=SUM(_xlfn._xlws.FILTER(일별!#REF!, (일별!$A:$A >= 월별!$A13) * (일별!$A:$A < 월별!$A14), 0))} -> #REF! | AX13: {=SUM(_xlfn._xlws.FILTER(일별!#REF!, (일별!$A:$A >= 월별!$A13) * (일별!$A:$A < 월별!$A14), 0))} -> #REF! | AY13: {=SUM(_xlfn._xlws.FILTER(일별!#REF!, (일별!$A:$A >= 월별!$A13) * (일별!$A:$A < 월별!$A14), 0))} -> #REF! | AZ13: {=SUM(_xlfn._xlws.FILTER(일별!#REF!, (일별!$A:$A >= 월별!$A13) * (일별!$A:$A < 월별!$A14), 0))} -> #REF! | BA13: {=SUM(_xlfn._xlws.FILTER(일별!#REF!, (일별!$A:$A >= 월별!$A13) * (일별!$A:$A < 월별!$A14), 0))} -> #REF! | BB13: {=SUM(_xlfn._xlws.FILTER(일별!#REF!, (일별!$A:$A >= 월별!$A13) * (일별!$A:$A < 월별!$A14), 0))} -> #REF! | BC13: {=SUM(_xlfn._xlws.FILTER(일별!#REF!, (일별!$A:$A >= 월별!$A13) * (일별!$A:$A < 월별!$A14), 0))} -> #REF! | ... DI13: {=SUM(_xlfn._xlws.FILTER(일별!#REF!, (일별!$A:$A >= 월별!$A13) * (일별!$A:$A < 월별!$A14), 0))} -> #REF!
A14: 45931 | B14: =SUMIFS(일별!$C:$C, 일별!$A:$A, ">="&월별!$A14, 일별!$A:$A, "<"&월별!$A15) -> 210 | C14: =B14/(월별!$A15 - 월별!$A14) -> 6.7741935 | D14: =SUMIFS(일별!E:E, 일별!$A:$A, ">="&월별!$A14, 일별!$A:$A, "<"&월별!$A15) -> 1254 | E14: =D14/(월별!$A15 - 월별!$A14) -> 40.451613 | F14: =SUMIFS(일별!G:G, 일별!$A:$A, ">="&월별!$A14, 일별!$A:$A, "<"&월별!$A15) -> 981 | G14: =F14/(월별!$A15 - 월별!$A14) -> 31.645161 | H14: =D14+F14 -> 2235 | I14: =E14+G14 -> 72.096774 | J14: =SUMIFS(일별!I:I, 일별!$A:$A, ">="&월별!$A14, 일별!$A:$A, "<"&월별!$A15) -> 124.12 | K14: =J14/(월별!$A15 - 월별!$A14) -> 4.003871 | L14: =SUMIFS(일별!K:K, 일별!$A:$A, ">="&월별!$A14, 일별!$A:$A, "<"&월별!$A15) -> 124.12 | M14: =L14/(월별!$A15 - 월별!$A14) -> 4.003871 | N14: =SUMIFS(일별!M:M, 일별!$A:$A, ">="&월별!$A14, 일별!$A:$A, "<"&월별!$A15) -> 27.3 | O14: =N14/(월별!$A15 - 월별!$A14) -> 0.88064516 | P14: =SUMIFS(일별!O:O, 일별!$A:$A, ">="&월별!$A14, 일별!$A:$A, "<"&월별!$A15) -> 2907 | Q14: =P14/(월별!$A15 - 월별!$A14) -> 93.774194 | R14: =SUMIFS(일별!Q:Q, 일별!$A:$A, ">="&월별!$A14, 일별!$A:$A, "<"&월별!$A15) -> 2860 | S14: =R14/(월별!$A15 - 월별!$A14) -> 92.258065 | T14: =SUMIFS(일별!S:S, 일별!$A:$A, ">="&월별!$A14, 일별!$A:$A, "<"&월별!$A15) -> 0.06 | U14: =T14/(월별!$A15 - 월별!$A14) -> 0.0019354839 | V14: =SUMIFS(일별!U:U, 일별!$A:$A, ">="&월별!$A14, 일별!$A:$A, "<"&월별!$A15) -> -0.41 | W14: =V14/(월별!$A15 - 월별!$A14) -> -0.013225806 | X14: =SUMIFS(일별!W:W, 일별!$A:$A, ">="&월별!$A14, 일별!$A:$A, "<"&월별!$A15) -> -3816 | Y14: =X14/(월별!$A15 - 월별!$A14) -> -123.09677 | Z14: =SUMIFS(일별!X:X, 일별!$A:$A, ">="&월별!$A14, 일별!$A:$A, "<"&월별!$A15) -> 53261.56 | AA14: =SUMIFS(일별!Y:Y, 일별!$A:$A, ">="&월별!$A14, 일별!$A:$A, "<"&월별!$A15) -> 0 | AB14: =SUMIFS(일별!Z:Z, 일별!$A:$A, ">="&월별!$A14, 일별!$A:$A, "<"&월별!$A15) -> 0 | AC14: =SUMIFS(일별!AA:AA, 일별!$A:$A, ">="&월별!$A14, 일별!$A:$A, "<"&월별!$A15) -> 0 | AD14: =SUMIFS(일별!AB:AB, 일별!$A:$A, ">="&월별!$A14, 일별!$A:$A, "<"&월별!$A15) -> 0 | AE14: =SUMIFS(일별!AC:AC, 일별!$A:$A, ">="&월별!$A14, 일별!$A:$A, "<"&월별!$A15) -> 0 | AF14: =SUMIFS(일별!AD:AD, 일별!$A:$A, ">="&월별!$A14, 일별!$A:$A, "<"&월별!$A15) -> 14 | AG14: =SUMIFS(일별!AE:AE, 일별!$A:$A, ">="&월별!$A14, 일별!$A:$A, "<"&월별!$A15) -> 0 | AH14: =SUMIFS(일별!AF:AF, 일별!$A:$A, ">="&월별!$A14, 일별!$A:$A, "<"&월별!$A15) -> 0 | AI14: =SUMIFS(일별!AG:AG, 일별!$A:$A, ">="&월별!$A14, 일별!$A:$A, "<"&월별!$A15) -> 0 | AJ14: =SUMIFS(일별!AX:AX, 일별!$A:$A, ">="&월별!$A14, 일별!$A:$A, "<"&월별!$A15) -> 313 | AK14: =SUMIFS(일별!AY:AY, 일별!$A:$A, ">="&월별!$A14, 일별!$A:$A, "<"&월별!$A15) -> 0 | AL14: =SUMIFS(일별!AZ:AZ, 일별!$A:$A, ">="&월별!$A14, 일별!$A:$A, "<"&월별!$A15) -> 0 | AM14: =SUMIFS(일별!BA:BA, 일별!$A:$A, ">="&월별!$A14, 일별!$A:$A, "<"&월별!$A15) -> 0 | AN14: =SUMIFS(일별!BB:BB, 일별!$A:$A, ">="&월별!$A14, 일별!$A:$A, "<"&월별!$A15) -> 0 | AO14: =SUMIFS(일별!BC:BC, 일별!$A:$A, ">="&월별!$A14, 일별!$A:$A, "<"&월별!$A15) -> 313 | AP14: {=SUM(_xlfn._xlws.FILTER(일별!#REF!, (일별!$A:$A >= 월별!$A14) * (일별!$A:$A < 월별!$A15), 0))} -> #REF! | AQ14: =AP14/(월별!$A15 - 월별!$A14) -> #REF! | AR14: {=SUM(_xlfn._xlws.FILTER(일별!#REF!, (일별!$A:$A >= 월별!$A14) * (일별!$A:$A < 월별!$A15), 0))} -> #REF! | AS14: =AR14/(월별!$A15 - 월별!$A14) -> #REF! | AT14: {=SUM(_xlfn._xlws.FILTER(일별!#REF!, (일별!$A:$A >= 월별!$A14) * (일별!$A:$A < 월별!$A15), 0))} -> #REF! | AU14: =AT14/(월별!$A15 - 월별!$A14) -> #REF! | AV14: {=SUM(_xlfn._xlws.FILTER(일별!#REF!, (일별!$A:$A >= 월별!$A14) * (일별!$A:$A < 월별!$A15), 0))} -> #REF! | AW14: {=SUM(_xlfn._xlws.FILTER(일별!#REF!, (일별!$A:$A >= 월별!$A14) * (일별!$A:$A < 월별!$A15), 0))} -> #REF! | AX14: {=SUM(_xlfn._xlws.FILTER(일별!#REF!, (일별!$A:$A >= 월별!$A14) * (일별!$A:$A < 월별!$A15), 0))} -> #REF! | AY14: {=SUM(_xlfn._xlws.FILTER(일별!#REF!, (일별!$A:$A >= 월별!$A14) * (일별!$A:$A < 월별!$A15), 0))} -> #REF! | AZ14: {=SUM(_xlfn._xlws.FILTER(일별!#REF!, (일별!$A:$A >= 월별!$A14) * (일별!$A:$A < 월별!$A15), 0))} -> #REF! | BA14: {=SUM(_xlfn._xlws.FILTER(일별!#REF!, (일별!$A:$A >= 월별!$A14) * (일별!$A:$A < 월별!$A15), 0))} -> #REF! | BB14: {=SUM(_xlfn._xlws.FILTER(일별!#REF!, (일별!$A:$A >= 월별!$A14) * (일별!$A:$A < 월별!$A15), 0))} -> #REF! | BC14: {=SUM(_xlfn._xlws.FILTER(일별!#REF!, (일별!$A:$A >= 월별!$A14) * (일별!$A:$A < 월별!$A15), 0))} -> #REF! | ... DI14: {=SUM(_xlfn._xlws.FILTER(일별!#REF!, (일별!$A:$A >= 월별!$A14) * (일별!$A:$A < 월별!$A15), 0))} -> #REF!
A15: 45962 | B15: =SUMIFS(일별!$C:$C, 일별!$A:$A, ">="&월별!$A15, 일별!$A:$A, "<"&월별!$A16) -> 251 | C15: =B15/(월별!$A16 - 월별!$A15) -> 8.3666667 | D15: =SUMIFS(일별!E:E, 일별!$A:$A, ">="&월별!$A15, 일별!$A:$A, "<"&월별!$A16) -> 1617 | E15: =D15/(월별!$A16 - 월별!$A15) -> 53.9 | F15: =SUMIFS(일별!G:G, 일별!$A:$A, ">="&월별!$A15, 일별!$A:$A, "<"&월별!$A16) -> 1136 | G15: =F15/(월별!$A16 - 월별!$A15) -> 37.866667 | H15: =D15+F15 -> 2753 | I15: =E15+G15 -> 91.766667 | J15: =SUMIFS(일별!I:I, 일별!$A:$A, ">="&월별!$A15, 일별!$A:$A, "<"&월별!$A16) -> 150.71 | K15: =J15/(월별!$A16 - 월별!$A15) -> 5.0236667 | L15: =SUMIFS(일별!K:K, 일별!$A:$A, ">="&월별!$A15, 일별!$A:$A, "<"&월별!$A16) -> 150.71 | M15: =L15/(월별!$A16 - 월별!$A15) -> 5.0236667 | N15: =SUMIFS(일별!M:M, 일별!$A:$A, ">="&월별!$A15, 일별!$A:$A, "<"&월별!$A16) -> 29.2 | O15: =N15/(월별!$A16 - 월별!$A15) -> 0.97333333 | P15: =SUMIFS(일별!O:O, 일별!$A:$A, ">="&월별!$A15, 일별!$A:$A, "<"&월별!$A16) -> 2996 | Q15: =P15/(월별!$A16 - 월별!$A15) -> 99.866667 | R15: =SUMIFS(일별!Q:Q, 일별!$A:$A, ">="&월별!$A15, 일별!$A:$A, "<"&월별!$A16) -> 4193 | S15: =R15/(월별!$A16 - 월별!$A15) -> 139.76667 | T15: =SUMIFS(일별!S:S, 일별!$A:$A, ">="&월별!$A15, 일별!$A:$A, "<"&월별!$A16) -> -0.24 | U15: =T15/(월별!$A16 - 월별!$A15) -> -0.008 | V15: =SUMIFS(일별!U:U, 일별!$A:$A, ">="&월별!$A15, 일별!$A:$A, "<"&월별!$A16) -> 0 | W15: =V15/(월별!$A16 - 월별!$A15) -> 0 | X15: =SUMIFS(일별!W:W, 일별!$A:$A, ">="&월별!$A15, 일별!$A:$A, "<"&월별!$A16) -> 3408 | Y15: =X15/(월별!$A16 - 월별!$A15) -> 113.6 | Z15: =SUMIFS(일별!X:X, 일별!$A:$A, ">="&월별!$A15, 일별!$A:$A, "<"&월별!$A16) -> 1253170.9 | AA15: =SUMIFS(일별!Y:Y, 일별!$A:$A, ">="&월별!$A15, 일별!$A:$A, "<"&월별!$A16) -> 0 | AB15: =SUMIFS(일별!Z:Z, 일별!$A:$A, ">="&월별!$A15, 일별!$A:$A, "<"&월별!$A16) -> 0 | AC15: =SUMIFS(일별!AA:AA, 일별!$A:$A, ">="&월별!$A15, 일별!$A:$A, "<"&월별!$A16) -> 0 | AD15: =SUMIFS(일별!AB:AB, 일별!$A:$A, ">="&월별!$A15, 일별!$A:$A, "<"&월별!$A16) -> 0 | AE15: =SUMIFS(일별!AC:AC, 일별!$A:$A, ">="&월별!$A15, 일별!$A:$A, "<"&월별!$A16) -> 0 | AF15: =SUMIFS(일별!AD:AD, 일별!$A:$A, ">="&월별!$A15, 일별!$A:$A, "<"&월별!$A16) -> 189 | AG15: =SUMIFS(일별!AE:AE, 일별!$A:$A, ">="&월별!$A15, 일별!$A:$A, "<"&월별!$A16) -> 0 | AH15: =SUMIFS(일별!AF:AF, 일별!$A:$A, ">="&월별!$A15, 일별!$A:$A, "<"&월별!$A16) -> 0 | AI15: =SUMIFS(일별!AG:AG, 일별!$A:$A, ">="&월별!$A15, 일별!$A:$A, "<"&월별!$A16) -> 0 | AJ15: =SUMIFS(일별!AX:AX, 일별!$A:$A, ">="&월별!$A15, 일별!$A:$A, "<"&월별!$A16) -> 7865 | AK15: =SUMIFS(일별!AY:AY, 일별!$A:$A, ">="&월별!$A15, 일별!$A:$A, "<"&월별!$A16) -> 0 | AL15: =SUMIFS(일별!AZ:AZ, 일별!$A:$A, ">="&월별!$A15, 일별!$A:$A, "<"&월별!$A16) -> 0 | AM15: =SUMIFS(일별!BA:BA, 일별!$A:$A, ">="&월별!$A15, 일별!$A:$A, "<"&월별!$A16) -> 0 | AN15: =SUMIFS(일별!BB:BB, 일별!$A:$A, ">="&월별!$A15, 일별!$A:$A, "<"&월별!$A16) -> 0 | AO15: =SUMIFS(일별!BC:BC, 일별!$A:$A, ">="&월별!$A15, 일별!$A:$A, "<"&월별!$A16) -> 7865 | AP15: {=SUM(_xlfn._xlws.FILTER(일별!#REF!, (일별!$A:$A >= 월별!$A15) * (일별!$A:$A < 월별!$A16), 0))} -> #REF! | AQ15: =AP15/(월별!$A16 - 월별!$A15) -> #REF! | AR15: {=SUM(_xlfn._xlws.FILTER(일별!#REF!, (일별!$A:$A >= 월별!$A15) * (일별!$A:$A < 월별!$A16), 0))} -> #REF! | AS15: =AR15/(월별!$A16 - 월별!$A15) -> #REF! | AT15: {=SUM(_xlfn._xlws.FILTER(일별!#REF!, (일별!$A:$A >= 월별!$A15) * (일별!$A:$A < 월별!$A16), 0))} -> #REF! | AU15: =AT15/(월별!$A16 - 월별!$A15) -> #REF! | AV15: {=SUM(_xlfn._xlws.FILTER(일별!#REF!, (일별!$A:$A >= 월별!$A15) * (일별!$A:$A < 월별!$A16), 0))} -> #REF! | AW15: {=SUM(_xlfn._xlws.FILTER(일별!#REF!, (일별!$A:$A >= 월별!$A15) * (일별!$A:$A < 월별!$A16), 0))} -> #REF! | AX15: {=SUM(_xlfn._xlws.FILTER(일별!#REF!, (일별!$A:$A >= 월별!$A15) * (일별!$A:$A < 월별!$A16), 0))} -> #REF! | AY15: {=SUM(_xlfn._xlws.FILTER(일별!#REF!, (일별!$A:$A >= 월별!$A15) * (일별!$A:$A < 월별!$A16), 0))} -> #REF! | AZ15: {=SUM(_xlfn._xlws.FILTER(일별!#REF!, (일별!$A:$A >= 월별!$A15) * (일별!$A:$A < 월별!$A16), 0))} -> #REF! | BA15: {=SUM(_xlfn._xlws.FILTER(일별!#REF!, (일별!$A:$A >= 월별!$A15) * (일별!$A:$A < 월별!$A16), 0))} -> #REF! | BB15: {=SUM(_xlfn._xlws.FILTER(일별!#REF!, (일별!$A:$A >= 월별!$A15) * (일별!$A:$A < 월별!$A16), 0))} -> #REF! | BC15: {=SUM(_xlfn._xlws.FILTER(일별!#REF!, (일별!$A:$A >= 월별!$A15) * (일별!$A:$A < 월별!$A16), 0))} -> #REF! | ... DI15: {=SUM(_xlfn._xlws.FILTER(일별!#REF!, (일별!$A:$A >= 월별!$A15) * (일별!$A:$A < 월별!$A16), 0))} -> #REF!
A16: 45992 | B16: =SUMIFS(일별!$C:$C, 일별!$A:$A, ">="&월별!$A16, 일별!$A:$A, "<"&월별!$A4) -> 190.2 | C16: =B16/(월별!$A4 - 월별!$A16) -> 0.48030303 | D16: =SUMIFS(일별!E:E, 일별!$A:$A, ">="&월별!$A16, 일별!$A:$A, "<"&월별!$A17) -> 0 | E16: =D16/(월별!$A4 - 월별!$A16) -> 0 | F16: =SUMIFS(일별!G:G, 일별!$A:$A, ">="&월별!$A16, 일별!$A:$A, "<"&월별!$A17) -> 0 | G16: =F16/(월별!$A4 - 월별!$A16) -> 0 | H16: =D16+F16 -> 0 | I16: =E16+G16 -> 0 | J16: =SUMIFS(일별!I:I, 일별!$A:$A, ">="&월별!$A16, 일별!$A:$A, "<"&월별!$A17) -> 0 | K16: =J16/(월별!$A4 - 월별!$A16) -> 0 | L16: =SUMIFS(일별!K:K, 일별!$A:$A, ">="&월별!$A16, 일별!$A:$A, "<"&월별!$A17) -> 0 | M16: =L16/(월별!$A4 - 월별!$A16) -> 0 | N16: =SUMIFS(일별!M:M, 일별!$A:$A, ">="&월별!$A16, 일별!$A:$A, "<"&월별!$A17) -> 0 | O16: =N16/(월별!$A4 - 월별!$A16) -> 0 | P16: =SUMIFS(일별!O:O, 일별!$A:$A, ">="&월별!$A16, 일별!$A:$A, "<"&월별!$A17) -> 0 | Q16: =P16/(월별!$A4 - 월별!$A16) -> 0 | R16: =SUMIFS(일별!Q:Q, 일별!$A:$A, ">="&월별!$A16, 일별!$A:$A, "<"&월별!$A17) -> 0 | S16: =R16/(월별!$A4 - 월별!$A16) -> 0 | T16: =SUMIFS(일별!S:S, 일별!$A:$A, ">="&월별!$A16, 일별!$A:$A, "<"&월별!$A17) -> 0 | U16: =T16/(월별!$A4 - 월별!$A16) -> 0 | V16: =SUMIFS(일별!U:U, 일별!$A:$A, ">="&월별!$A16, 일별!$A:$A, "<"&월별!$A17) -> 0 | W16: =V16/(월별!$A4 - 월별!$A16) -> 0 | X16: =SUMIFS(일별!W:W, 일별!$A:$A, ">="&월별!$A16, 일별!$A:$A, "<"&월별!$A17) -> 0 | Y16: =X16/(월별!$A4 - 월별!$A16) -> 0 | Z16: =SUMIFS(일별!X:X, 일별!$A:$A, ">="&월별!$A16, 일별!$A:$A, "<"&월별!$A4) -> 4421582.2 | AA16: =SUMIFS(일별!Y:Y, 일별!$A:$A, ">="&월별!$A16, 일별!$A:$A, "<"&월별!$A4) -> 0 | AB16: =SUMIFS(일별!Z:Z, 일별!$A:$A, ">="&월별!$A16, 일별!$A:$A, "<"&월별!$A4) -> 0 | AC16: =SUMIFS(일별!AA:AA, 일별!$A:$A, ">="&월별!$A16, 일별!$A:$A, "<"&월별!$A4) -> 79246.8 | AD16: =SUMIFS(일별!AB:AB, 일별!$A:$A, ">="&월별!$A16, 일별!$A:$A, "<"&월별!$A4) -> 0 | AE16: =SUMIFS(일별!AC:AC, 일별!$A:$A, ">="&월별!$A16, 일별!$A:$A, "<"&월별!$A4) -> 79246.8 | AF16: =SUMIFS(일별!AD:AD, 일별!$A:$A, ">="&월별!$A16, 일별!$A:$A, "<"&월별!$A4) -> 592 | AG16: =SUMIFS(일별!AE:AE, 일별!$A:$A, ">="&월별!$A16, 일별!$A:$A, "<"&월별!$A4) -> 0 | AH16: =SUMIFS(일별!AF:AF, 일별!$A:$A, ">="&월별!$A16, 일별!$A:$A, "<"&월별!$A4) -> 0 | AI16: =SUMIFS(일별!AG:AG, 일별!$A:$A, ">="&월별!$A16, 일별!$A:$A, "<"&월별!$A4) -> 12 | AJ16: =SUMIFS(일별!AX:AX, 일별!$A:$A, ">="&월별!$A16, 일별!$A:$A, "<"&월별!$A4) -> 27963 | AK16: =SUMIFS(일별!AY:AY, 일별!$A:$A, ">="&월별!$A16, 일별!$A:$A, "<"&월별!$A4) -> 0 | AL16: =SUMIFS(일별!AZ:AZ, 일별!$A:$A, ">="&월별!$A16, 일별!$A:$A, "<"&월별!$A4) -> 0 | AM16: =SUMIFS(일별!BA:BA, 일별!$A:$A, ">="&월별!$A16, 일별!$A:$A, "<"&월별!$A4) -> 700 | AN16: =SUMIFS(일별!BB:BB, 일별!$A:$A, ">="&월별!$A16, 일별!$A:$A, "<"&월별!$A4) -> 700 | AO16: =SUMIFS(일별!BC:BC, 일별!$A:$A, ">="&월별!$A16, 일별!$A:$A, "<"&월별!$A4) -> 28663 | AP16: {=SUM(_xlfn._xlws.FILTER(일별!#REF!, (일별!$A:$A >= 월별!$A16) * (일별!$A:$A < $A4), 0))} -> #REF! | AQ16: =AP16/($A4 - 월별!$A16) -> #REF! | AR16: {=SUM(_xlfn._xlws.FILTER(일별!#REF!, (일별!$A:$A >= 월별!$A16) * (일별!$A:$A < $A4), 0))} -> #REF! | AS16: =AR16/($A4 - 월별!$A16) -> #REF! | AT16: {=SUM(_xlfn._xlws.FILTER(일별!#REF!, (일별!$A:$A >= 월별!$A16) * (일별!$A:$A < 월별!$A17), 0))} -> #REF! | AU16: =AT16/($A4 - 월별!$A16) -> #REF! | AV16: {=SUM(_xlfn._xlws.FILTER(일별!#REF!, (일별!$A:$A >= 월별!$A16) * (일별!$A:$A < 월별!$A17), 0))} -> #REF! | AW16: {=SUM(_xlfn._xlws.FILTER(일별!#REF!, (일별!$A:$A >= 월별!$A16) * (일별!$A:$A < 월별!$A17), 0))} -> #REF! | AX16: {=SUM(_xlfn._xlws.FILTER(일별!#REF!, (일별!$A:$A >= 월별!$A16) * (일별!$A:$A < 월별!$A17), 0))} -> #REF! | AY16: {=SUM(_xlfn._xlws.FILTER(일별!#REF!, (일별!$A:$A >= 월별!$A16) * (일별!$A:$A < 월별!$A17), 0))} -> #REF! | AZ16: {=SUM(_xlfn._xlws.FILTER(일별!#REF!, (일별!$A:$A >= 월별!$A16) * (일별!$A:$A < 월별!$A17), 0))} -> #REF! | BA16: {=SUM(_xlfn._xlws.FILTER(일별!#REF!, (일별!$A:$A >= 월별!$A16) * (일별!$A:$A < 월별!$A17), 0))} -> #REF! | BB16: {=SUM(_xlfn._xlws.FILTER(일별!#REF!, (일별!$A:$A >= 월별!$A16) * (일별!$A:$A < 월별!$A17), 0))} -> #REF! | BC16: {=SUM(_xlfn._xlws.FILTER(일별!#REF!, (일별!$A:$A >= 월별!$A16) * (일별!$A:$A < 월별!$A17), 0))} -> #REF! | ... DI16: {=SUM(_xlfn._xlws.FILTER(일별!#REF!, (일별!$A:$A >= 월별!$A16) * (일별!$A:$A < 월별!$A17), 0))} -> #REF!
A17: 計 | B17: =SUM(B5:B16) -> 5613.2 | C17: =AVERAGE(C5:C16) -> 14.963361 | D17: =SUM(D5:D16) -> 19724 | E17: =AVERAGE(E5:E16) -> 54.313294 | F17: =SUM(F5:F16) -> 17926 | G17: =AVERAGE(G5:G16) -> 49.426946 | H17: =SUM(H5:H16) -> 37650 | I17: =AVERAGE(I5:I16) -> 103.74024 | J17: =SUM(J5:J16) -> 3049.83 | K17: =AVERAGE(K5:K16) -> 8.322256 | L17: =SUM(L5:L16) -> 3049.83 | M17: =AVERAGE(M5:M16) -> 8.322256 | N17: =SUM(N5:N16) -> 262.2 | O17: =AVERAGE(O5:O16) -> 0.72135305 | P17: =SUM(P5:P16) -> 25486 | Q17: =AVERAGE(Q5:Q16) -> 70.166769 | R17: =SUM(R5:R16) -> -232220 | S17: =AVERAGE(S5:S16) -> -646.43057 | T17: =SUM(T5:T16) -> 2.53 | U17: =AVERAGE(U5:U16) -> 0.0073088838 | V17: =SUM(V5:V16) -> 2.853 | W17: =AVERAGE(W5:W16) -> 0.0079495008 | X17: =SUM(X5:X16) -> 8242 | Y17: =AVERAGE(Y5:Y16) -> 23.291935 | Z17: =SUM(Z5:Z16) -> 14906252 | AA17: =SUM(AA5:AA16) -> 591 | AB17: =SUM(AB5:AB16) -> 0 | AC17: =SUM(AC5:AC16) -> 219523.8 | AD17: =SUM(AD5:AD16) -> 0 | AE17: =SUM(AE5:AE16) -> 220114.8 | AF17: =SUM(AF5:AF16) -> 2211 | AG17: =SUM(AG5:AG16) -> 0 | ... AP17: =SUM(AP5:AP16) -> #REF! | AQ17: =AVERAGE(AQ5:AQ16) -> #REF! | AR17: =SUM(AR5:AR16) -> #REF! | AS17: =AVERAGE(AS5:AS16) -> #REF! | AT17: =SUM(AT5:AT16) -> #REF! | AU17: =AVERAGE(AU5:AU16) -> #REF! | AV17: =AVERAGE(AV5:AV16) -> #REF! | AW17: =AVERAGE(AW5:AW16) -> #REF! | AX17: =AVERAGE(AX5:AX16) -> #REF! | AY17: =AVERAGE(AY5:AY16) -> #REF! | AZ17: =AVERAGE(AZ5:AZ16) -> #REF! | BA17: =AVERAGE(BA5:BA16) -> #REF! | BB17: =AVERAGE(BB5:BB16) -> #REF! | ... DI17: =AVERAGE(DI5:DI16) -> #REF!

Sheet 일별
A2: 1 | B2: 2 | C2: 3 | D2: 4 | E2: 5 | F2: 6 | G2: 7 | H2: 8 | I2: 9 | J2: 10 | K2: 11 | L2: 12 | M2: 13 | N2: 14 | O2: 15 | P2: 16 | Q2: 17 | R2: 18 | S2: 19 | T2: 20 | U2: 21 | V2: 22 | W2: 23 | X2: 24 | Y2: 25 | Z2: 26 | AA2: 27 | AB2: 28 | AC2: 29 | AD2: 30 | AE2: 31 | AF2: 32 | AG2: 33 | AH2: 34 | AI2: 35 | AJ2: 36 | AK2: 37 | AL2: 38 | AM2: 39 | AN2: 40 | AO2: 41 | AP2: 42 | AQ2: 43 | AR2: 44 | AS2: 45 | AT2: 46 | AU2: 47 | AV2: 48 | AW2: 49 | AX2: 50 | AY2: 51 | AZ2: 52 | BA2: 53 | BB2: 54 | BC2: 55 | BD2: 56 | BE2: 57 | BF2: 58 | BG2: 59
A3: 단위 | B3: ㎥/d | D3: ㎥/d | F3: ㎥/d | H3: ㎥/d | J3: ㎥/d | L3: kWh | N3: ㎥/d | P3: ㎥Σ | R3: m | T3: m | V3: mm | X3: LNG사용량 | AD3: 운전시간(운전실적 기준) | AH3: 운전시간(가동시간 기준) | AL3: 가동시간 (기입!) | AX3: 생산량 | BD3: 시간당 생산량
A4: 구분 | B4: ACC 충수 | D4: A Train 생산 | F4: B Train 생산 | H4: 생활용수 | J4: 1차 냉각수 | L4: 폐수 전력 | N4: 방류수 | P4: 용수사용량 | R4: ACC LIT | T4: ACC WIT | V4: 순수 LIT | X4: W_CHP(사용량) | Y4: #1 PLB(L) | Z4: #2 PLB(L) | AA4: #3 PLB(L) | AB4: PLB가스 사용량오차 | AC4: W_PLB(사용량) | AD4: 주보일러 | AE4: PLB#1 | AF4: PLB#2 | AG4: PLB#3 | AH4: 주보일러 | AI4: PLB#1 | AJ4: PLB#2 | AK4: PLB#3 | AL4: 주보일러 | AR4: PLB#1 | AT4: PLB#2 | AV4: PLB#3 | AX4: W_CHP(H생산) | AY4: #1 PLB | AZ4: #2 PLB | BA4: #3 PLB | BB4: W_PLB(H생산) | BC4: 자체생산 | BD4: CHP | BE4: 51.39 | BF4: PLB | BG4: 68.8
A5: =운전실적_원본!A5 -> 45657 | B5: =운전실적_원본!B5 -> 3486 | D5: =운전실적_원본!C5 -> 226260 | F5: =운전실적_원본!D5 -> 220542 | H5: =운전실적_원본!E5 -> 13810 | J5: =운전실적_원본!E5 -> 13810 | L5: =운전실적_원본!G5 -> 3741.5 | N5: =운전실적_원본!H5 -> 3667 | P5: =운전실적_원본!I5 -> 241771 | R5: =운전실적_원본!J5 -> 30.97 | T5: =운전실적_원본!K5 -> 30.167 | V5: =운전실적_원본!L5 -> 0 | X5: =운전실적_원본!M5 -> 8660.3 | Y5: =운전실적_원본!N5 -> 0 | Z5: =운전실적_원본!O5 -> 0 | AA5: =운전실적_원본!P5 -> 0 | AB5: =운전실적_원본!Q5 -> 0 | AC5: =운전실적_원본!R5 -> 0 | AD5: =운전실적_원본!S5 -> 2 | AE5: =운전실적_원본!T5 -> 0 | ... AG5: =운전실적_원본!V5 -> 0 | AH5: =((AM5-AL5)+(AO5-AN5)+(AQ5-AP5))*24 -> 0 | AI5: =(AS5-AR5)*24 -> 0 | AJ5: =(AU5-AT5)*24 -> 0 | AK5: =(AW5-AV5)*24 -> 0 | AX5: =운전실적_원본!W5 -> 56.3 | AY5: =운전실적_원본!X5 -> 0 | AZ5: =운전실적_원본!Y5 -> 0 | BA5: =운전실적_원본!Z5 -> 0 | BB5: =운전실적_원본!AA5 -> 0 | BC5: =운전실적_원본!AB5 -> 56.3 | BD5: =IFERROR(AX5/AD6,"-") -> - | BE5: =IFERROR(BD5/$BE$4,"-") -> - | BF5: =IFERROR(BB5/AE6,"-") -> - | BG5: =IFERROR(BF5/$BG$4,"-") -> -
A6: =A5+1 -> 45658 | B6: =운전실적_원본!B6 -> 3536 | C6: =B6-B5 -> 50 | D6: =운전실적_원본!C6 -> 226305 | E6: =D6-D5 -> 45 | F6: =운전실적_원본!D6 -> 220548 | G6: =F6-F5 -> 6 | H6: =운전실적_원본!E6 -> 13811 | I6: =H6-H5 -> 1 | J6: =운전실적_원본!E6 -> 13811 | K6: =J6-J5 -> 1 | L6: =운전실적_원본!G6 -> 3742.4 | M6: =L6-L5 -> 0.9 | N6: =운전실적_원본!H6 -> 3739 | O6: =N6-N5 -> 72 | P6: =운전실적_원본!I6 -> 241878 | Q6: =P6-P5 -> 107 | R6: =운전실적_원본!J6 -> 30.74 | S6: =R6-R5 -> -0.23 | T6: =운전실적_원본!K6 -> 30.15 | U6: =T6-T5 -> -0.017 | V6: =운전실적_원본!L6 -> 0 | W6: =V6-V5 -> 0 | X6: =운전실적_원본!M6 -> 0 | Y6: =운전실적_원본!N6 -> 0 | Z6: =운전실적_원본!O6 -> 0 | AA6: =운전실적_원본!P6 -> 0 | AB6: =운전실적_원본!Q6 -> 0 | AC6: =운전실적_원본!R6 -> 0 | AD6: =운전실적_원본!S6 -> 0 | AE6: =운전실적_원본!T6 -> 0 | ... AG6: =운전실적_원본!V6 -> 0 | AH6: =((AM6-AL6)+(AO6-AN6)+(AQ6-AP6))*24 -> 8.75 | AI6: =(AS6-AR6)*24 -> 0 | AJ6: =(AU6-AT6)*24 -> 0 | AK6: =(AW6-AV6)*24 -> 0 | AL6: 45658 | AM6: 45658.083 | AN6: 45658.719 | AO6: =AL7 -> 45659 | AX6: =운전실적_원본!W6 -> 0 | AY6: =운전실적_원본!X6 -> 0 | AZ6: =운전실적_원본!Y6 -> 0 | BA6: =운전실적_원본!Z6 -> 0 | BB6: =운전실적_원본!AA6 -> 0 | BC6: =운전실적_원본!AB6 -> 0 | BD6: =IFERROR(AX6/#REF!,"-") -> - | BE6: =IFERROR(BD6/$BE$4,"-") -> - | BF6: =IFERROR(BB6/#REF!,"-") -> - | BG6: =IFERROR(BF6/$BG$4,"-") -> -
A7: =A6+1 -> 45659 | B7: =운전실적_원본!B7 -> 3564 | C7: =B7-B6 -> 28 | D7: =운전실적_원본!C7 -> 226331 | E7: =D7-D6 -> 26 | F7: =운전실적_원본!D7 -> 220692 | G7: =F7-F6 -> 144 | H7: =운전실적_원본!E7 -> 13816 | I7: =H7-H6 -> 5 | J7: =운전실적_원본!E7 -> 13816 | K7: =J7-J6 -> 5 | L7: =운전실적_원본!G7 -> 3743.2 | M7: =L7-L6 -> 0.8 | N7: =운전실적_원본!H7 -> 3859 | O7: =N7-N6 -> 120 | P7: =운전실적_원본!I7 -> 242123 | Q7: =P7-P6 -> 245 | R7: =운전실적_원본!J7 -> 30.63 | S7: =R7-R6 -> -0.11 | T7: =운전실적_원본!K7 -> 30.04 | U7: =T7-T6 -> -0.11 | V7: =운전실적_원본!L7 -> 0 | W7: =V7-V6 -> 0 | X7: =운전실적_원본!M7 -> 0 | Y7: =운전실적_원본!N7 -> 0 | Z7: =운전실적_원본!O7 -> 0 | AA7: =운전실적_원본!P7 -> 0 | AB7: =운전실적_원본!Q7 -> 0 | AC7: =운전실적_원본!R7 -> 0 | AD7: =운전실적_원본!S7 -> 0 | AE7: =운전실적_원본!T7 -> 0 | ... AG7: =운전실적_원본!V7 -> 0 | AH7: =((AM7-AL7)+(AO7-AN7)+(AQ7-AP7))*24 -> 2 | AI7: =(AS7-AR7)*24 -> 0 | AJ7: =(AU7-AT7)*24 -> 0 | AK7: =(AW7-AV7)*24 -> 0 | AL7: 45659 | AM7: 45659.083 | AX7: =운전실적_원본!W7 -> 0 | AY7: =운전실적_원본!X7 -> 0 | AZ7: =운전실적_원본!Y7 -> 0 | BA7: =운전실적_원본!Z7 -> 0 | BB7: =운전실적_원본!AA7 -> 0 | BC7: =운전실적_원본!AB7 -> 0 | BD7: =IFERROR(AX7/AD7,"-") -> - | BE7: =IFERROR(BD7/$BE$4,"-") -> - | BF7: =IFERROR(BB7/AE7,"-") -> - | BG7: =IFERROR(BF7/$BG$4,"-") -> -
A8: =A7+1 -> 45660 | B8: =운전실적_원본!B8 -> 3592 | C8: =B8-B7 -> 28 | D8: =운전실적_원본!C8 -> 226467 | E8: =D8-D7 -> 136 | F8: =운전실적_원본!D8 -> 220716 | G8: =F8-F7 -> 24 | H8: =운전실적_원본!E8 -> 13821 | I8: =H8-H7 -> 5 | J8: =운전실적_원본!E8 -> 13821 | K8: =J8-J7 -> 5 | L8: =운전실적_원본!G8 -> 3743.9 | M8: =L8-L7 -> 0.7 | N8: =운전실적_원본!H8 -> 3943 | O8: =N8-N7 -> 84 | P8: =운전실적_원본!I8 -> 242322 | Q8: =P8-P7 -> 199 | R8: =운전실적_원본!J8 -> 30.82 | S8: =R8-R7 -> 0.19 | T8: =운전실적_원본!K8 -> 30.15 | U8: =T8-T7 -> 0.11 | V8: =운전실적_원본!L8 -> 0 | W8: =V8-V7 -> 0 | X8: =운전실적_원본!M8 -> 0 | Y8: =운전실적_원본!N8 -> 0 | Z8: =운전실적_원본!O8 -> 0 | AA8: =운전실적_원본!P8 -> 0 | AB8: =운전실적_원본!Q8 -> 0 | AC8: =운전실적_원본!R8 -> 0 | AD8: =운전실적_원본!S8 -> 0 | AE8: =운전실적_원본!T8 -> 0 | ... AG8: =운전실적_원본!V8 -> 0 | AH8: =((AM8-AL8)+(AO8-AN8)+(AQ8-AP8))*24 -> 0 | AI8: =(AS8-AR8)*24 -> 0 | AJ8: =(AU8-AT8)*24 -> 0 | AK8: =(AW8-AV8)*24 -> 0 | AX8: =운전실적_원본!W8 -> 0 | AY8: =운전실적_원본!X8 -> 0 | AZ8: =운전실적_원본!Y8 -> 0 | BA8: =운전실적_원본!Z8 -> 0 | BB8: =운전실적_원본!AA8 -> 0 | BC8: =운전실적_원본!AB8 -> 0 | BD8: =IFERROR(AX8/AD8,"-") -> - | BE8: =IFERROR(BD8/$BE$4,"-") -> - | BF8: =IFERROR(BB8/AE8,"-") -> - | BG8: =IFERROR(BF8/$BG$4,"-") -> -
A9: =A8+1 -> 45661 | B9: =운전실적_원본!B9 -> 3605 | C9: =B9-B8 -> 13 | D9: =운전실적_원본!C9 -> 226467 | E9: =D9-D8 -> 0 | F9: =운전실적_원본!D9 -> 220797 | G9: =F9-F8 -> 81 | H9: =운전실적_원본!E9 -> 13822 | I9: =H9-H8 -> 1 | J9: =운전실적_원본!E9 -> 13822 | K9: =J9-J8 -> 1 | L9: =운전실적_원본!G9 -> 3744.5 | M9: =L9-L8 -> 0.6 | N9: =운전실적_원본!H9 -> 3981 | O9: =N9-N8 -> 38 | P9: =운전실적_원본!I9 -> 242472 | Q9: =P9-P8 -> 150 | R9: =운전실적_원본!J9 -> 30.52 | S9: =R9-R8 -> -0.3 | T9: =운전실적_원본!K9 -> 30.19 | U9: =T9-T8 -> 0.04 | V9: =운전실적_원본!L9 -> 0 | W9: =V9-V8 -> 0 | X9: =운전실적_원본!M9 -> 74419.7 | Y9: =운전실적_원본!N9 -> 0 | Z9: =운전실적_원본!O9 -> 0 | AA9: =운전실적_원본!P9 -> 0 | AB9: =운전실적_원본!Q9 -> 0 | AC9: =운전실적_원본!R9 -> 0 | AD9: =운전실적_원본!S9 -> 14 | AE9: =운전실적_원본!T9 -> 0 | ... AG9: =운전실적_원본!V9 -> 0 | AH9: =((AM9-AL9)+(AO9-AN9)+(AQ9-AP9))*24 -> 13.666667 | AI9: =(AS9-AR9)*24 -> 0 | AJ9: =(AU9-AT9)*24 -> 0 | AK9: =(AW9-AV9)*24 -> 14.2 | AL9: 45661.431 | AM9: 45662 | AV9: 0.038194444 | AW9: 0.62986111 | AX9: =운전실적_원본!W9 -> 465 | AY9: =운전실적_원본!X9 -> 0 | AZ9: =운전실적_원본!Y9 -> 0 | BA9: =운전실적_원본!Z9 -> 0 | BB9: =운전실적_원본!AA9 -> 0 | BC9: =운전실적_원본!AB9 -> 465 | BD9: =IFERROR(AX9/AD9,"-") -> 33.214286 | BE9: =IFERROR(BD9/$BE$4,"-") -> 0.64631807 | BF9: =IFERROR(BB9/AE9,"-") -> - | BG9: =IFERROR(BF9/$BG$4,"-") -> -
A10: =A9+1 -> 45662 | B10: =운전실적_원본!B10 -> 3619 | C10: =B10-B9 -> 14 | D10: =운전실적_원본!C10 -> 226526 | E10: =D10-D9 -> 59 | F10: =운전실적_원본!D10 -> 220881 | G10: =F10-F9 -> 84 | H10: =운전실적_원본!E10 -> 13824 | I10: =H10-H9 -> 2 | J10: =운전실적_원본!E10 -> 13824 | K10: =J10-J9 -> 2 | L10: =운전실적_원본!G10 -> 3745.1 | M10: =L10-L9 -> 0.6 | N10: =운전실적_원본!H10 -> 4035 | O10: =N10-N9 -> 54 | P10: =운전실적_원본!I10 -> 242667 | Q10: =P10-P9 -> 195 | R10: =운전실적_원본!J10 -> 30.46 | S10: =R10-R9 -> -0.06 | T10: =운전실적_원본!K10 -> 30.14 | U10: =T10-T9 -> -0.05 | V10: =운전실적_원본!L10 -> 0 | W10: =V10-V9 -> 0 | X10: =운전실적_원본!M10 -> 0 | Y10: =운전실적_원본!N10 -> 0 | Z10: =운전실적_원본!O10 -> 0 | AA10: =운전실적_원본!P10 -> 90259.6 | AB10: =운전실적_원본!Q10 -> 0 | AC10: =운전실적_원본!R10 -> 90259.6 | AD10: =운전실적_원본!S10 -> 0 | AE10: =운전실적_원본!T10 -> 0 | ... AG10: =운전실적_원본!V10 -> 14 | AH10: =((AM10-AL10)+(AO10-AN10)+(AQ10-AP10))*24 -> 0 | AI10: =(AS10-AR10)*24 -> 0 | AJ10: =(AU10-AT10)*24 -> 0 | AK10: =(AW10-AV10)*24 -> 0 | AX10: =운전실적_원본!W10 -> 0 | AY10: =운전실적_원본!X10 -> 0 | AZ10: =운전실적_원본!Y10 -> 0 | BA10: =운전실적_원본!Z10 -> 805 | BB10: =운전실적_원본!AA10 -> 805 | BC10: =운전실적_원본!AB10 -> 805 | BD10: =IFERROR(AX10/AD10,"-") -> - | BE10: =IFERROR(BD10/$BE$4,"-") -> - | BF10: =IFERROR(BB10/AE10,"-") -> - | BG10: =IFERROR(BF10/$BG$4,"-") -> -
A11: =A10+1 -> 45663 | B11: =운전실적_원본!B11 -> 3647 | C11: =B11-B10 -> 28 | D11: =운전실적_원본!C11 -> 226620 | E11: =D11-D10 -> 94 | F11: =운전실적_원본!D11 -> 220940 | G11: =F11-F10 -> 59 | H11: =운전실적_원본!E11 -> 13829 | I11: =H11-H10 -> 5 | J11: =운전실적_원본!E11 -> 13829 | K11: =J11-J10 -> 5 | L11: =운전실적_원본!G11 -> 3745.7 | M11: =L11-L10 -> 0.6 | N11: =운전실적_원본!H11 -> 4081 | O11: =N11-N10 -> 46 | P11: =운전실적_원본!I11 -> 242867 | Q11: =P11-P10 -> 200 | R11: =운전실적_원본!J11 -> 30.38 | S11: =R11-R10 -> -0.08 | T11: =운전실적_원본!K11 -> 30.12 | U11: =T11-T10 -> -0.02 | V11: =운전실적_원본!L11 -> 0 | W11: =V11-V10 -> 0 | X11: =운전실적_원본!M11 -> 0 | Y11: =운전실적_원본!N11 -> 0 | Z11: =운전실적_원본!O11 -> 0 | AA11: =운전실적_원본!P11 -> 0 | AB11: =운전실적_원본!Q11 -> 0 | AC11: =운전실적_원본!R11 -> 0 | AD11: =운전실적_원본!S11 -> 0 | AE11: =운전실적_원본!T11 -> 0 | ... AG11: =운전실적_원본!V11 -> 0 | AH11: =((AM11-AL11)+(AO11-AN11)+(AQ11-AP11))*24 -> 0 | AI11: =(AS11-AR11)*24 -> 0 | AJ11: =(AU11-AT11)*24 -> 0 | AK11: =(AW11-AV11)*24 -> 0 | AX11: =운전실적_원본!W11 -> 0 | AY11: =운전실적_원본!X11 -> 0 | AZ11: =운전실적_원본!Y11 -> 0 | BA11: =운전실적_원본!Z11 -> 0 | BB11: =운전실적_원본!AA11 -> 0 | BC11: =운전실적_원본!AB11 -> 0 | BD11: =IFERROR(AX11/AD11,"-") -> - | BE11: =IFERROR(BD11/$BE$4,"-") -> - | BF11: =IFERROR(BB11/AE11,"-") -> - | BG11: =IFERROR(BF11/$BG$4,"-") -> -
A12: =A11+1 -> 45664 | B12: =운전실적_원본!B12 -> 3654 | C12: =B12-B11 -> 7 | D12: =운전실적_원본!C12 -> 226639 | E12: =D12-D11 -> 19 | F12: =운전실적_원본!D12 -> 221040 | G12: =F12-F11 -> 100 | H12: =운전실적_원본!E12 -> 13833 | I12: =H12-H11 -> 4 | J12: =운전실적_원본!E12 -> 13833 | K12: =J12-J11 -> 4 | L12: =운전실적_원본!G12 -> 3746.5 | M12: =L12-L11 -> 0.8 | N12: =운전실적_원본!H12 -> 4204 | O12: =N12-N11 -> 123 | P12: =운전실적_원본!I12 -> 243036 | Q12: =P12-P11 -> 169 | R12: =운전실적_원본!J12 -> 30.7 | S12: =R12-R11 -> 0.32 | T12: =운전실적_원본!K12 -> 30.04 | U12: =T12-T11 -> -0.08 | V12: =운전실적_원본!L12 -> 0 | W12: =V12-V11 -> 0 | X12: =운전실적_원본!M12 -> 160135.4 | Y12: =운전실적_원본!N12 -> 0 | Z12: =운전실적_원본!O12 -> 0 | AA12: =운전실적_원본!P12 -> 0 | AB12: =운전실적_원본!Q12 -> 0 | AC12: =운전실적_원본!R12 -> 0 | AD12: =운전실적_원본!S12 -> 23 | AE12: =운전실적_원본!T12 -> 0 | ... AG12: =운전실적_원본!V12 -> 0 | AH12: =((AM12-AL12)+(AO12-AN12)+(AQ12-AP12))*24 -> 23.25 | AI12: =(AS12-AR12)*24 -> 0 | AJ12: =(AU12-AT12)*24 -> 0 | AK12: =(AW12-AV12)*24 -> 0 | AL12: 45664.031 | AM12: 45665 | AX12: =운전실적_원본!W12 -> 1020 | AY12: =운전실적_원본!X12 -> 0 | AZ12: =운전실적_원본!Y12 -> 0 | BA12: =운전실적_원본!Z12 -> 0 | BB12: =운전실적_원본!AA12 -> 0 | BC12: =운전실적_원본!AB12 -> 1020 | BD12: =IFERROR(AX12/AD12,"-") -> 44.347826 | BE12: =IFERROR(BD12/$BE$4,"-") -> 0.86296607 | BF12: =IFERROR(BB12/AE12,"-") -> - | BG12: =IFERROR(BF12/$BG$4,"-") -> -
A13: =A12+1 -> 45665 | B13: =운전실적_원본!B13 -> 3685 | C13: =B13-B12 -> 31 | D13: =운전실적_원본!C13 -> 226756 | E13: =D13-D12 -> 117 | F13: =운전실적_원본!D13 -> 221163 | G13: =F13-F12 -> 123 | H13: =운전실적_원본!E13 -> 13837 | I13: =H13-H12 -> 4 | J13: =운전실적_원본!E13 -> 13837 | K13: =J13-J12 -> 4 | L13: =운전실적_원본!G13 -> 3747.7 | M13: =L13-L12 -> 1.2 | N13: =운전실적_원본!H13 -> 4326 | O13: =N13-N12 -> 122 | P13: =운전실적_원본!I13 -> 243372 | Q13: =P13-P12 -> 336 | R13: =운전실적_원본!J13 -> 30.3 | S13: =R13-R12 -> -0.4 | T13: =운전실적_원본!K13 -> 29.9 | U13: =T13-T12 -> -0.14 | V13: =운전실적_원본!L13 -> 0 | W13: =V13-V12 -> 0 | X13: =운전실적_원본!M13 -> 99420.9 | Y13: =운전실적_원본!N13 -> 0 | Z13: =운전실적_원본!O13 -> 0 | AA13: =운전실적_원본!P13 -> 0 | AB13: =운전실적_원본!Q13 -> 0 | AC13: =운전실적_원본!R13 -> 0 | AD13: =운전실적_원본!S13 -> 16 | AE13: =운전실적_원본!T13 -> 0 | ... AG13: =운전실적_원본!V13 -> 0 | AH13: =((AM13-AL13)+(AO13-AN13)+(AQ13-AP13))*24 -> 16.083333 | AI13: =(AS13-AR13)*24 -> 0 | AJ13: =(AU13-AT13)*24 -> 0 | AK13: =(AW13-AV13)*24 -> 0 | AL13: 45665 | AM13: 45665.524 | AN13: 45665.854 | AO13: =AL14 -> 45666 | AX13: =운전실적_원본!W13 -> 651 | AY13: =운전실적_원본!X13 -> 0 | AZ13: =운전실적_원본!Y13 -> 0 | BA13: =운전실적_원본!Z13 -> 0 | BB13: =운전실적_원본!AA13 -> 0 | BC13: =운전실적_원본!AB13 -> 651 | BD13: =IFERROR(AX13/AD13,"-") -> 40.6875 | BE13: =IFERROR(BD13/$BE$4,"-") -> 0.79173964 | BF13: =IFERROR(BB13/AE13,"-") -> - | BG13: =IFERROR(BF13/$BG$4,"-") -> -
A14: =A13+1 -> 45666 | B14: =운전실적_원본!B14 -> 3717 | C14: =B14-B13 -> 32 | D14: =운전실적_원본!C14 -> 226917 | E14: =D14-D13 -> 161 | F14: =운전실적_원본!D14 -> 221196 | G14: =F14-F13 -> 33 | H14: =운전실적_원본!E14 -> 13841 | I14: =H14-H13 -> 4 | J14: =운전실적_원본!E14 -> 13841 | K14: =J14-J13 -> 4 | L14: =운전실적_원본!G14 -> 3748.7 | M14: =L14-L13 -> 1 | N14: =운전실적_원본!H14 -> 4448 | O14: =N14-N13 -> 122 | P14: =운전실적_원본!I14 -> 243617 | Q14: =P14-P13 -> 245 | R14: =운전실적_원본!J14 -> 30.3 | S14: =R14-R13 -> 0 | T14: =운전실적_원본!K14 -> 29.925 | U14: =T14-T13 -> 0.025 | V14: =운전실적_원본!L14 -> 0 | W14: =V14-V13 -> 0 | X14: =운전실적_원본!M14 -> 195590.1 | Y14: =운전실적_원본!N14 -> 0 | Z14: =운전실적_원본!O14 -> 0 | AA14: =운전실적_원본!P14 -> 31637.4 | AB14: =운전실적_원본!Q14 -> 0 | AC14: =운전실적_원본!R14 -> 31637.4 | AD14: =운전실적_원본!S14 -> 24 | AE14: =운전실적_원본!T14 -> 0 | ... AG14: =운전실적_원본!V14 -> 8.5 | AH14: =((AM14-AL14)+(AO14-AN14)+(AQ14-AP14))*24 -> 24 | AI14: =(AS14-AR14)*24 -> 0 | AJ14: =(AU14-AT14)*24 -> 0 | AK14: =(AW14-AV14)*24 -> 8.9166667 | AL14: 45666 | AM14: =AL15 -> 45667 | AV14: 0.23611111 | AW14: 0.60763889 | AX14: =운전실적_원본!W14 -> 1246.2 | AY14: =운전실적_원본!X14 -> 0 | AZ14: =운전실적_원본!Y14 -> 0 | BA14: =운전실적_원본!Z14 -> 281 | BB14: =운전실적_원본!AA14 -> 281 | BC14: =운전실적_원본!AB14 -> 1527.2 | BD14: =IFERROR(AX14/AD14,"-") -> 51.925 | BE14: =IFERROR(BD14/$BE$4,"-") -> 1.0104106 | BF14: =IFERROR(BB14/AE14,"-") -> - | BG14: =IFERROR(BF14/$BG$4,"-") -> -
A15: =A14+1 -> 45667 | B15: =운전실적_원본!B15 -> 3750 | C15: =B15-B14 -> 33 | D15: =운전실적_원본!C15 -> 226942 | E15: =D15-D14 -> 25 | F15: =운전실적_원본!D15 -> 221360 | G15: =F15-F14 -> 164 | H15: =운전실적_원본!E15 -> 13845 | I15: =H15-H14 -> 4 | J15: =운전실적_원본!E15 -> 13845 | K15: =J15-J14 -> 4 | L15: =운전실적_원본!G15 -> 3749.7 | M15: =L15-L14 -> 1 | N15: =운전실적_원본!H15 -> 4564 | O15: =N15-N14 -> 116 | P15: =운전실적_원본!I15 -> 243914 | Q15: =P15-P14 -> 297 | R15: =운전실적_원본!J15 -> 30.6 | S15: =R15-R14 -> 0.3 | T15: =운전실적_원본!K15 -> 29.99 | U15: =T15-T14 -> 0.065 | V15: =운전실적_원본!L15 -> 0 | W15: =V15-V14 -> 0 | X15: =운전실적_원본!M15 -> 194758.9 | Y15: =운전실적_원본!N15 -> 0 | Z15: =운전실적_원본!O15 -> 0 | AA15: =운전실적_원본!P15 -> 0 | AB15: =운전실적_원본!Q15 -> 0 | AC15: =운전실적_원본!R15 -> 0 | AD15: =운전실적_원본!S15 -> 24 | AE15: =운전실적_원본!T15 -> 0 | ... AG15: =운전실적_원본!V15 -> 0 | AH15: =((AM15-AL15)+(AO15-AN15)+(AQ15-AP15))*24 -> 24 | AI15: =(AS15-AR15)*24 -> 0 | AJ15: =(AU15-AT15)*24 -> 0 | AK15: =(AW15-AV15)*24 -> 0 | AL15: 45667 | AM15: =AL16 -> 45668 | AX15: =운전실적_원본!W15 -> 1236.8 | AY15: =운전실적_원본!X15 -> 0 | AZ15: =운전실적_원본!Y15 -> 0 | BA15: =운전실적_원본!Z15 -> 0 | BB15: =운전실적_원본!AA15 -> 0 | BC15: =운전실적_원본!AB15 -> 1236.8 | BD15: =IFERROR(AX15/AD15,"-") -> 51.533333 | BE15: =IFERROR(BD15/$BE$4,"-") -> 1.0027891 | BF15: =IFERROR(BB15/AE15,"-") -> - | BG15: =IFERROR(BF15/$BG$4,"-") -> -
A16: =A15+1 -> 45668 | B16: =운전실적_원본!B16 -> 3782 | C16: =B16-B15 -> 32 | D16: =운전실적_원본!C16 -> 227056 | E16: =D16-D15 -> 114 | F16: =운전실적_원본!D16 -> 221408 | G16: =F16-F15 -> 48 | H16: =운전실적_원본!E16 -> 13846 | I16: =H16-H15 -> 1 | J16: =운전실적_원본!E16 -> 13846 | K16: =J16-J15 -> 1 | L16: =운전실적_원본!G16 -> 3750.4 | M16: =L16-L15 -> 0.7 | N16: =운전실적_원본!H16 -> 4652 | O16: =N16-N15 -> 88 | P16: =운전실적_원본!I16 -> 244154 | Q16: =P16-P15 -> 240 | R16: =운전실적_원본!J16 -> 30.44 | S16: =R16-R15 -> -0.16 | T16: =운전실적_원본!K16 -> 29.93 | U16: =T16-T15 -> -0.06 | V16: =운전실적_원본!L16 -> 0 | W16: =V16-V15 -> 0 | X16: =운전실적_원본!M16 -> 95717 | Y16: =운전실적_원본!N16 -> 0 | Z16: =운전실적_원본!O16 -> 0 | AA16: =운전실적_원본!P16 -> 0 | AB16: =운전실적_원본!Q16 -> 0 | AC16: =운전실적_원본!R16 -> 0 | AD16: =운전실적_원본!S16 -> 12 | AE16: =운전실적_원본!T16 -> 0 | ... AG16: =운전실적_원본!V16 -> 0 | AH16: =((AM16-AL16)+(AO16-AN16)+(AQ16-AP16))*24 -> 12 | AI16: =(AS16-AR16)*24 -> 0 | AJ16: =(AU16-AT16)*24 -> 0 | AK16: =(AW16-AV16)*24 -> 0 | AL16: 45668 | AM16: 45668.5 | AX16: =운전실적_원본!W16 -> 613 | AY16: =운전실적_원본!X16 -> 0 | AZ16: =운전실적_원본!Y16 -> 0 | BA16: =운전실적_원본!Z16 -> 0 | BB16: =운전실적_원본!AA16 -> 0 | BC16: =운전실적_원본!AB16 -> 613 | BD16: =IFERROR(AX16/AD16,"-") -> 51.083333 | BE16: =IFERROR(BD16/$BE$4,"-") -> 0.99403256 | BF16: =IFERROR(BB16/AE16,"-") -> - | BG16: =IFERROR(BF16/$BG$4,"-") -> -
A17: =A16+1 -> 45669 | B17: =운전실적_원본!B17 -> 3804 | C17: =B17-B16 -> 22 | D17: =운전실적_원본!C17 -> 227056 | E17: =D17-D16 -> 0 | F17: =운전실적_원본!D17 -> 221539 | G17: =F17-F16 -> 131 | H17: =운전실적_원본!E17 -> 13848 | I17: =H17-H16 -> 2 | J17: =운전실적_원본!E17 -> 13848 | K17: =J17-J16 -> 2 | L17: =운전실적_원본!G17 -> 3750.9 | M17: =L17-L16 -> 0.5 | N17: =운전실적_원본!H17 -> 4702 | O17: =N17-N16 -> 50 | P17: =운전실적_원본!I17 -> 244306 | Q17: =P17-P16 -> 152 | R17: =운전실적_원본!J17 -> 30.46 | S17: =R17-R16 -> 0.02 | T17: =운전실적_원본!K17 -> 29.87 | U17: =T17-T16 -> -0.06 | V17: =운전실적_원본!L17 -> 0 | W17: =V17-V16 -> 0 | X17: =운전실적_원본!M17 -> 0 | Y17: =운전실적_원본!N17 -> 0 | Z17: =운전실적_원본!O17 -> 0 | AA17: =운전실적_원본!P17 -> 0 | AB17: =운전실적_원본!Q17 -> 0 | AC17: =운전실적_원본!R17 -> 0 | AD17: =운전실적_원본!S17 -> 0 | AE17: =운전실적_원본!T17 -> 0 | ... AG17: =운전실적_원본!V17 -> 0 | AH17: =((AM17-AL17)+(AO17-AN17)+(AQ17-AP17))*24 -> 0 | AI17: =(AS17-AR17)*24 -> 0 | AJ17: =(AU17-AT17)*24 -> 0 | AK17: =(AW17-AV17)*24 -> 0 | AX17: =운전실적_원본!W17 -> 0 | AY17: =운전실적_원본!X17 -> 0 | AZ17: =운전실적_원본!Y17 -> 0 | BA17: =운전실적_원본!Z17 -> 0 | BB17: =운전실적_원본!AA17 -> 0 | BC17: =운전실적_원본!AB17 -> 0 | BD17: =IFERROR(AX17/AD17,"-") -> - | BE17: =IFERROR(BD17/$BE$4,"-") -> - | BF17: =IFERROR(BB17/AE17,"-") -> - | BG17: =IFERROR(BF17/$BG$4,"-") -> -
A18: =A17+1 -> 45670 | B18: =운전실적_원본!B18 -> 3804 | C18: =B18-B17 -> 0 | D18: =운전실적_원본!C18 -> 227137 | E18: =D18-D17 -> 81 | F18: =운전실적_원본!D18 -> 221589 | G18: =F18-F17 -> 50 | H18: =운전실적_원본!E18 -> 13853 | I18: =H18-H17 -> 5 | J18: =운전실적_원본!E18 -> 13853 | K18: =J18-J17 -> 5 | L18: =운전실적_원본!G18 -> 3751.7 | M18: =L18-L17 -> 0.8 | N18: =운전실적_원본!H18 -> 4785 | O18: =N18-N17 -> 83 | P18: =운전실적_원본!I18 -> 244513 | Q18: =P18-P17 -> 207 | R18: =운전실적_원본!J18 -> 30.23 | S18: =R18-R17 -> -0.23 | T18: =운전실적_원본!K18 -> 29.78 | U18: =T18-T17 -> -0.09 | V18: =운전실적_원본!L18 -> 0 | W18: =V18-V17 -> 0 | X18: =운전실적_원본!M18 -> 129103.1 | Y18: =운전실적_원본!N18 -> 0 | Z18: =운전실적_원본!O18 -> 0 | AA18: =운전실적_원본!P18 -> 0 | AB18: =운전실적_원본!Q18 -> 0 | AC18: =운전실적_원본!R18 -> 0 | AD18: =운전실적_원본!S18 -> 16 | AE18: =운전실적_원본!T18 -> 0 | ... AG18: =운전실적_원본!V18 -> 0 | AH18: =((AM18-AL18)+(AO18-AN18)+(AQ18-AP18))*24 -> 19 | AI18: =(AS18-AR18)*24 -> 0 | AJ18: =(AU18-AT18)*24 -> 0 | AK18: =(AW18-AV18)*24 -> 0 | AL18: 45670.208 | AM18: =AL19 -> 45671 | AX18: =운전실적_원본!W18 -> 833 | AY18: =운전실적_원본!X18 -> 0 | AZ18: =운전실적_원본!Y18 -> 0 | BA18: =운전실적_원본!Z18 -> 0 | BB18: =운전실적_원본!AA18 -> 0 | BC18: =운전실적_원본!AB18 -> 833 | BD18: =IFERROR(AX18/AD18,"-") -> 52.0625 | BE18: =IFERROR(BD18/$BE$4,"-") -> 1.0130862 | BF18: =IFERROR(BB18/AE18,"-") -> - | BG18: =IFERROR(BF18/$BG$4,"-") -> -
A19: =A18+1 -> 45671 | B19: =운전실적_원본!B19 -> 3836 | C19: =B19-B18 -> 32 | D19: =운전실적_원본!C19 -> 227208 | E19: =D19-D18 -> 71 | F19: =운전실적_원본!D19 -> 221687 | G19: =F19-F18 -> 98 | H19: =운전실적_원본!E19 -> 13857 | I19: =H19-H18 -> 4 | J19: =운전실적_원본!E19 -> 13857 | K19: =J19-J18 -> 4 | L19: =운전실적_원본!G19 -> 3752.5 | M19: =L19-L18 -> 0.8 | N19: =운전실적_원본!H19 -> 4881 | O19: =N19-N18 -> 96 | P19: =운전실적_원본!I19 -> 244776 | Q19: =P19-P18 -> 263 | R19: =운전실적_원본!J19 -> 30.37 | S19: =R19-R18 -> 0.14 | T19: =운전실적_원본!K19 -> 29.79 | U19: =T19-T18 -> 0.01 | V19: =운전실적_원본!L19 -> 0 | W19: =V19-V18 -> 0 | X19: =운전실적_원본!M19 -> 182837.6 | Y19: =운전실적_원본!N19 -> 0 | Z19: =운전실적_원본!O19 -> 0 | AA19: =운전실적_원본!P19 -> 0 | AB19: =운전실적_원본!Q19 -> 0 | AC19: =운전실적_원본!R19 -> 0 | AD19: =운전실적_원본!S19 -> 23 | AE19: =운전실적_원본!T19 -> 0 | ... AG19: =운전실적_원본!V19 -> 0 | AH19: =((AM19-AL19)+(AO19-AN19)+(AQ19-AP19))*24 -> 22.916667 | AI19: =(AS19-AR19)*24 -> 0 | AJ19: =(AU19-AT19)*24 -> 0 | AK19: =(AW19-AV19)*24 -> 0 | AL19: 45671 | AM19: 45671.955 | AX19: =운전실적_원본!W19 -> 1170 | AY19: =운전실적_원본!X19 -> 0 | AZ19: =운전실적_원본!Y19 -> 0 | BA19: =운전실적_원본!Z19 -> 0 | BB19: =운전실적_원본!AA19 -> 0 | BC19: =운전실적_원본!AB19 -> 1170 | BD19: =IFERROR(AX19/AD19,"-") -> 50.869565 | BE19: =IFERROR(BD19/$BE$4,"-") -> 0.98987284 | BF19: =IFERROR(BB19/AE19,"-") -> - | BG19: =IFERROR(BF19/$BG$4,"-") -> -
A20: =A19+1 -> 45672 | B20: =운전실적_원본!B20 -> 3868 | C20: =B20-B19 -> 32 | D20: =운전실적_원본!C20 -> 227340 | E20: =D20-D19 -> 132 | F20: =운전실적_원본!D20 -> 221752 | G20: =F20-F19 -> 65 | H20: =운전실적_원본!E20 -> 13861 | I20: =H20-H19 -> 4 | J20: =운전실적_원본!E20 -> 13861 | K20: =J20-J19 -> 4 | L20: =운전실적_원본!G20 -> 3753.4 | M20: =L20-L19 -> 0.9 | N20: =운전실적_원본!H20 -> 4966 | O20: =N20-N19 -> 85 | P20: =운전실적_원본!I20 -> 245018 | Q20: =P20-P19 -> 242 | R20: =운전실적_원본!J20 -> 30.32 | S20: =R20-R19 -> -0.05 | T20: =운전실적_원본!K20 -> 29.78 | U20: =T20-T19 -> -0.01 | V20: =운전실적_원본!L20 -> 0 | W20: =V20-V19 -> 0 | X20: =운전실적_원본!M20 -> 0 | Y20: =운전실적_원본!N20 -> 0 | Z20: =운전실적_원본!O20 -> 0 | AA20: =운전실적_원본!P20 -> 0 | AB20: =운전실적_원본!Q20 -> 0 | AC20: =운전실적_원본!R20 -> 0 | AD20: =운전실적_원본!S20 -> 0 | AE20: =운전실적_원본!T20 -> 0 | ... AG20: =운전실적_원본!V20 -> 0 | AH20: =((AM20-AL20)+(AO20-AN20)+(AQ20-AP20))*24 -> 0 | AI20: =(AS20-AR20)*24 -> 0 | AJ20: =(AU20-AT20)*24 -> 0 | AK20: =(AW20-AV20)*24 -> 0 | AX20: =운전실적_원본!W20 -> 0 | AY20: =운전실적_원본!X20 -> 0 | AZ20: =운전실적_원본!Y20 -> 0 | BA20: =운전실적_원본!Z20 -> 0 | BB20: =운전실적_원본!AA20 -> 0 | BC20: =운전실적_원본!AB20 -> 0 | BD20: =IFERROR(AX20/AD20,"-") -> - | BE20: =IFERROR(BD20/$BE$4,"-") -> - | BF20: =IFERROR(BB20/AE20,"-") -> - | BG20: =IFERROR(BF20/$BG$4,"-") -> -
A21: =A20+1 -> 45673 | B21: =운전실적_원본!B21 -> 3897 | C21: =B21-B20 -> 29 | D21: =운전실적_원본!C21 -> 227462 | E21: =D21-D20 -> 122 | F21: =운전실적_원본!D21 -> 221834 | G21: =F21-F20 -> 82 | H21: =운전실적_원본!E21 -> 13865 | I21: =H21-H20 -> 4 | J21: =운전실적_원본!E21 -> 13865 | K21: =J21-J20 -> 4 | L21: =운전실적_원본!G21 -> 3754.6 | M21: =L21-L20 -> 1.2 | N21: =운전실적_원본!H21 -> 5066 | O21: =N21-N20 -> 100 | P21: =운전실적_원본!I21 -> 245275 | Q21: =P21-P20 -> 257 | R21: =운전실적_원본!J21 -> 30 | S21: =R21-R20 -> -0.32 | T21: =운전실적_원본!K21 -> 29.4 | U21: =T21-T20 -> -0.38 | V21: =운전실적_원본!L21 -> 0 | W21: =V21-V20 -> 0 | X21: =운전실적_원본!M21 -> 107031.9 | Y21: =운전실적_원본!N21 -> 0 | Z21: =운전실적_원본!O21 -> 0 | AA21: =운전실적_원본!P21 -> 0 | AB21: =운전실적_원본!Q21 -> 0 | AC21: =운전실적_원본!R21 -> 0 | AD21: =운전실적_원본!S21 -> 17 | AE21: =운전실적_원본!T21 -> 0 | ... AG21: =운전실적_원본!V21 -> 0 | AH21: =((AM21-AL21)+(AO21-AN21)+(AQ21-AP21))*24 -> 18 | AI21: =(AS21-AR21)*24 -> 0 | AJ21: =(AU21-AT21)*24 -> 0 | AK21: =(AW21-AV21)*24 -> 0 | AL21: 45673.25 | AM21: =AL22 -> 45674 | AX21: =운전실적_원본!W21 -> 681.2 | AY21: =운전실적_원본!X21 -> 0 | AZ21: =운전실적_원본!Y21 -> 0 | BA21: =운전실적_원본!Z21 -> 0 | BB21: =운전실적_원본!AA21 -> 0 | BC21: =운전실적_원본!AB21 -> 681.2 | BD21: =IFERROR(AX21/AD21,"-") -> 40.070588 | BE21: =IFERROR(BD21/$BE$4,"-") -> 0.77973513 | BF21: =IFERROR(BB21/AE21,"-") -> - | BG21: =IFERROR(BF21/$BG$4,"-") -> -
A22: =A21+1 -> 45674 | B22: =운전실적_원본!B22 -> 3929 | C22: =B22-B21 -> 32 | D22: =운전실적_원본!C22 -> 227546 | E22: =D22-D21 -> 84 | F22: =운전실적_원본!D22 -> 221997 | G22: =F22-F21 -> 163 | H22: =운전실적_원본!E22 -> 13870 | I22: =H22-H21 -> 5 | J22: =운전실적_원본!E22 -> 13870 | K22: =J22-J21 -> 5 | L22: =운전실적_원본!G22 -> 3755.9 | M22: =L22-L21 -> 1.3 | N22: =운전실적_원본!H22 -> 5186 | O22: =N22-N21 -> 120 | P22: =운전실적_원본!I22 -> 245628 | Q22: =P22-P21 -> 353 | R22: =운전실적_원본!J22 -> 30.4 | S22: =R22-R21 -> 0.4 | T22: =운전실적_원본!K22 -> 29.8 | U22: =T22-T21 -> 0.4 | V22: =운전실적_원본!L22 -> 0 | W22: =V22-V21 -> 0 | X22: =운전실적_원본!M22 -> 121892 | Y22: =운전실적_원본!N22 -> 0 | Z22: =운전실적_원본!O22 -> 0 | AA22: =운전실적_원본!P22 -> 0 | AB22: =운전실적_원본!Q22 -> 0 | AC22: =운전실적_원본!R22 -> 0 | AD22: =운전실적_원본!S22 -> 21 | AE22: =운전실적_원본!T22 -> 0 | ... AG22: =운전실적_원본!V22 -> 0 | AH22: =((AM22-AL22)+(AO22-AN22)+(AQ22-AP22))*24 -> 21 | AI22: =(AS22-AR22)*24 -> 0 | AJ22: =(AU22-AT22)*24 -> 0 | AK22: =(AW22-AV22)*24 -> 0 | AL22: 45674 | AM22: 45674.875 | AX22: =운전실적_원본!W22 -> 794.8 | AY22: =운전실적_원본!X22 -> 0 | AZ22: =운전실적_원본!Y22 -> 0 | BA22: =운전실적_원본!Z22 -> 0 | BB22: =운전실적_원본!AA22 -> 0 | BC22: =운전실적_원본!AB22 -> 794.8 | BD22: =IFERROR(AX22/AD22,"-") -> 37.847619 | BE22: =IFERROR(BD22/$BE$4,"-") -> 0.73647828 | BF22: =IFERROR(BB22/AE22,"-") -> - | BG22: =IFERROR(BF22/$BG$4,"-") -> -
A23: =A22+1 -> 45675 | B23: =운전실적_원본!B23 -> 3952 | C23: =B23-B22 -> 23 | D23: =운전실적_원본!C23 -> 227656 | E23: =D23-D22 -> 110 | F23: =운전실적_원본!D23 -> 221997 | G23: =F23-F22 -> 0 | H23: =운전실적_원본!E23 -> 13871 | I23: =H23-H22 -> 1 | J23: =운전실적_원본!E23 -> 13871 | K23: =J23-J22 -> 1 | L23: =운전실적_원본!G23 -> 3756.6 | M23: =L23-L22 -> 0.7 | N23: =운전실적_원본!H23 -> 5246 | O23: =N23-N22 -> 60 | P23: =운전실적_원본!I23 -> 245780 | Q23: =P23-P22 -> 152 | R23: =운전실적_원본!J23 -> 30.6 | S23: =R23-R22 -> 0.2 | T23: =운전실적_원본!K23 -> 29.8 | U23: =T23-T22 -> 0 | V23: =운전실적_원본!L23 -> 0 | W23: =V23-V22 -> 0 | X23: =운전실적_원본!M23 -> 0 | Y23: =운전실적_원본!N23 -> 0 | Z23: =운전실적_원본!O23 -> 0 | AA23: =운전실적_원본!P23 -> 0 | AB23: =운전실적_원본!Q23 -> 0 | AC23: =운전실적_원본!R23 -> 0 | AD23: =운전실적_원본!S23 -> 0 | AE23: =운전실적_원본!T23 -> 0 | ... AG23: =운전실적_원본!V23 -> 0 | AH23: =((AM23-AL23)+(AO23-AN23)+(AQ23-AP23))*24 -> 0 | AI23: =(AS23-AR23)*24 -> 0 | AJ23: =(AU23-AT23)*24 -> 0 | AK23: =(AW23-AV23)*24 -> 0 | AX23: =운전실적_원본!W23 -> 0 | AY23: =운전실적_원본!X23 -> 0 | AZ23: =운전실적_원본!Y23 -> 0 | BA23: =운전실적_원본!Z23 -> 0 | BB23: =운전실적_원본!AA23 -> 0 | BC23: =운전실적_원본!AB23 -> 0 | BD23: =IFERROR(AX23/AD23,"-") -> - | BE23: =IFERROR(BD23/$BE$4,"-") -> - | BF23: =IFERROR(BB23/AE23,"-") -> - | BG23: =IFERROR(BF23/$BG$4,"-") -> -
A24: =A23+1 -> 45676 | B24: =운전실적_원본!B24 -> 3973 | C24: =B24-B23 -> 21 | D24: =운전실적_원본!C24 -> 227656 | E24: =D24-D23 -> 0 | F24: =운전실적_원본!D24 -> 222123 | G24: =F24-F23 -> 126 | H24: =운전실적_원본!E24 -> 13873 | I24: =H24-H23 -> 2 | J24: =운전실적_원본!E24 -> 13873 | K24: =J24-J23 -> 2 | L24: =운전실적_원본!G24 -> 3757.3 | M24: =L24-L23 -> 0.7 | N24: =운전실적_원본!H24 -> 5346 | O24: =N24-N23 -> 100 | P24: =운전실적_원본!I24 -> 245934 | Q24: =P24-P23 -> 154 | R24: =운전실적_원본!J24 -> 30.534 | S24: =R24-R23 -> -0.066 | T24: =운전실적_원본!K24 -> 29.865 | U24: =T24-T23 -> 0.065 | V24: =운전실적_원본!L24 -> 0 | W24: =V24-V23 -> 0 | X24: =운전실적_원본!M24 -> 0 | Y24: =운전실적_원본!N24 -> 0 | Z24: =운전실적_원본!O24 -> 0 | AA24: =운전실적_원본!P24 -> 0 | AB24: =운전실적_원본!Q24 -> 0 | AC24: =운전실적_원본!R24 -> 0 | AD24: =운전실적_원본!S24 -> 0 | AE24: =운전실적_원본!T24 -> 0 | ... AG24: =운전실적_원본!V24 -> 0 | AH24: =((AM24-AL24)+(AO24-AN24)+(AQ24-AP24))*24 -> 0 | AI24: =(AS24-AR24)*24 -> 0 | AJ24: =(AU24-AT24)*24 -> 0 | AK24: =(AW24-AV24)*24 -> 0 | AX24: =운전실적_원본!W24 -> 0 | AY24: =운전실적_원본!X24 -> 0 | AZ24: =운전실적_원본!Y24 -> 0 | BA24: =운전실적_원본!Z24 -> 0 | BB24: =운전실적_원본!AA24 -> 0 | BC24: =운전실적_원본!AB24 -> 0 | BD24: =IFERROR(AX24/AD24,"-") -> - | BE24: =IFERROR(BD24/$BE$4,"-") -> - | BF24: =IFERROR(BB24/AE24,"-") -> - | BG24: =IFERROR(BF24/$BG$4,"-") -> -
A25: =A24+1 -> 45677 | B25: =운전실적_원본!B25 -> 3989 | C25: =B25-B24 -> 16 | D25: =운전실적_원본!C25 -> 227707 | E25: =D25-D24 -> 51 | F25: =운전실적_원본!D25 -> 222204 | G25: =F25-F24 -> 81 | H25: =운전실적_원본!E25 -> 13878 | I25: =H25-H24 -> 5 | J25: =운전실적_원본!E25 -> 13878 | K25: =J25-J24 -> 5 | L25: =운전실적_원본!G25 -> 3758.1 | M25: =L25-L24 -> 0.8 | N25: =운전실적_원본!H25 -> 5394 | O25: =N25-N24 -> 48 | P25: =운전실적_원본!I25 -> 246134 | Q25: =P25-P24 -> 200 | R25: =운전실적_원본!J25 -> 30.4 | S25: =R25-R24 -> -0.134 | T25: =운전실적_원본!K25 -> 29.74 | U25: =T25-T24 -> -0.125 | V25: =운전실적_원본!L25 -> 0 | W25: =V25-V24 -> 0 | X25: =운전실적_원본!M25 -> 0 | Y25: =운전실적_원본!N25 -> 0 | Z25: =운전실적_원본!O25 -> 0 | AA25: =운전실적_원본!P25 -> 0 | AB25: =운전실적_원본!Q25 -> 0 | AC25: =운전실적_원본!R25 -> 0 | AD25: =운전실적_원본!S25 -> 0 | AE25: =운전실적_원본!T25 -> 0 | ... AG25: =운전실적_원본!V25 -> 0 | AH25: =((AM25-AL25)+(AO25-AN25)+(AQ25-AP25))*24 -> 0 | AI25: =(AS25-AR25)*24 -> 0 | AJ25: =(AU25-AT25)*24 -> 0 | AK25: =(AW25-AV25)*24 -> 0 | AX25: =운전실적_원본!W25 -> 0 | AY25: =운전실적_원본!X25 -> 0 | AZ25: =운전실적_원본!Y25 -> 0 | BA25: =운전실적_원본!Z25 -> 0 | BB25: =운전실적_원본!AA25 -> 0 | BC25: =운전실적_원본!AB25 -> 0 | BD25: =IFERROR(AX25/AD25,"-") -> - | BE25: =IFERROR(BD25/$BE$4,"-") -> - | BF25: =IFERROR(BB25/AE25,"-") -> - | BG25: =IFERROR(BF25/$BG$4,"-") -> -
A26: =A25+1 -> 45678 | B26: =운전실적_원본!B26 -> 4021 | C26: =B26-B25 -> 32 | D26: =운전실적_원본!C26 -> 227824 | E26: =D26-D25 -> 117 | F26: =운전실적_원본!D26 -> 222279 | G26: =F26-F25 -> 75 | H26: =운전실적_원본!E26 -> 13882 | I26: =H26-H25 -> 4 | J26: =운전실적_원본!E26 -> 13882 | K26: =J26-J25 -> 4 | L26: =운전실적_원본!G26 -> 3758.8 | M26: =L26-L25 -> 0.7 | N26: =운전실적_원본!H26 -> 5434 | O26: =N26-N25 -> 40 | P26: =운전실적_원본!I26 -> 246328 | Q26: =P26-P25 -> 194 | R26: =운전실적_원본!J26 -> 30.42 | S26: =R26-R25 -> 0.02 | T26: =운전실적_원본!K26 -> 29.91 | U26: =T26-T25 -> 0.17 | V26: =운전실적_원본!L26 -> 0 | W26: =V26-V25 -> 0 | X26: =운전실적_원본!M26 -> 0 | Y26: =운전실적_원본!N26 -> 0 | Z26: =운전실적_원본!O26 -> 0 | AA26: =운전실적_원본!P26 -> 0 | AB26: =운전실적_원본!Q26 -> 0 | AC26: =운전실적_원본!R26 -> 0 | AD26: =운전실적_원본!S26 -> 0 | AE26: =운전실적_원본!T26 -> 0 | ... AG26: =운전실적_원본!V26 -> 0 | AH26: =((AM26-AL26)+(AO26-AN26)+(AQ26-AP26))*24 -> 0 | AI26: =(AS26-AR26)*24 -> 0 | AJ26: =(AU26-AT26)*24 -> 0 | AK26: =(AW26-AV26)*24 -> 0 | AX26: =운전실적_원본!W26 -> 0 | AY26: =운전실적_원본!X26 -> 0 | AZ26: =운전실적_원본!Y26 -> 0 | BA26: =운전실적_원본!Z26 -> 0 | BB26: =운전실적_원본!AA26 -> 0 | BC26: =운전실적_원본!AB26 -> 0 | BD26: =IFERROR(AX26/AD26,"-") -> - | BE26: =IFERROR(BD26/$BE$4,"-") -> - | BF26: =IFERROR(BB26/AE26,"-") -> - | BG26: =IFERROR(BF26/$BG$4,"-") -> -
A27: =A26+1 -> 45679 | B27: =운전실적_원본!B27 -> 4052 | C27: =B27-B26 -> 31 | D27: =운전실적_원본!C27 -> 227906 | E27: =D27-D26 -> 82 | F27: =운전실적_원본!D27 -> 222429 | G27: =F27-F26 -> 150 | H27: =운전실적_원본!E27 -> 13887 | I27: =H27-H26 -> 5 | J27: =운전실적_원본!E27 -> 13887 | K27: =J27-J26 -> 5 | L27: =운전실적_원본!G27 -> 3759.6 | M27: =L27-L26 -> 0.8 | N27: =운전실적_원본!H27 -> 5539 | O27: =N27-N26 -> 105 | P27: =운전실적_원본!I27 -> 246494 | Q27: =P27-P26 -> 166 | R27: =운전실적_원본!J27 -> 30.57 | S27: =R27-R26 -> 0.15 | T27: =운전실적_원본!K27 -> 29.89 | U27: =T27-T26 -> -0.02 | V27: =운전실적_원본!L27 -> 0 | W27: =V27-V26 -> 0 | X27: =운전실적_원본!M27 -> 0 | Y27: =운전실적_원본!N27 -> 0 | Z27: =운전실적_원본!O27 -> 0 | AA27: =운전실적_원본!P27 -> 0 | AB27: =운전실적_원본!Q27 -> 0 | AC27: =운전실적_원본!R27 -> 0 | AD27: =운전실적_원본!S27 -> 0 | AE27: =운전실적_원본!T27 -> 0 | ... AG27: =운전실적_원본!V27 -> 0 | AH27: =((AM27-AL27)+(AO27-AN27)+(AQ27-AP27))*24 -> 0 | AI27: =(AS27-AR27)*24 -> 0 | AJ27: =(AU27-AT27)*24 -> 0 | AK27: =(AW27-AV27)*24 -> 0 | AX27: =운전실적_원본!W27 -> 0 | AY27: =운전실적_원본!X27 -> 0 | AZ27: =운전실적_원본!Y27 -> 0 | BA27: =운전실적_원본!Z27 -> 0 | BB27: =운전실적_원본!AA27 -> 0 | BC27: =운전실적_원본!AB27 -> 0 | BD27: =IFERROR(AX27/AD27,"-") -> - | BE27: =IFERROR(BD27/$BE$4,"-") -> - | BF27: =운전실적_원본!AE27 -> 0 | BG27: =IFERROR(BF27/$BG$4,"-") -> 0
A28: =A27+1 -> 45680 | B28: =운전실적_원본!B28 -> 4082 | C28: =B28-B27 -> 30 | D28: =운전실적_원본!C28 -> 227997 | E28: =D28-D27 -> 91 | F28: =운전실적_원본!D28 -> 222524 | G28: =F28-F27 -> 95 | H28: =운전실적_원본!E28 -> 13892 | I28: =H28-H27 -> 5 | J28: =운전실적_원본!E28 -> 13892 | K28: =J28-J27 -> 5 | L28: =운전실적_원본!G28 -> 3760.5 | M28: =L28-L27 -> 0.9 | N28: =운전실적_원본!H28 -> 5598 | O28: =N28-N27 -> 59 | P28: =운전실적_원본!I28 -> 246711 | Q28: =P28-P27 -> 217 | R28: =운전실적_원본!J28 -> 30.67 | S28: =R28-R27 -> 0.1 | T28: =운전실적_원본!K28 -> 30.01 | U28: =T28-T27 -> 0.12 | V28: =운전실적_원본!L28 -> 0 | W28: =V28-V27 -> 0 | X28: =운전실적_원본!M28 -> 0 | Y28: =운전실적_원본!N28 -> 0 | Z28: =운전실적_원본!O28 -> 0 | AA28: =운전실적_원본!P28 -> 0 | AB28: =운전실적_원본!Q28 -> 0 | AC28: =운전실적_원본!R28 -> 0 | AD28: =운전실적_원본!S28 -> 0 | AE28: =운전실적_원본!T28 -> 0 | ... AG28: =운전실적_원본!V28 -> 0 | AH28: =((AM28-AL28)+(AO28-AN28)+(AQ28-AP28))*24 -> 0 | AI28: =(AS28-AR28)*24 -> 0 | AJ28: =(AU28-AT28)*24 -> 0 | AK28: =(AW28-AV28)*24 -> 0 | AX28: =운전실적_원본!W28 -> 0 | AY28: =운전실적_원본!X28 -> 0 | AZ28: =운전실적_원본!Y28 -> 0 | BA28: =운전실적_원본!Z28 -> 0 | BB28: =운전실적_원본!AA28 -> 0 | BC28: =운전실적_원본!AB28 -> 0 | BD28: =IFERROR(AX28/AD28,"-") -> - | BE28: =IFERROR(BD28/$BE$4,"-") -> - | BF28: =운전실적_원본!AE28 -> 0 | BG28: =IFERROR(BF28/$BG$4,"-") -> 0
A29: =A28+1 -> 45681 | B29: =운전실적_원본!B29 -> 4096 | C29: =B29-B28 -> 14 | D29: =운전실적_원본!C29 -> 228067 | E29: =D29-D28 -> 70 | F29: =운전실적_원본!D29 -> 222564 | G29: =F29-F28 -> 40 | H29: =운전실적_원본!E29 -> 13897 | I29: =H29-H28 -> 5 | J29: =운전실적_원본!E29 -> 13897 | K29: =J29-J28 -> 5 | L29: =운전실적_원본!G29 -> 3761.5 | M29: =L29-L28 -> 1 | N29: =운전실적_원본!H29 -> 5705 | O29: =N29-N28 -> 107 | P29: =운전실적_원본!I29 -> 246857 | Q29: =P29-P28 -> 146 | R29: =운전실적_원본!J29 -> 30.57 | S29: =R29-R28 -> -0.1 | T29: =운전실적_원본!K29 -> 29.93 | U29: =T29-T28 -> -0.08 | V29: =운전실적_원본!L29 -> 0 | W29: =V29-V28 -> 0 | X29: =운전실적_원본!M29 -> 0 | Y29: =운전실적_원본!N29 -> 0 | Z29: =운전실적_원본!O29 -> 0 | AA29: =운전실적_원본!P29 -> 0 | AB29: =운전실적_원본!Q29 -> 0 | AC29: =운전실적_원본!R29 -> 0 | AD29: =운전실적_원본!S29 -> 0 | AE29: =운전실적_원본!T29 -> 0 | ... AG29: =운전실적_원본!V29 -> 0 | AH29: =((AM29-AL29)+(AO29-AN29)+(AQ29-AP29))*24 -> 0 | AI29: =(AS29-AR29)*24 -> 0 | AJ29: =(AU29-AT29)*24 -> 0 | AK29: =(AW29-AV29)*24 -> 0 | AX29: =운전실적_원본!W29 -> 0 | AY29: =운전실적_원본!X29 -> 0 | AZ29: =운전실적_원본!Y29 -> 0 | BA29: =운전실적_원본!Z29 -> 0 | BB29: =운전실적_원본!AA29 -> 0 | BC29: =운전실적_원본!AB29 -> 0 | BD29: =IFERROR(AX29/AD29,"-") -> - | BE29: =IFERROR(BD29/$BE$4,"-") -> - | BF29: =운전실적_원본!AE29 -> 0 | BG29: =IFERROR(BF29/$BG$4,"-") -> 0
A30: =A29+1 -> 45682 | B30: =운전실적_원본!B30 -> 4124 | C30: =B30-B29 -> 28 | D30: =운전실적_원본!C30 -> 228162 | E30: =D30-D29 -> 95 | F30: =운전실적_원본!D30 -> 222605 | G30: =F30-F29 -> 41 | H30: =운전실적_원본!E30 -> 13898 | I30: =H30-H29 -> 1 | J30: =운전실적_원본!E30 -> 13898 | K30: =J30-J29 -> 1 | L30: =운전실적_원본!G30 -> 3762 | M30: =L30-L29 -> 0.5 | N30: =운전실적_원본!H30 -> 5721 | O30: =N30-N29 -> 16 | P30: =운전실적_원본!I30 -> 246884 | Q30: =P30-P29 -> 27 | R30: =운전실적_원본!J30 -> 30.66 | S30: =R30-R29 -> 0.09 | T30: =운전실적_원본!K30 -> 30 | U30: =T30-T29 -> 0.07 | V30: =운전실적_원본!L30 -> 0 | W30: =V30-V29 -> 0 | X30: =운전실적_원본!M30 -> 0 | Y30: =운전실적_원본!N30 -> 0 | Z30: =운전실적_원본!O30 -> 0 | AA30: =운전실적_원본!P30 -> 0 | AB30: =운전실적_원본!Q30 -> 0 | AC30: =운전실적_원본!R30 -> 0 | AD30: =운전실적_원본!S30 -> 0 | AE30: =운전실적_원본!T30 -> 0 | ... AG30: =운전실적_원본!V30 -> 0 | AH30: =((AM30-AL30)+(AO30-AN30)+(AQ30-AP30))*24 -> 0 | AI30: =(AS30-AR30)*24 -> 0 | AJ30: =(AU30-AT30)*24 -> 0 | AK30: =(AW30-AV30)*24 -> 0 | AX30: =운전실적_원본!W30 -> 0 | AY30: =운전실적_원본!X30 -> 0 | AZ30: =운전실적_원본!Y30 -> 0 | BA30: =운전실적_원본!Z30 -> 0 | BB30: =운전실적_원본!AA30 -> 0 | BC30: =운전실적_원본!AB30 -> 0 | BD30: =IFERROR(AX30/AD30,"-") -> - | BE30: =IFERROR(BD30/$BE$4,"-") -> - | BF30: =운전실적_원본!AE30 -> 0 | BG30: =IFERROR(BF30/$BG$4,"-") -> 0
A31: =A30+1 -> 45683 | B31: =운전실적_원본!B31 -> 4156 | C31: =B31-B30 -> 32 | D31: =운전실적_원본!C31 -> 228272 | E31: =D31-D30 -> 110 | F31: =운전실적_원본!D31 -> 222692 | G31: =F31-F30 -> 87 | H31: =운전실적_원본!E31 -> 13900 | I31: =H31-H30 -> 2 | J31: =운전실적_원본!E31 -> 13900 | K31: =J31-J30 -> 2 | L31: =운전실적_원본!G31 -> 3762.6 | M31: 0.6 | N31: =운전실적_원본!H31 -> 5767 | O31: =N31-N30 -> 46 | P31: =운전실적_원본!I31 -> 247122 | Q31: =P31-P30 -> 238 | R31: =운전실적_원본!J31 -> 30.6 | S31: =R31-R30 -> -0.06 | T31: =운전실적_원본!K31 -> 30.07 | U31: =T31-T30 -> 0.07 | V31: =운전실적_원본!L31 -> 0 | W31: =V31-V30 -> 0 | X31: =운전실적_원본!M31 -> 0 | Y31: =운전실적_원본!N31 -> 0 | Z31: =운전실적_원본!O31 -> 0 | AA31: =운전실적_원본!P31 -> 0 | AB31: =운전실적_원본!Q31 -> 0 | AC31: =운전실적_원본!R31 -> 0 | AD31: =운전실적_원본!S31 -> 0 | AE31: =운전실적_원본!T31 -> 0 | ... AG31: =운전실적_원본!V31 -> 0 | AH31: =((AM31-AL31)+(AO31-AN31)+(AQ31-AP31))*24 -> 0 | AI31: =(AS31-AR31)*24 -> 0 | AJ31: =(AU31-AT31)*24 -> 0 | AK31: =(AW31-AV31)*24 -> 0 | AX31: =운전실적_원본!W31 -> 0 | AY31: =운전실적_원본!X31 -> 0 | AZ31: =운전실적_원본!Y31 -> 0 | BA31: =운전실적_원본!Z31 -> 0 | BB31: =운전실적_원본!AA31 -> 0 | BC31: =운전실적_원본!AB31 -> 0 | BD31: =IFERROR(AX31/AD31,"-") -> - | BE31: =IFERROR(BD31/$BE$4,"-") -> - | BF31: =운전실적_원본!AE31 -> 0 | BG31: =IFERROR(BF31/$BG$4,"-") -> 0
A32: =A31+1 -> 45684 | B32: =운전실적_원본!B32 -> 4188 | C32: =B32-B31 -> 32 | D32: =운전실적_원본!C32 -> 228419 | E32: =D32-D31 -> 147 | F32: =운전실적_원본!D32 -> 222749 | G32: =F32-F31 -> 57 | H32: =운전실적_원본!E32 -> 13901 | I32: =H32-H31 -> 1 | J32: =운전실적_원본!E32 -> 13901 | K32: =J32-J31 -> 1 | L32: =운전실적_원본!G32 -> 3763.4 | M32: =L32-L31 -> 0.8 | N32: =운전실적_원본!H32 -> 5853 | O32: =N32-N31 -> 86 | P32: =운전실적_원본!I32 -> 247394 | Q32: =P32-P31 -> 272 | R32: =운전실적_원본!J32 -> 30.597 | S32: =R32-R31 -> -0.003 | T32: =운전실적_원본!K32 -> 30.067 | U32: =T32-T31 -> -0.003 | V32: =운전실적_원본!L32 -> 0 | W32: =V32-V31 -> 0 | X32: =운전실적_원본!M32 -> 601.9 | Y32: =운전실적_원본!N32 -> 0 | Z32: =운전실적_원본!O32 -> 0 | AA32: =운전실적_원본!P32 -> 0 | AB32: =운전실적_원본!Q32 -> 0 | AC32: =운전실적_원본!R32 -> 0 | AD32: =운전실적_원본!S32 -> 1 | AE32: =운전실적_원본!T32 -> 0 | ... AG32: =운전실적_원본!V32 -> 0 | AH32: =((AM32-AL32)+(AO32-AN32)+(AQ32-AP32))*24 -> 1.5 | AI32: =(AS32-AR32)*24 -> 0 | AJ32: =(AU32-AT32)*24 -> 0 | AK32: =(AW32-AV32)*24 -> 0 | AL32: 45684.938 | AM32: =AL33 -> 45685 | AX32: =운전실적_원본!W32 -> 0 | AY32: =운전실적_원본!X32 -> 0 | AZ32: =운전실적_원본!Y32 -> 0 | BA32: =운전실적_원본!Z32 -> 0 | BB32: =운전실적_원본!AA32 -> 0 | BC32: =운전실적_원본!AB32 -> 0 | BD32: =IFERROR(AX32/AD32,"-") -> 0 | BE32: =IFERROR(BD32/$BE$4,"-") -> 0 | BF32: =운전실적_원본!AE32 -> 0 | BG32: =IFERROR(BF32/$BG$4,"-") -> 0
A33: =A32+1 -> 45685 | B33: =운전실적_원본!B33 -> 4213 | C33: =B33-B32 -> 25 | D33: =운전실적_원본!C33 -> 228490 | E33: =D33-D32 -> 71 | F33: =운전실적_원본!D33 -> 222867 | G33: =F33-F32 -> 118 | H33: =운전실적_원본!E33 -> 13902 | I33: =H33-H32 -> 1 | J33: =운전실적_원본!E33 -> 13902 | K33: =J33-J32 -> 1 | L33: =운전실적_원본!G33 -> 3764.2 | M33: =L33-L32 -> 0.8 | N33: =운전실적_원본!H33 -> 5909 | O33: =N33-N32 -> 56 | P33: =운전실적_원본!I33 -> 247655 | Q33: =P33-P32 -> 261 | R33: =운전실적_원본!J33 -> 30.4 | S33: =R33-R32 -> -0.197 | T33: =운전실적_원본!K33 -> 30.2 | U33: =T33-T32 -> 0.133 | V33: =운전실적_원본!L33 -> 0 | W33: =V33-V32 -> 0 | X33: =운전실적_원본!M33 -> 160186.6 | Y33: =운전실적_원본!N33 -> 0 | Z33: =운전실적_원본!O33 -> 0 | AA33: =운전실적_원본!P33 -> 0 | AB33: =운전실적_원본!Q33 -> 0 | AC33: =운전실적_원본!R33 -> 0 | AD33: =운전실적_원본!S33 -> 24 | AE33: =운전실적_원본!T33 -> 0 | ... AG33: =운전실적_원본!V33 -> 0 | AH33: =((AM33-AL33)+(AO33-AN33)+(AQ33-AP33))*24 -> 24 | AI33: =(AS33-AR33)*24 -> 0 | AJ33: =(AU33-AT33)*24 -> 0 | AK33: =(AW33-AV33)*24 -> 0 | AL33: 45685 | AM33: =AL34 -> 45686 | AX33: =운전실적_원본!W33 -> 1009 | AY33: =운전실적_원본!X33 -> 0 | AZ33: =운전실적_원본!Y33 -> 0 | BA33: =운전실적_원본!Z33 -> 0 | BB33: =운전실적_원본!AA33 -> 0 | BC33: =운전실적_원본!AB33 -> 1009 | BD33: =IFERROR(AX33/AD33,"-") -> 42.041667 | BE33: =IFERROR(BD33/$BE$4,"-") -> 0.81809042 | BF33: =운전실적_원본!AE33 -> 0 | BG33: =IFERROR(BF33/$BG$4,"-") -> 0
A34: =A33+1 -> 45686 | B34: =운전실적_원본!B34 -> 4239 | C34: =B34-B33 -> 26 | D34: =운전실적_원본!C34 -> 228600 | E34: =D34-D33 -> 110 | F34: =운전실적_원본!D34 -> 222949 | G34: =F34-F33 -> 82 | H34: =운전실적_원본!E34 -> 13904 | I34: =H34-H33 -> 2 | J34: =운전실적_원본!E34 -> 13904 | K34: =J34-J33 -> 2 | L34: =운전실적_원본!G34 -> 3765 | M34: =L34-L33 -> 0.8 | N34: =운전실적_원본!H34 -> 6003 | O34: =N34-N33 -> 94 | P34: =운전실적_원본!I34 -> 247931 | Q34: =P34-P33 -> 276 | R34: =운전실적_원본!J34 -> 30.74 | S34: =R34-R33 -> 0.34 | T34: =운전실적_원본!K34 -> 30.26 | U34: =T34-T33 -> 0.06 | V34: =운전실적_원본!L34 -> 0 | W34: =V34-V33 -> 0 | X34: =운전실적_원본!M34 -> 141605.9 | Y34: =운전실적_원본!N34 -> 0 | Z34: =운전실적_원본!O34 -> 0 | AA34: =운전실적_원본!P34 -> 18380 | AB34: =운전실적_원본!Q34 -> 0 | AC34: =운전실적_원본!R34 -> 18380 | AD34: =운전실적_원본!S34 -> 19 | AE34: =운전실적_원본!T34 -> 0 | ... AG34: =운전실적_원본!V34 -> 3 | AH34: =((AM34-AL34)+(AO34-AN34)+(AQ34-AP34))*24 -> 18.916667 | AI34: =(AS34-AR34)*24 -> 0 | AJ34: =(AU34-AT34)*24 -> 0 | AK34: =(AW34-AV34)*24 -> 2.25 | AL34: 45686 | AM34: 45686.493 | AN34: 45686.705 | AO34: =AL35 -> 45687 | AV34: 0.32291667 | AW34: 0.41666667 | AX34: =운전실적_원본!W34 -> 909 | AY34: =운전실적_원본!X34 -> 0 | AZ34: =운전실적_원본!Y34 -> 0 | BA34: =운전실적_원본!Z34 -> 159 | BB34: =운전실적_원본!AA34 -> 159 | BC34: =운전실적_원본!AB34 -> 1068 | BD34: =IFERROR(AX34/AD34,"-") -> 47.842105 | BE34: =IFERROR(BD34/$BE$4,"-") -> 0.93096138 | BF34: =운전실적_원본!AE34 -> 0 | BG34: =IFERROR(BF34/$BG$4,"-") -> 0
A35: =A34+1 -> 45687 | B35: =운전실적_원본!B35 -> 4271 | C35: =B35-B34 -> 32 | D35: =운전실적_원본!C35 -> 228633 | E35: =D35-D34 -> 33 | F35: =운전실적_원본!D35 -> 223106 | G35: =F35-F34 -> 157 | H35: =운전실적_원본!E35 -> 13905 | I35: =H35-H34 -> 1 | J35: =운전실적_원본!E35 -> 13905 | K35: =J35-J34 -> 1 | L35: =운전실적_원본!G35 -> 3765.8 | M35: =L35-L34 -> 0.8 | N35: =운전실적_원본!H35 -> 6056 | O35: =N35-N34 -> 53 | P35: =운전실적_원본!I35 -> 248190 | Q35: =P35-P34 -> 259 | R35: =운전실적_원본!J35 -> 30.84 | S35: =R35-R34 -> 0.1 | T35: =운전실적_원본!K35 -> 30.28 | U35: =T35-T34 -> 0.02 | V35: =운전실적_원본!L35 -> 0 | W35: =V35-V34 -> 0 | X35: =운전실적_원본!M35 -> 20610 | Y35: =운전실적_원본!N35 -> 0 | Z35: =운전실적_원본!O35 -> 0 | AA35: =운전실적_원본!P35 -> 0 | AB35: =운전실적_원본!Q35 -> 0 | AC35: =운전실적_원본!R35 -> 0 | AD35: =운전실적_원본!S35 -> 4 | AE35: =운전실적_원본!T35 -> 0 | ... AG35: =운전실적_원본!V35 -> 0 | AH35: =((AM35-AL35)+(AO35-AN35)+(AQ35-AP35))*24 -> 3.75 | AI35: =(AS35-AR35)*24 -> 0 | AJ35: =(AU35-AT35)*24 -> 0 | AK35: =(AW35-AV35)*24 -> 0 | AL35: 45687 | AM35: 45687.156 | AX35: =운전실적_원본!W35 -> 131 | AY35: =운전실적_원본!X35 -> 0 | AZ35: =운전실적_원본!Y35 -> 0 | BA35: =운전실적_원본!Z35 -> 0 | BB35: =운전실적_원본!AA35 -> 0 | BC35: =운전실적_원본!AB35 -> 131 | BD35: =IFERROR(AX35/AD35,"-") -> 32.75 | BE35: =IFERROR(BD35/$BE$4,"-") -> 0.63728352 | BF35: =운전실적_원본!AE35 -> 0 | BG35: =IFERROR(BF35/$BG$4,"-") -> 0
A36: =A35+1 -> 45688 | B36: =운전실적_원본!B36 -> 4302 | C36: =B36-B35 -> 31 | D36: =운전실적_원본!C36 -> 228800 | E36: =D36-D35 -> 167 | F36: =운전실적_원본!D36 -> 223130 | G36: =F36-F35 -> 24 | H36: =운전실적_원본!E36 -> 13910 | I36: =H36-H35 -> 5 | J36: =운전실적_원본!E36 -> 13910 | K36: =J36-J35 -> 5 | L36: =운전실적_원본!G36 -> 3766.7 | M36: =L36-L35 -> 0.9 | N36: =운전실적_원본!H36 -> 6150 | O36: =N36-N35 -> 94 | P36: =운전실적_원본!I36 -> 248432 | Q36: =P36-P35 -> 242 | R36: =운전실적_원본!J36 -> 30.37 | S36: =R36-R35 -> -0.47 | T36: =운전실적_원본!K36 -> 30.75 | U36: =T36-T35 -> 0.47 | V36: =운전실적_원본!L36 -> 0 | W36: =V36-V35 -> 0 | X36: =운전실적_원본!M36 -> 94.7 | Y36: =운전실적_원본!N36 -> 0 | Z36: =운전실적_원본!O36 -> 0 | AA36: =운전실적_원본!P36 -> 0 | AB36: =운전실적_원본!Q36 -> 0 | AC36: =운전실적_원본!R36 -> 0 | AD36: =운전실적_원본!S36 -> 1 | AE36: =운전실적_원본!T36 -> 0 | ... AG36: =운전실적_원본!V36 -> 0 | AH36: =((AM36-AL36)+(AO36-AN36)+(AQ36-AP36))*24 -> 0.33333333 | AI36: =(AS36-AR36)*24 -> 0 | AJ36: =(AU36-AT36)*24 -> 0 | AK36: =(AW36-AV36)*24 -> 0 | AL36: 45688.986 | AM36: =AL37 -> 45689 | AX36: =운전실적_원본!W36 -> 2 | AY36: =운전실적_원본!X36 -> 0 | AZ36: =운전실적_원본!Y36 -> 0 | BA36: =운전실적_원본!Z36 -> 0 | BB36: =운전실적_원본!AA36 -> 0 | BC36: =운전실적_원본!AB36 -> 2 | BD36: =IFERROR(AX36/AD36,"-") -> 2 | BE36: =IFERROR(BD36/$BE$4,"-") -> 0.038918077 | BF36: =운전실적_원본!AE36 -> 0 | BG36: =IFERROR(BF36/$BG$4,"-") -> 0
A37: =A36+1 -> 45689 | B37: =운전실적_원본!B37 -> 4324 | C37: =B37-B36 -> 22 | D37: =운전실적_원본!C37 -> 228800 | E37: =D37-D36 -> 0 | F37: =운전실적_원본!D37 -> 223260 | G37: =F37-F36 -> 130 | H37: =운전실적_원본!E37 -> 13911 | I37: =H37-H36 -> 1 | J37: =운전실적_원본!E37 -> 13911 | K37: =J37-J36 -> 1 | L37: =운전실적_원본!G37 -> 3767.3 | M37: =L37-L36 -> 0.6 | N37: =운전실적_원본!H37 -> 6189 | O37: =N37-N36 -> 39 | P37: =운전실적_원본!I37 -> 248588 | Q37: =P37-P36 -> 156 | R37: =운전실적_원본!J37 -> 30.66 | S37: =R37-R36 -> 0.29 | T37: =운전실적_원본!K37 -> 30.28 | U37: =T37-T36 -> -0.47 | V37: =운전실적_원본!L37 -> 0 | W37: =V37-V36 -> 0 | X37: =운전실적_원본!M37 -> 131640 | Y37: =운전실적_원본!N37 -> 0 | Z37: =운전실적_원본!O37 -> 0 | AA37: =운전실적_원본!P37 -> 0 | AB37: =운전실적_원본!Q37 -> 0 | AC37: =운전실적_원본!R37 -> 0 | AD37: =운전실적_원본!S37 -> 18 | AE37: =운전실적_원본!T37 -> 0 | ... AG37: =운전실적_원본!V37 -> 0 | AH37: =((AM37-AL37)+(AO37-AN37)+(AQ37-AP37))*24 -> 18.666667 | AI37: =(AS37-AR37)*24 -> 0 | AJ37: =(AU37-AT37)*24 -> 0 | AK37: =(AW37-AV37)*24 -> 0 | AL37: 45689 | AM37: 45689.007 | AN37: 45689.229 | AO37: =AL38 -> 45690 | AX37: =운전실적_원본!W37 -> 842 | AY37: =운전실적_원본!X37 -> 0 | AZ37: =운전실적_원본!Y37 -> 0 | BA37: =운전실적_원본!Z37 -> 0 | BB37: =운전실적_원본!AA37 -> 0 | BC37: =운전실적_원본!AB37 -> 842 | BD37: =IFERROR(AX37/AD37,"-") -> 46.777778 | BE37: =IFERROR(BD37/$BE$4,"-") -> 0.91025059 | BF37: =운전실적_원본!AE37 -> 0 | BG37: =IFERROR(BF37/$BG$4,"-") -> 0
A38: =A37+1 -> 45690 | B38: =운전실적_원본!B38 -> 4324 | C38: =B38-B37 -> 0 | D38: =운전실적_원본!C38 -> 228800 | E38: =D38-D37 -> 0 | F38: =운전실적_원본!D38 -> 223292 | G38: =F38-F37 -> 32 | H38: =운전실적_원본!E38 -> 13912 | I38: =H38-H37 -> 1 | J38: =운전실적_원본!E38 -> 13912 | K38: =J38-J37 -> 1 | L38: =운전실적_원본!G38 -> 3768.1 | M38: =L38-L37 -> 0.8 | N38: =운전실적_원본!H38 -> 6311 | O38: =N38-N37 -> 122 | P38: =운전실적_원본!I38 -> 248792 | Q38: =P38-P37 -> 204 | R38: =운전실적_원본!J38 -> 30.53 | S38: =R38-R37 -> -0.13 | T38: =운전실적_원본!K38 -> 30.21 | U38: =T38-T37 -> -0.07 | V38: =운전실적_원본!L38 -> 0 | W38: =V38-V37 -> 0 | X38: =운전실적_원본!M38 -> 194825.4 | Y38: =운전실적_원본!N38 -> 0 | Z38: =운전실적_원본!O38 -> 0 | AA38: =운전실적_원본!P38 -> 0 | AB38: =운전실적_원본!Q38 -> 0 | AC38: =운전실적_원본!R38 -> 0 | AD38: =운전실적_원본!S38 -> 24 | AE38: =운전실적_원본!T38 -> 0 | ... AG38: =운전실적_원본!V38 -> 0 | AH38: =((AM38-AL38)+(AO38-AN38)+(AQ38-AP38))*24 -> 24 | AI38: =(AS38-AR38)*24 -> 0 | AJ38: =(AU38-AT38)*24 -> 0 | AK38: =(AW38-AV38)*24 -> 0 | AL38: 45690 | AM38: =AL39 -> 45691 | AX38: =운전실적_원본!W38 -> 1244 | AY38: =운전실적_원본!X38 -> 0 | AZ38: =운전실적_원본!Y38 -> 0 | BA38: =운전실적_원본!Z38 -> 0 | BB38: =운전실적_원본!AA38 -> 0 | BC38: =운전실적_원본!AB38 -> 1244 | BD38: =IFERROR(AX38/AD38,"-") -> 51.833333 | BE38: =IFERROR(BD38/$BE$4,"-") -> 1.0086268 | BF38: =운전실적_원본!AE38 -> 0 | BG38: =IFERROR(BF38/$BG$4,"-") -> 0
A39: =A38+1 -> 45691 | B39: =운전실적_원본!B39 -> 4355 | C39: =IF(OR(LEN(B39)=0,B39=0),"",B39-B38) -> 31 | D39: =운전실적_원본!C39 -> 228952 | E39: =IF(OR(LEN(D39)=0,D39=0),"",D39-D38) -> 152 | F39: =운전실적_원본!D39 -> 223353 | G39: =IF(OR(LEN(F39)=0,F39=0),"",F39-F38) -> 61 | H39: =운전실적_원본!E39 -> 13917 | I39: =IF(OR(LEN(H39)=0,H39=0),"",H39-H38) -> 5 | J39: =운전실적_원본!E39 -> 13917 | K39: =IF(OR(LEN(J39)=0,J39=0),"",J39-J38) -> 5 | L39: =운전실적_원본!G39 -> 3769 | M39: =IF(OR(LEN(L39)=0,L39=0),"",L39-L38) -> 0.9 | N39: =운전실적_원본!H39 -> 6406 | O39: =IF(OR(LEN(N39)=0,N39=0),"",N39-N38) -> 95 | P39: =운전실적_원본!I39 -> 248996 | Q39: =IF(OR(LEN(P39)=0,P39=0),"",P39-P38) -> 204 | R39: =운전실적_원본!J39 -> 30.82 | S39: =IF(OR(LEN(R39)=0,R39=0),"",R39-R38) -> 0.29 | T39: =운전실적_원본!K39 -> 30.24 | U39: =IF(OR(LEN(T39)=0,T39=0),"",T39-T38) -> 0.03 | V39: =운전실적_원본!L39 -> 0 | W39: =IF(OR(LEN(V39)=0,V39=0),"",V39-V38) | X39: =운전실적_원본!M39 -> 198278.4 | Y39: =운전실적_원본!N39 -> 0 | Z39: =운전실적_원본!O39 -> 0 | AA39: =운전실적_원본!P39 -> 0 | AB39: =운전실적_원본!Q39 -> 0 | AC39: =운전실적_원본!R39 -> 0 | AD39: =운전실적_원본!S39 -> 24 | AE39: =운전실적_원본!T39 -> 0 | ... AG39: =운전실적_원본!V39 -> 0 | AH39: =((AM39-AL39)+(AO39-AN39)+(AQ39-AP39))*24 -> 24 | AI39: =(AS39-AR39)*24 -> 0 | AJ39: =(AU39-AT39)*24 -> 0 | AK39: =(AW39-AV39)*24 -> 0 | AL39: 45691 | AM39: =AL40 -> 45692 | AX39: =운전실적_원본!W39 -> 1252 | AY39: =운전실적_원본!X39 -> 0 | AZ39: =운전실적_원본!Y39 -> 0 | BA39: =운전실적_원본!Z39 -> 0 | BB39: =운전실적_원본!AA39 -> 0 | BC39: =운전실적_원본!AB39 -> 1252 | BD39: =IFERROR(AX39/AD39,"-") -> 52.166667 | BE39: =IFERROR(BD39/$BE$4,"-") -> 1.0151132 | BF39: =운전실적_원본!AE39 -> 0 | BG39: =IFERROR(BF39/$BG$4,"-") -> 0
A40: =A39+1 -> 45692 | B40: =운전실적_원본!B40 -> 4388 | C40: =IF(OR(LEN(B40)=0,B40=0),"",B40-B39) -> 33 | D40: =운전실적_원본!C40 -> 229064 | E40: =IF(OR(LEN(D40)=0,D40=0),"",D40-D39) -> 112 | F40: =운전실적_원본!D40 -> 223474 | G40: =IF(OR(LEN(F40)=0,F40=0),"",F40-F39) -> 121 | H40: =운전실적_원본!E40 -> 13921 | I40: =IF(OR(LEN(H40)=0,H40=0),"",H40-H39) -> 4 | J40: =운전실적_원본!E40 -> 13921 | K40: =IF(OR(LEN(J40)=0,J40=0),"",J40-J39) -> 4 | L40: =운전실적_원본!G40 -> 3770 | M40: =IF(OR(LEN(L40)=0,L40=0),"",L40-L39) -> 1 | N40: =운전실적_원본!H40 -> 6514 | O40: =IF(OR(LEN(N40)=0,N40=0),"",N40-N39) -> 108 | P40: =운전실적_원본!I40 -> 249331 | Q40: =IF(OR(LEN(P40)=0,P40=0),"",P40-P39) -> 335 | R40: =운전실적_원본!J40 -> 30.63 | S40: =IF(OR(LEN(R40)=0,R40=0),"",R40-R39) -> -0.19 | T40: =운전실적_원본!K40 -> 30.15 | U40: =IF(OR(LEN(T40)=0,T40=0),"",T40-T39) -> -0.09 | V40: =운전실적_원본!L40 -> 0 | W40: =IF(OR(LEN(V40)=0,V40=0),"",V40-V39) | X40: =운전실적_원본!M40 -> 195706.8 | Y40: =운전실적_원본!N40 -> 0 | Z40: =운전실적_원본!O40 -> 0 | AA40: =운전실적_원본!P40 -> 0 | AB40: =운전실적_원본!Q40 -> 0 | AC40: =운전실적_원본!R40 -> 0 | AD40: =운전실적_원본!S40 -> 24 | AE40: =운전실적_원본!T40 -> 0 | ... AG40: =운전실적_원본!V40 -> 0 | AH40: =((AM40-AL40)+(AO40-AN40)+(AQ40-AP40))*24 -> 24 | AI40: =(AS40-AR40)*24 -> 0 | AJ40: =(AU40-AT40)*24 -> 0 | AK40: =(AW40-AV40)*24 -> 0 | AL40: 45692 | AM40: =AL41 -> 45693 | AX40: =운전실적_원본!W40 -> 1252 | AY40: =운전실적_원본!X40 -> 0 | AZ40: =운전실적_원본!Y40 -> 0 | BA40: =운전실적_원본!Z40 -> 0 | BB40: =운전실적_원본!AA40 -> 0 | BC40: =운전실적_원본!AB40 -> 1252 | BD40: =IFERROR(AX40/AD40,"-") -> 52.166667 | BE40: =IFERROR(BD40/$BE$4,"-") -> 1.0151132 | BF40: =운전실적_원본!AE40 -> 0 | BG40: =IFERROR(BF40/$BG$4,"-") -> 0
A41: =A40+1 -> 45693 | B41: =운전실적_원본!B41 -> 4420 | C41: =IF(OR(LEN(B41)=0,B41=0),"",B41-B40) -> 32 | D41: =운전실적_원본!C41 -> 229166 | E41: =IF(OR(LEN(D41)=0,D41=0),"",D41-D40) -> 102 | F41: =운전실적_원본!D41 -> 223594 | G41: =IF(OR(LEN(F41)=0,F41=0),"",F41-F40) -> 120 | H41: =운전실적_원본!E41 -> 13925 | I41: =IF(OR(LEN(H41)=0,H41=0),"",H41-H40) -> 4 | J41: =운전실적_원본!E41 -> 13925 | K41: =IF(OR(LEN(J41)=0,J41=0),"",J41-J40) -> 4 | L41: =운전실적_원본!G41 -> 3771.1 | M41: =IF(OR(LEN(L41)=0,L41=0),"",L41-L40) -> 1.1 | N41: =운전실적_원본!H41 -> 6602 | O41: =IF(OR(LEN(N41)=0,N41=0),"",N41-N40) -> 88 | P41: =운전실적_원본!I41 -> 249649 | Q41: =IF(OR(LEN(P41)=0,P41=0),"",P41-P40) -> 318 | R41: =운전실적_원본!J41 -> 30.679 | S41: =IF(OR(LEN(R41)=0,R41=0),"",R41-R40) -> 0.049 | T41: =운전실적_원본!K41 -> 30.175 | U41: =IF(OR(LEN(T41)=0,T41=0),"",T41-T40) -> 0.025 | V41: =운전실적_원본!L41 -> 0 | W41: =IF(OR(LEN(V41)=0,V41=0),"",V41-V40) | X41: =운전실적_원본!M41 -> 194700.7 | Y41: =운전실적_원본!N41 -> 0 | Z41: =운전실적_원본!O41 -> 0 | AA41: =운전실적_원본!P41 -> 0 | AB41: =운전실적_원본!Q41 -> 0 | AC41: =운전실적_원본!R41 -> 0 | AD41: =운전실적_원본!S41 -> 24 | AE41: =운전실적_원본!T41 -> 0 | ... AG41: =운전실적_원본!V41 -> 0 | AH41: =((AM41-AL41)+(AO41-AN41)+(AQ41-AP41))*24 -> 24 | AI41: =(AS41-AR41)*24 -> 0 | AJ41: =(AU41-AT41)*24 -> 0 | AK41: =(AW41-AV41)*24 -> 0 | AL41: 45693 | AM41: =AL42 -> 45694 | AX41: =운전실적_원본!W41 -> 1245.7 | AY41: =운전실적_원본!X41 -> 0 | AZ41: =운전실적_원본!Y41 -> 0 | BA41: =운전실적_원본!Z41 -> 0 | BB41: =운전실적_원본!AA41 -> 0 | BC41: =운전실적_원본!AB41 -> 1245.7 | BD41: =IFERROR(AX41/AD41,"-") -> 51.904167 | BE41: =IFERROR(BD41/$BE$4,"-") -> 1.0100052 | BF41: =운전실적_원본!AE41 -> 0 | BG41: =IFERROR(BF41/$BG$4,"-") -> 0
A42: =A41+1 -> 45694 | B42: =운전실적_원본!B42 -> 4452 | C42: =IF(OR(LEN(B42)=0,B42=0),"",B42-B41) -> 32 | D42: =운전실적_원본!C42 -> 229266 | E42: =IF(OR(LEN(D42)=0,D42=0),"",D42-D41) -> 100 | F42: =운전실적_원본!D42 -> 223688 | G42: =IF(OR(LEN(F42)=0,F42=0),"",F42-F41) -> 94 | H42: =운전실적_원본!E42 -> 13929 | I42: =IF(OR(LEN(H42)=0,H42=0),"",H42-H41) -> 4 | J42: =운전실적_원본!E42 -> 13929 | K42: =IF(OR(LEN(J42)=0,J42=0),"",J42-J41) -> 4 | L42: =운전실적_원본!G42 -> 3772 | M42: =IF(OR(LEN(L42)=0,L42=0),"",L42-L41) -> 0.9 | N42: =운전실적_원본!H42 -> 6672 | O42: =IF(OR(LEN(N42)=0,N42=0),"",N42-N41) -> 70 | P42: =운전실적_원본!I42 -> 249941 | Q42: =IF(OR(LEN(P42)=0,P42=0),"",P42-P41) -> 292 | R42: =운전실적_원본!J42 -> 30.8 | S42: =IF(OR(LEN(R42)=0,R42=0),"",R42-R41) -> 0.121 | T42: =운전실적_원본!K42 -> 30.257 | U42: =IF(OR(LEN(T42)=0,T42=0),"",T42-T41) -> 0.082 | V42: =운전실적_원본!L42 -> 0 | W42: =IF(OR(LEN(V42)=0,V42=0),"",V42-V41) | X42: =운전실적_원본!M42 -> 197196.4 | Y42: =운전실적_원본!N42 -> 0 | Z42: =운전실적_원본!O42 -> 0 | AA42: =운전실적_원본!P42 -> 0 | AB42: =운전실적_원본!Q42 -> 0 | AC42: =운전실적_원본!R42 -> 0 | AD42: =운전실적_원본!S42 -> 24 | AE42: =운전실적_원본!T42 -> 0 | ... AG42: =운전실적_원본!V42 -> 0 | AH42: =((AM42-AL42)+(AO42-AN42)+(AQ42-AP42))*24 -> 24 | AI42: =(AS42-AR42)*24 -> 0 | AJ42: =(AU42-AT42)*24 -> 0 | AK42: =(AW42-AV42)*24 -> 0 | AL42: 45694 | AM42: =AL43 -> 45695 | AX42: =운전실적_원본!W42 -> 1248.6 | AY42: =운전실적_원본!X42 -> 0 | AZ42: =운전실적_원본!Y42 -> 0 | BA42: =운전실적_원본!Z42 -> 0 | BB42: =운전실적_원본!AA42 -> 0 | BC42: =운전실적_원본!AB42 -> 1248.6 | BD42: =IFERROR(AX42/AD42,"-") -> 52.025 | BE42: =IFERROR(BD42/$BE$4,"-") -> 1.0123565 | BF42: =운전실적_원본!AE42 -> 0 | BG42: =IFERROR(BF42/$BG$4,"-") -> 0
A43: =A42+1 -> 45695 | B43: =운전실적_원본!B43 -> 4483 | C43: =IF(OR(LEN(B43)=0,B43=0),"",B43-B42) -> 31 | D43: =운전실적_원본!C43 -> 229352 | E43: =IF(OR(LEN(D43)=0,D43=0),"",D43-D42) -> 86 | F43: =운전실적_원본!D43 -> 223798 | G43: =IF(OR(LEN(F43)=0,F43=0),"",F43-F42) -> 110 | H43: =운전실적_원본!E43 -> 13933 | I43: =IF(OR(LEN(H43)=0,H43=0),"",H43-H42) -> 4 | J43: =운전실적_원본!E43 -> 13933 | K43: =IF(OR(LEN(J43)=0,J43=0),"",J43-J42) -> 4 | L43: =운전실적_원본!G43 -> 3773 | M43: =IF(OR(LEN(L43)=0,L43=0),"",L43-L42) -> 1 | N43: =운전실적_원본!H43 -> 6816 | O43: =IF(OR(LEN(N43)=0,N43=0),"",N43-N42) -> 144 | P43: =운전실적_원본!I43 -> 250190 | Q43: =IF(OR(LEN(P43)=0,P43=0),"",P43-P42) -> 249 | R43: =운전실적_원본!J43 -> 30.86 | S43: =IF(OR(LEN(R43)=0,R43=0),"",R43-R42) -> 0.06 | T43: =운전실적_원본!K43 -> 30.35 | U43: =IF(OR(LEN(T43)=0,T43=0),"",T43-T42) -> 0.093 | V43: =운전실적_원본!L43 -> 0 | W43: =IF(OR(LEN(V43)=0,V43=0),"",V43-V42) | X43: =운전실적_원본!M43 -> 196723.2 | Y43: =운전실적_원본!N43 -> 0 | Z43: =운전실적_원본!O43 -> 0 | AA43: =운전실적_원본!P43 -> 0 | AB43: =운전실적_원본!Q43 -> 0 | AC43: =운전실적_원본!R43 -> 0 | AD43: =운전실적_원본!S43 -> 24 | AE43: =운전실적_원본!T43 -> 0 | ... AG43: =운전실적_원본!V43 -> 0 | AH43: =((AM43-AL43)+(AO43-AN43)+(AQ43-AP43))*24 -> 24 | AI43: =(AS43-AR43)*24 -> 0 | AJ43: =(AU43-AT43)*24 -> 0 | AK43: =(AW43-AV43)*24 -> 0 | AL43: 45695 | AM43: =AL44 -> 45696 | AX43: =운전실적_원본!W43 -> 1254.7 | AY43: =운전실적_원본!X43 -> 0 | AZ43: =운전실적_원본!Y43 -> 0 | BA43: =운전실적_원본!Z43 -> 0 | BB43: =운전실적_원본!AA43 -> 0 | BC43: =운전실적_원본!AB43 -> 1254.7 | BD43: =IFERROR(AX43/AD43,"-") -> 52.279167 | BE43: =IFERROR(BD43/$BE$4,"-") -> 1.0173023 | BF43: =운전실적_원본!AE43 -> 0 | BG43: =IFERROR(BF43/$BG$4,"-") -> 0
A44: =A43+1 -> 45696 | B44: =운전실적_원본!B44 -> 4497 | C44: =IF(OR(LEN(B44)=0,B44=0),"",B44-B43) -> 14 | D44: =운전실적_원본!C44 -> 229437 | E44: =IF(OR(LEN(D44)=0,D44=0),"",D44-D43) -> 85 | F44: =운전실적_원본!D44 -> 223893 | G44: =IF(OR(LEN(F44)=0,F44=0),"",F44-F43) -> 95 | H44: =운전실적_원본!E44 -> 13934 | I44: =IF(OR(LEN(H44)=0,H44=0),"",H44-H43) -> 1 | J44: =운전실적_원본!E44 -> 13934 | K44: =IF(OR(LEN(J44)=0,J44=0),"",J44-J43) -> 1 | L44: =운전실적_원본!G44 -> 3774.2 | M44: =IF(OR(LEN(L44)=0,L44=0),"",L44-L43) -> 1.2 | N44: =운전실적_원본!H44 -> 6961 | O44: =IF(OR(LEN(N44)=0,N44=0),"",N44-N43) -> 145 | P44: =운전실적_원본!I44 -> 250477 | Q44: =IF(OR(LEN(P44)=0,P44=0),"",P44-P43) -> 287 | R44: =운전실적_원본!J44 -> 30.8 | S44: =IF(OR(LEN(R44)=0,R44=0),"",R44-R43) -> -0.06 | T44: =운전실적_원본!K44 -> 30.26 | U44: =IF(OR(LEN(T44)=0,T44=0),"",T44-T43) -> -0.09 | V44: =운전실적_원본!L44 -> 0 | W44: =IF(OR(LEN(V44)=0,V44=0),"",V44-V43) | X44: =운전실적_원본!M44 -> 196860 | Y44: =운전실적_원본!N44 -> 0 | Z44: =운전실적_원본!O44 -> 0 | AA44: =운전실적_원본!P44 -> 0 | AB44: =운전실적_원본!Q44 -> 0 | AC44: =운전실적_원본!R44 -> 0 | AD44: =운전실적_원본!S44 -> 24 | AE44: =운전실적_원본!T44 -> 0 | ... AG44: =운전실적_원본!V44 -> 0 | AH44: =((AM44-AL44)+(AO44-AN44)+(AQ44-AP44))*24 -> 24 | AI44: =(AS44-AR44)*24 -> 0 | AJ44: =(AU44-AT44)*24 -> 0 | AK44: =(AW44-AV44)*24 -> 0 | AL44: 45696 | AM44: =AL45 -> 45697 | AX44: =운전실적_원본!W44 -> 1258 | AY44: =운전실적_원본!X44 -> 0 | AZ44: =운전실적_원본!Y44 -> 0 | BA44: =운전실적_원본!Z44 -> 0 | BB44: =운전실적_원본!AA44 -> 0 | BC44: =운전실적_원본!AB44 -> 1258 | BD44: =IFERROR(AX44/AD44,"-") -> 52.416667 | BE44: =IFERROR(BD44/$BE$4,"-") -> 1.0199779 | BF44: =운전실적_원본!AE44 -> 0 | BG44: =IFERROR(BF44/$BG$4,"-") -> 0
A45: =A44+1 -> 45697 | B45: =운전실적_원본!B45 -> 4497 | C45: =IF(OR(LEN(B45)=0,B45=0),"",B45-B44) -> 0 | D45: =운전실적_원본!C45 -> 229437 | E45: =IF(OR(LEN(D45)=0,D45=0),"",D45-D44) -> 0 | F45: =운전실적_원본!D45 -> 223934 | G45: =IF(OR(LEN(F45)=0,F45=0),"",F45-F44) -> 41 | H45: =운전실적_원본!E45 -> 13936 | I45: =IF(OR(LEN(H45)=0,H45=0),"",H45-H44) -> 2 | J45: =운전실적_원본!E45 -> 13936 | K45: =IF(OR(LEN(J45)=0,J45=0),"",J45-J44) -> 2 | L45: =운전실적_원본!G45 -> 3775.1 | M45: =IF(OR(LEN(L45)=0,L45=0),"",L45-L44) -> 0.9 | N45: =운전실적_원본!H45 -> 7056 | O45: =IF(OR(LEN(N45)=0,N45=0),"",N45-N44) -> 95 | P45: =운전실적_원본!I45 -> 250584 | Q45: =IF(OR(LEN(P45)=0,P45=0),"",P45-P44) -> 107 | R45: =운전실적_원본!J45 -> 30.18 | S45: =IF(OR(LEN(R45)=0,R45=0),"",R45-R44) -> -0.62 | T45: =운전실적_원본!K45 -> 30.04 | U45: =IF(OR(LEN(T45)=0,T45=0),"",T45-T44) -> -0.22 | V45: =운전실적_원본!L45 -> 0 | W45: =IF(OR(LEN(V45)=0,V45=0),"",V45-V44) | X45: =운전실적_원본!M45 -> 194725.6 | Y45: =운전실적_원본!N45 -> 0 | Z45: =운전실적_원본!O45 -> 0 | AA45: =운전실적_원본!P45 -> 0 | AB45: =운전실적_원본!Q45 -> 0 | AC45: =운전실적_원본!R45 -> 0 | AD45: =운전실적_원본!S45 -> 24 | AE45: =운전실적_원본!T45 -> 0 | ... AG45: =운전실적_원본!V45 -> 0 | AH45: =((AM45-AL45)+(AO45-AN45)+(AQ45-AP45))*24 -> 24 | AI45: =(AS45-AR45)*24 -> 0 | AJ45: =(AU45-AT45)*24 -> 0 | AK45: =(AW45-AV45)*24 -> 0 | AL45: 45697 | AM45: =AL46 -> 45698 | AX45: =운전실적_원본!W45 -> 1252 | AY45: =운전실적_원본!X45 -> 0 | AZ45: =운전실적_원본!Y45 -> 0 | BA45: =운전실적_원본!Z45 -> 0 | BB45: =운전실적_원본!AA45 -> 0 | BC45: =운전실적_원본!AB45 -> 1252 | BD45: =IFERROR(AX45/AD45,"-") -> 52.166667 | BE45: =IFERROR(BD45/$BE$4,"-") -> 1.0151132 | BF45: =운전실적_원본!AE45 -> 0 | BG45: =IFERROR(BF45/$BG$4,"-") -> 0
A46: =A45+1 -> 45698 | B46: =운전실적_원본!B46 -> 4497 | C46: =IF(OR(LEN(B46)=0,B46=0),"",B46-B45) -> 0 | D46: =운전실적_원본!C46 -> 229518 | E46: =IF(OR(LEN(D46)=0,D46=0),"",D46-D45) -> 81 | F46: =운전실적_원본!D46 -> 223934 | G46: =IF(OR(LEN(F46)=0,F46=0),"",F46-F45) -> 0 | H46: =운전실적_원본!E46 -> 13940 | I46: =IF(OR(LEN(H46)=0,H46=0),"",H46-H45) -> 4 | J46: =운전실적_원본!E46 -> 13940 | K46: =IF(OR(LEN(J46)=0,J46=0),"",J46-J45) -> 4 | L46: =운전실적_원본!G46 -> 3775.8 | M46: =IF(OR(LEN(L46)=0,L46=0),"",L46-L45) -> 0.7 | N46: =운전실적_원본!H46 -> 7160 | O46: =IF(OR(LEN(N46)=0,N46=0),"",N46-N45) -> 104 | P46: =운전실적_원본!I46 -> 250784 | Q46: =IF(OR(LEN(P46)=0,P46=0),"",P46-P45) -> 200 | R46: =운전실적_원본!J46 -> 30.17 | S46: =IF(OR(LEN(R46)=0,R46=0),"",R46-R45) -> -0.01 | T46: =운전실적_원본!K46 -> 29.88 | U46: =IF(OR(LEN(T46)=0,T46=0),"",T46-T45) -> -0.16 | V46: =운전실적_원본!L46 -> 0 | W46: =IF(OR(LEN(V46)=0,V46=0),"",V46-V45) | X46: =운전실적_원본!M46 -> 195627.4 | Y46: =운전실적_원본!N46 -> 0 | Z46: =운전실적_원본!O46 -> 0 | AA46: =운전실적_원본!P46 -> 0 | AB46: =운전실적_원본!Q46 -> 0 | AC46: =운전실적_원본!R46 -> 0 | AD46: =운전실적_원본!S46 -> 24 | AE46: =운전실적_원본!T46 -> 0 | ... AG46: =운전실적_원본!V46 -> 0 | AH46: =((AM46-AL46)+(AO46-AN46)+(AQ46-AP46))*24 -> 24 | AI46: =(AS46-AR46)*24 -> 0 | AJ46: =(AU46-AT46)*24 -> 0 | AK46: =(AW46-AV46)*24 -> 0 | AL46: 45698 | AM46: =AL47 -> 45699 | AX46: =운전실적_원본!W46 -> 1248 | AY46: =운전실적_원본!X46 -> 0 | AZ46: =운전실적_원본!Y46 -> 0 | BA46: =운전실적_원본!Z46 -> 0 | BB46: =운전실적_원본!AA46 -> 0 | BC46: =운전실적_원본!AB46 -> 1248 | BD46: =IFERROR(AX46/AD46,"-") -> 52 | BE46: =IFERROR(BD46/$BE$4,"-") -> 1.01187 | BF46: =운전실적_원본!AE46 -> 0 | BG46: =IFERROR(BF46/$BG$4,"-") -> 0
A47: =A46+1 -> 45699 | B47: =운전실적_원본!B47 -> 4529 | C47: =IF(OR(LEN(B47)=0,B47=0),"",B47-B46) -> 32 | D47: =운전실적_원본!C47 -> 229630 | E47: =IF(OR(LEN(D47)=0,D47=0),"",D47-D46) -> 112 | F47: =운전실적_원본!D47 -> 224057 | G47: =IF(OR(LEN(F47)=0,F47=0),"",F47-F46) -> 123 | H47: =운전실적_원본!E47 -> 13945 | I47: =IF(OR(LEN(H47)=0,H47=0),"",H47-H46) -> 5 | J47: =운전실적_원본!E47 -> 13945 | K47: =IF(OR(LEN(J47)=0,J47=0),"",J47-J46) -> 5 | L47: =운전실적_원본!G47 -> 3776.8 | M47: =IF(OR(LEN(L47)=0,L47=0),"",L47-L46) -> 1 | N47: =운전실적_원본!H47 -> 7276 | O47: =IF(OR(LEN(N47)=0,N47=0),"",N47-N46) -> 116 | P47: =운전실적_원본!I47 -> 251092 | Q47: =IF(OR(LEN(P47)=0,P47=0),"",P47-P46) -> 308 | R47: =운전실적_원본!J47 -> 30.53 | S47: =IF(OR(LEN(R47)=0,R47=0),"",R47-R46) -> 0.36 | T47: =운전실적_원본!K47 -> 29.9 | U47: =IF(OR(LEN(T47)=0,T47=0),"",T47-T46) -> 0.02 | V47: =운전실적_원본!L47 -> 0 | W47: =IF(OR(LEN(V47)=0,V47=0),"",V47-V46) | X47: =운전실적_원본!M47 -> 178529 | Y47: =운전실적_원본!N47 -> 0 | Z47: =운전실적_원본!O47 -> 0 | AA47: =운전실적_원본!P47 -> 0 | AB47: =운전실적_원본!Q47 -> 0 | AC47: =운전실적_원본!R47 -> 0 | AD47: =운전실적_원본!S47 -> 22 | AE47: =운전실적_원본!T47 -> 0 | ... AG47: =운전실적_원본!V47 -> 0 | AH47: =((AM47-AL47)+(AO47-AN47)+(AQ47-AP47))*24 -> 22 | AI47: =(AS47-AR47)*24 -> 0 | AJ47: =(AU47-AT47)*24 -> 0 | AK47: =(AW47-AV47)*24 -> 0 | AL47: 45699 | AM47: 45699.917 | AX47: =운전실적_원본!W47 -> 1127 | AY47: =운전실적_원본!X47 -> 0 | AZ47: =운전실적_원본!Y47 -> 0 | BA47: =운전실적_원본!Z47 -> 0 | BB47: =운전실적_원본!AA47 -> 0 | BC47: =운전실적_원본!AB47 -> 1127 | BD47: =IFERROR(AX47/AD47,"-") -> 51.227273 | BE47: =IFERROR(BD47/$BE$4,"-") -> 0.99683348 | BF47: =운전실적_원본!AE47 -> 0 | BG47: =IFERROR(BF47/$BG$4,"-") -> 0
A48: =A47+1 -> 45700 | B48: =운전실적_원본!B48 -> 4560 | C48: =IF(OR(LEN(B48)=0,B48=0),"",B48-B47) -> 31 | D48: =운전실적_원본!C48 -> 229756 | E48: =IF(OR(LEN(D48)=0,D48=0),"",D48-D47) -> 126 | F48: =운전실적_원본!D48 -> 224142 | G48: =IF(OR(LEN(F48)=0,F48=0),"",F48-F47) -> 85 | H48: =운전실적_원본!E48 -> 13949 | I48: =IF(OR(LEN(H48)=0,H48=0),"",H48-H47) -> 4 | J48: =운전실적_원본!E48 -> 13949 | K48: =IF(OR(LEN(J48)=0,J48=0),"",J48-J47) -> 4 | L48: =운전실적_원본!G48 -> 3777.9 | M48: =IF(OR(LEN(L48)=0,L48=0),"",L48-L47) -> 1.1 | N48: =운전실적_원본!H48 -> 7392 | O48: =IF(OR(LEN(N48)=0,N48=0),"",N48-N47) -> 116 | P48: =운전실적_원본!I48 -> 251389 | Q48: =IF(OR(LEN(P48)=0,P48=0),"",P48-P47) -> 297 | R48: =운전실적_원본!J48 -> 30.44 | S48: =IF(OR(LEN(R48)=0,R48=0),"",R48-R47) -> -0.09 | T48: =운전실적_원본!K48 -> 30 | U48: =IF(OR(LEN(T48)=0,T48=0),"",T48-T47) -> 0.1 | V48: =운전실적_원본!L48 -> 0 | W48: =IF(OR(LEN(V48)=0,V48=0),"",V48-V47) | X48: =운전실적_원본!M48 -> 131754.3 | Y48: =운전실적_원본!N48 -> 0 | Z48: =운전실적_원본!O48 -> 0 | AA48: =운전실적_원본!P48 -> 0 | AB48: =운전실적_원본!Q48 -> 0 | AC48: =운전실적_원본!R48 -> 0 | AD48: =운전실적_원본!S48 -> 18 | AE48: =운전실적_원본!T48 -> 0 | ... AG48: =운전실적_원본!V48 -> 0 | AH48: =((AM48-AL48)+(AO48-AN48)+(AQ48-AP48))*24 -> 17.666667 | AI48: =(AS48-AR48)*24 -> 0 | AJ48: =(AU48-AT48)*24 -> 0 | AK48: =(AW48-AV48)*24 -> 0 | AL48: 45700.264 | AM48: =AL49 -> 45701 | AX48: =운전실적_원본!W48 -> 834 | AY48: =운전실적_원본!X48 -> 0 | AZ48: =운전실적_원본!Y48 -> 0 | BA48: =운전실적_원본!Z48 -> 0 | BB48: =운전실적_원본!AA48 -> 0 | BC48: =운전실적_원본!AB48 -> 834 | BD48: =IFERROR(AX48/AD48,"-") -> 46.333333 | BE48: =IFERROR(BD48/$BE$4,"-") -> 0.90160213 | BF48: =운전실적_원본!AE48 -> 0 | BG48: =IFERROR(BF48/$BG$4,"-") -> 0
A49: =A48+1 -> 45701 | B49: =운전실적_원본!B49 -> 4591 | C49: =IF(OR(LEN(B49)=0,B49=0),"",B49-B48) -> 31 | D49: =운전실적_원본!C49 -> 229816 | E49: =IF(OR(LEN(D49)=0,D49=0),"",D49-D48) -> 60 | F49: =운전실적_원본!D49 -> 224267 | G49: =IF(OR(LEN(F49)=0,F49=0),"",F49-F48) -> 125 | H49: =운전실적_원본!E49 -> 13955 | I49: =IF(OR(LEN(H49)=0,H49=0),"",H49-H48) -> 6 | J49: =운전실적_원본!E49 -> 13955 | K49: =IF(OR(LEN(J49)=0,J49=0),"",J49-J48) -> 6 | L49: =운전실적_원본!G49 -> 3779 | M49: =IF(OR(LEN(L49)=0,L49=0),"",L49-L48) -> 1.1 | N49: =운전실적_원본!H49 -> 7507 | O49: =IF(OR(LEN(N49)=0,N49=0),"",N49-N48) -> 115 | P49: =운전실적_원본!I49 -> 251684 | Q49: =IF(OR(LEN(P49)=0,P49=0),"",P49-P48) -> 295 | R49: =운전실적_원본!J49 -> 30.53 | S49: =IF(OR(LEN(R49)=0,R49=0),"",R49-R48) -> 0.09 | T49: =운전실적_원본!K49 -> 30.07 | U49: =IF(OR(LEN(T49)=0,T49=0),"",T49-T48) -> 0.07 | V49: =운전실적_원본!L49 -> 0 | W49: =IF(OR(LEN(V49)=0,V49=0),"",V49-V48) | X49: =운전실적_원본!M49 -> 183181.9 | Y49: =운전실적_원본!N49 -> 0 | Z49: =운전실적_원본!O49 -> 0 | AA49: =운전실적_원본!P49 -> 0 | AB49: =운전실적_원본!Q49 -> 0 | AC49: =운전실적_원본!R49 -> 0 | AD49: =운전실적_원본!S49 -> 23 | AE49: =운전실적_원본!T49 -> 0 | ... AG49: =운전실적_원본!V49 -> 0 | AH49: =((AM49-AL49)+(AO49-AN49)+(AQ49-AP49))*24 -> 23 | AI49: =(AS49-AR49)*24 -> 0 | AJ49: =(AU49-AT49)*24 -> 0 | AK49: =(AW49-AV49)*24 -> 0 | AL49: 45701 | AM49: 45701.958 | AX49: =운전실적_원본!W49 -> 1178 | AY49: =운전실적_원본!X49 -> 0 | AZ49: =운전실적_원본!Y49 -> 0 | BA49: =운전실적_원본!Z49 -> 0 | BB49: =운전실적_원본!AA49 -> 0 | BC49: =운전실적_원본!AB49 -> 1178 | BD49: =IFERROR(AX49/AD49,"-") -> 51.217391 | BE49: =IFERROR(BD49/$BE$4,"-") -> 0.9966412 | BF49: =운전실적_원본!AE49 -> 0 | BG49: =IFERROR(BF49/$BG$4,"-") -> 0
A50: =A49+1 -> 45702 | B50: =운전실적_원본!B50 -> 4623 | C50: =IF(OR(LEN(B50)=0,B50=0),"",B50-B49) -> 32 | D50: =운전실적_원본!C50 -> 229915 | E50: =IF(OR(LEN(D50)=0,D50=0),"",D50-D49) -> 99 | F50: =운전실적_원본!D50 -> 224391 | G50: =IF(OR(LEN(F50)=0,F50=0),"",F50-F49) -> 124 | H50: =운전실적_원본!E50 -> 13958 | I50: =IF(OR(LEN(H50)=0,H50=0),"",H50-H49) -> 3 | J50: =운전실적_원본!E50 -> 13958 | K50: =IF(OR(LEN(J50)=0,J50=0),"",J50-J49) -> 3 | L50: =운전실적_원본!G50 -> 3780.2 | M50: =IF(OR(LEN(L50)=0,L50=0),"",L50-L49) -> 1.2 | N50: =운전실적_원본!H50 -> 7622 | O50: =IF(OR(LEN(N50)=0,N50=0),"",N50-N49) -> 115 | P50: =운전실적_원본!I50 -> 251982 | Q50: =IF(OR(LEN(P50)=0,P50=0),"",P50-P49) -> 298 | R50: =운전실적_원본!J50 -> 30.8 | S50: =IF(OR(LEN(R50)=0,R50=0),"",R50-R49) -> 0.27 | T50: =운전실적_원본!K50 -> 30.1 | U50: =IF(OR(LEN(T50)=0,T50=0),"",T50-T49) -> 0.03 | V50: =운전실적_원본!L50 -> 0 | W50: =IF(OR(LEN(V50)=0,V50=0),"",V50-V49) | X50: =운전실적_원본!M50 -> 118169.1 | Y50: =운전실적_원본!N50 -> 0 | Z50: =운전실적_원본!O50 -> 0 | AA50: =운전실적_원본!P50 -> 0 | AB50: =운전실적_원본!Q50 -> 0 | AC50: =운전실적_원본!R50 -> 0 | AD50: =운전실적_원본!S50 -> 14 | AE50: =운전실적_원본!T50 -> 0 | ... AG50: =운전실적_원본!V50 -> 0 | AH50: =((AM50-AL50)+(AO50-AN50)+(AQ50-AP50))*24 -> 16.5 | AI50: =(AS50-AR50)*24 -> 0 | AJ50: =(AU50-AT50)*24 -> 0 | AK50: =(AW50-AV50)*24 -> 0 | AL50: 45702.229 | AM50: 45702.917 | AX50: =운전실적_원본!W50 -> 753.5 | AY50: =운전실적_원본!X50 -> 0 | AZ50: =운전실적_원본!Y50 -> 0 | BA50: =운전실적_원본!Z50 -> 0 | BB50: =운전실적_원본!AA50 -> 0 | BC50: =운전실적_원본!AB50 -> 753.5 | BD50: =IFERROR(AX50/AD50,"-") -> 53.821429 | BE50: =IFERROR(BD50/$BE$4,"-") -> 1.0473133 | BF50: =운전실적_원본!AE50 -> 0 | BG50: =IFERROR(BF50/$BG$4,"-") -> 0
A51: =A50+1 -> 45703 | B51: =운전실적_원본!B51 -> 4652 | C51: =IF(OR(LEN(B51)=0,B51=0),"",B51-B50) -> 29 | D51: =운전실적_원본!C51 -> 230048 | E51: =IF(OR(LEN(D51)=0,D51=0),"",D51-D50) -> 133 | F51: =운전실적_원본!D51 -> 224430 | G51: =IF(OR(LEN(F51)=0,F51=0),"",F51-F50) -> 39 | H51: =운전실적_원본!E51 -> 13961 | I51: =IF(OR(LEN(H51)=0,H51=0),"",H51-H50) -> 3 | J51: =운전실적_원본!E51 -> 13961 | K51: =IF(OR(LEN(J51)=0,J51=0),"",J51-J50) -> 3 | L51: =운전실적_원본!G51 -> 3781.1 | M51: =IF(OR(LEN(L51)=0,L51=0),"",L51-L50) -> 0.9 | N51: =운전실적_원본!H51 -> 7738 | O51: =IF(OR(LEN(N51)=0,N51=0),"",N51-N50) -> 116 | P51: =운전실적_원본!I51 -> 252224 | Q51: =IF(OR(LEN(P51)=0,P51=0),"",P51-P50) -> 242 | R51: =운전실적_원본!J51 -> 30.8 | S51: =IF(OR(LEN(R51)=0,R51=0),"",R51-R50) -> 0 | T51: =운전실적_원본!K51 -> 30.1 | U51: =IF(OR(LEN(T51)=0,T51=0),"",T51-T50) -> 0 | V51: =운전실적_원본!L51 -> 0 | W51: =IF(OR(LEN(V51)=0,V51=0),"",V51-V50) | X51: =운전실적_원본!M51 -> 0 | Y51: =운전실적_원본!N51 -> 0 | Z51: =운전실적_원본!O51 -> 0 | AA51: =운전실적_원본!P51 -> 0 | AB51: =운전실적_원본!Q51 -> 0 | AC51: =운전실적_원본!R51 -> 0 | AD51: =운전실적_원본!S51 -> 0 | AE51: =운전실적_원본!T51 -> 0 | ... AG51: =운전실적_원본!V51 -> 0 | AH51: =((AM51-AL51)+(AO51-AN51)+(AQ51-AP51))*24 -> 0 | AI51: =(AS51-AR51)*24 -> 0 | AJ51: =(AU51-AT51)*24 -> 0 | AK51: =(AW51-AV51)*24 -> 0 | AX51: =운전실적_원본!W51 -> 0 | AY51: =운전실적_원본!X51 -> 0 | AZ51: =운전실적_원본!Y51 -> 0 | BA51: =운전실적_원본!Z51 -> 0 | BB51: =운전실적_원본!AA51 -> 0 | BC51: =운전실적_원본!AB51 -> 0 | BD51: =IFERROR(AX51/AD51,"-") -> - | BE51: =IFERROR(BD51/$BE$4,"-") -> - | BF51: =운전실적_원본!AE51 -> 0 | BG51: =IFERROR(BF51/$BG$4,"-") -> 0
A52: =A51+1 -> 45704 | B52: =운전실적_원본!B52 -> 4652 | C52: =IF(OR(LEN(B52)=0,B52=0),"",B52-B51) -> 0 | D52: =운전실적_원본!C52 -> 230048 | E52: =IF(OR(LEN(D52)=0,D52=0),"",D52-D51) -> 0 | F52: =운전실적_원본!D52 -> 224430 | G52: =IF(OR(LEN(F52)=0,F52=0),"",F52-F51) -> 0 | H52: =운전실적_원본!E52 -> 13963 | I52: =IF(OR(LEN(H52)=0,H52=0),"",H52-H51) -> 2 | J52: =운전실적_원본!E52 -> 13963 | K52: =IF(OR(LEN(J52)=0,J52=0),"",J52-J51) -> 2 | L52: =운전실적_원본!G52 -> 3781.5 | M52: =IF(OR(LEN(L52)=0,L52=0),"",L52-L51) -> 0.4 | N52: =운전실적_원본!H52 -> 7738 | O52: =IF(OR(LEN(N52)=0,N52=0),"",N52-N51) -> 0 | P52: =운전실적_원본!I52 -> 252252 | Q52: =IF(OR(LEN(P52)=0,P52=0),"",P52-P51) -> 28 | R52: =운전실적_원본!J52 -> 30.5 | S52: =IF(OR(LEN(R52)=0,R52=0),"",R52-R51) -> -0.3 | T52: =운전실적_원본!K52 -> 30.036 | U52: =IF(OR(LEN(T52)=0,T52=0),"",T52-T51) -> -0.064 | V52: =운전실적_원본!L52 -> 0 | W52: =IF(OR(LEN(V52)=0,V52=0),"",V52-V51) | X52: =운전실적_원본!M52 -> 0 | Y52: =운전실적_원본!N52 -> 0 | Z52: =운전실적_원본!O52 -> 0 | AA52: =운전실적_원본!P52 -> 0 | AB52: =운전실적_원본!Q52 -> 0 | AC52: =운전실적_원본!R52 -> 0 | AD52: =운전실적_원본!S52 -> 0 | AE52: =운전실적_원본!T52 -> 0 | ... AG52: =운전실적_원본!V52 -> 0 | AH52: =((AM52-AL52)+(AO52-AN52)+(AQ52-AP52))*24 -> 0 | AI52: =(AS52-AR52)*24 -> 0 | AJ52: =(AU52-AT52)*24 -> 0 | AK52: =(AW52-AV52)*24 -> 0 | AX52: =운전실적_원본!W52 -> 0 | AY52: =운전실적_원본!X52 -> 0 | AZ52: =운전실적_원본!Y52 -> 0 | BA52: =운전실적_원본!Z52 -> 0 | BB52: =운전실적_원본!AA52 -> 0 | BC52: =운전실적_원본!AB52 -> 0 | BD52: =IFERROR(AX52/AD52,"-") -> - | BE52: =IFERROR(BD52/$BE$4,"-") -> - | BF52: =운전실적_원본!AE52 -> 0 | BG52: =IFERROR(BF52/$BG$4,"-") -> 0
A53: =A52+1 -> 45705 | B53: =운전실적_원본!B53 -> 4655 | C53: =IF(OR(LEN(B53)=0,B53=0),"",B53-B52) -> 3 | D53: =운전실적_원본!C53 -> 230124 | E53: =IF(OR(LEN(D53)=0,D53=0),"",D53-D52) -> 76 | F53: =운전실적_원본!D53 -> 224498 | G53: =IF(OR(LEN(F53)=0,F53=0),"",F53-F52) -> 68 | H53: =운전실적_원본!E53 -> 13970 | I53: =IF(OR(LEN(H53)=0,H53=0),"",H53-H52) -> 7 | J53: =운전실적_원본!E53 -> 13970 | K53: =IF(OR(LEN(J53)=0,J53=0),"",J53-J52) -> 7 | L53: =운전실적_원본!G53 -> 3782.3 | M53: =IF(OR(LEN(L53)=0,L53=0),"",L53-L52) -> 0.8 | N53: =운전실적_원본!H53 -> 7846 | O53: =IF(OR(LEN(N53)=0,N53=0),"",N53-N52) -> 108 | P53: =운전실적_원본!I53 -> 252473 | Q53: =IF(OR(LEN(P53)=0,P53=0),"",P53-P52) -> 221 | R53: =운전실적_원본!J53 -> 30.39 | S53: =IF(OR(LEN(R53)=0,R53=0),"",R53-R52) -> -0.11 | T53: =운전실적_원본!K53 -> 29.95 | U53: =IF(OR(LEN(T53)=0,T53=0),"",T53-T52) -> -0.086 | V53: =운전실적_원본!L53 -> 0 | W53: =IF(OR(LEN(V53)=0,V53=0),"",V53-V52) | X53: =운전실적_원본!M53 -> 139122 | Y53: =운전실적_원본!N53 -> 0 | Z53: =운전실적_원본!O53 -> 0 | AA53: =운전실적_원본!P53 -> 0 | AB53: =운전실적_원본!Q53 -> 0 | AC53: =운전실적_원본!R53 -> 0 | AD53: =운전실적_원본!S53 -> 21 | AE53: =운전실적_원본!T53 -> 0 | ... AG53: =운전실적_원본!V53 -> 0 | AH53: =((AM53-AL53)+(AO53-AN53)+(AQ53-AP53))*24 -> 21 | AI53: =(AS53-AR53)*24 -> 0 | AJ53: =(AU53-AT53)*24 -> 0 | AK53: =(AW53-AV53)*24 -> 0 | AL53: 45705.125 | AM53: =AL54 -> 45706 | AX53: =운전실적_원본!W53 -> 902.5 | AY53: =운전실적_원본!X53 -> 0 | AZ53: =운전실적_원본!Y53 -> 0 | BA53: =운전실적_원본!Z53 -> 0 | BB53: =운전실적_원본!AA53 -> 0 | BC53: =운전실적_원본!AB53 -> 902.5 | BD53: =IFERROR(AX53/AD53,"-") -> 42.97619 | BE53: =IFERROR(BD53/$BE$4,"-") -> 0.83627535 | BF53: =운전실적_원본!AE53 -> 0 | BG53: =IFERROR(BF53/$BG$4,"-") -> 0
A54: =A53+1 -> 45706 | B54: =운전실적_원본!B54 -> 4687 | C54: =IF(OR(LEN(B54)=0,B54=0),"",B54-B53) -> 32 | D54: =운전실적_원본!C54 -> 230206 | E54: =IF(OR(LEN(D54)=0,D54=0),"",D54-D53) -> 82 | F54: =운전실적_원본!D54 -> 224599 | G54: =IF(OR(LEN(F54)=0,F54=0),"",F54-F53) -> 101 | H54: =운전실적_원본!E54 -> 13975 | I54: =IF(OR(LEN(H54)=0,H54=0),"",H54-H53) -> 5 | J54: =운전실적_원본!E54 -> 13975 | K54: =IF(OR(LEN(J54)=0,J54=0),"",J54-J53) -> 5 | L54: =운전실적_원본!G54 -> 3783.4 | M54: =IF(OR(LEN(L54)=0,L54=0),"",L54-L53) -> 1.1 | N54: =운전실적_원본!H54 -> 7959 | O54: =IF(OR(LEN(N54)=0,N54=0),"",N54-N53) -> 113 | P54: =운전실적_원본!I54 -> 252769 | Q54: =IF(OR(LEN(P54)=0,P54=0),"",P54-P53) -> 296 | R54: =운전실적_원본!J54 -> 30.49 | S54: =IF(OR(LEN(R54)=0,R54=0),"",R54-R53) -> 0.1 | T54: =운전실적_원본!K54 -> 30.04 | U54: =IF(OR(LEN(T54)=0,T54=0),"",T54-T53) -> 0.09 | V54: =운전실적_원본!L54 -> 0 | W54: =IF(OR(LEN(V54)=0,V54=0),"",V54-V53) | X54: =운전실적_원본!M54 -> 150568 | Y54: =운전실적_원본!N54 -> 0 | Z54: =운전실적_원본!O54 -> 0 | AA54: =운전실적_원본!P54 -> 0 | AB54: =운전실적_원본!Q54 -> 0 | AC54: =운전실적_원본!R54 -> 0 | AD54: =운전실적_원본!S54 -> 18 | AE54: =운전실적_원본!T54 -> 0 | ... AG54: =운전실적_원본!V54 -> 0 | AH54: =((AM54-AL54)+(AO54-AN54)+(AQ54-AP54))*24 -> 19.75 | AI54: =(AS54-AR54)*24 -> 0 | AJ54: =(AU54-AT54)*24 -> 0 | AK54: =(AW54-AV54)*24 -> 0 | AL54: 45706 | AM54: 45706.08 | AN54: 45706.257 | AO54: 45707 | AX54: =운전실적_원본!W54 -> 944 | AY54: =운전실적_원본!X54 -> 0 | AZ54: =운전실적_원본!Y54 -> 0 | BA54: =운전실적_원본!Z54 -> 0 | BB54: =운전실적_원본!AA54 -> 0 | BC54: =운전실적_원본!AB54 -> 944 | BD54: =IFERROR(AX54/AD54,"-") -> 52.444444 | BE54: =IFERROR(BD54/$BE$4,"-") -> 1.0205185 | BF54: =운전실적_원본!AE54 -> 0 | BG54: =IFERROR(BF54/$BG$4,"-") -> 0
A55: =A54+1 -> 45707 | B55: =운전실적_원본!B55 -> 4712 | C55: =IF(OR(LEN(B55)=0,B55=0),"",B55-B54) -> 25 | D55: =운전실적_원본!C55 -> 230299 | E55: =IF(OR(LEN(D55)=0,D55=0),"",D55-D54) -> 93 | F55: =운전실적_원본!D55 -> 224742 | G55: =IF(OR(LEN(F55)=0,F55=0),"",F55-F54) -> 143 | H55: =운전실적_원본!E55 -> 13981 | I55: =IF(OR(LEN(H55)=0,H55=0),"",H55-H54) -> 6 | J55: =운전실적_원본!E55 -> 13981 | K55: =IF(OR(LEN(J55)=0,J55=0),"",J55-J54) -> 6 | L55: =운전실적_원본!G55 -> 3784.4 | M55: =IF(OR(LEN(L55)=0,L55=0),"",L55-L54) -> 1 | N55: =운전실적_원본!H55 -> 8077 | O55: =IF(OR(LEN(N55)=0,N55=0),"",N55-N54) -> 118 | P55: =운전실적_원본!I55 -> 253074 | Q55: =IF(OR(LEN(P55)=0,P55=0),"",P55-P54) -> 305 | R55: =운전실적_원본!J55 -> 30.6 | S55: =IF(OR(LEN(R55)=0,R55=0),"",R55-R54) -> 0.11 | T55: =운전실적_원본!K55 -> 29.99 | U55: =IF(OR(LEN(T55)=0,T55=0),"",T55-T54) -> -0.05 | V55: =운전실적_원본!L55 -> 0 | W55: =IF(OR(LEN(V55)=0,V55=0),"",V55-V54) | X55: =운전실적_원본!M55 -> 133461.9 | Y55: =운전실적_원본!N55 -> 0 | Z55: =운전실적_원본!O55 -> 0 | AA55: =운전실적_원본!P55 -> 0 | AB55: =운전실적_원본!Q55 -> 0 | AC55: =운전실적_원본!R55 -> 0 | AD55: =운전실적_원본!S55 -> 18 | AE55: =운전실적_원본!T55 -> 0 | ... AG55: =운전실적_원본!V55 -> 0 | AH55: =((AM55-AL55)+(AO55-AN55)+(AQ55-AP55))*24 -> 18.083333 | AI55: =(AS55-AR55)*24 -> 0 | AJ55: =(AU55-AT55)*24 -> 0 | AK55: =(AW55-AV55)*24 -> 0 | AL55: 45707.247 | AM55: 45708 | AX55: =운전실적_원본!W55 -> 855 | AY55: =운전실적_원본!X55 -> 0 | AZ55: =운전실적_원본!Y55 -> 0 | BA55: =운전실적_원본!Z55 -> 0 | BB55: =운전실적_원본!AA55 -> 0 | BC55: =운전실적_원본!AB55 -> 855 | BD55: =IFERROR(AX55/AD55,"-") -> 47.5 | BE55: =IFERROR(BD55/$BE$4,"-") -> 0.92430434 | BF55: =운전실적_원본!AE55 -> 0 | BG55: =IFERROR(BF55/$BG$4,"-") -> 0
A56: =A55+1 -> 45708 | B56: =운전실적_원본!B56 -> 4742 | C56: =IF(OR(LEN(B56)=0,B56=0),"",B56-B55) -> 30 | D56: =운전실적_원본!C56 -> 230405 | E56: =IF(OR(LEN(D56)=0,D56=0),"",D56-D55) -> 106 | F56: =운전실적_원본!D56 -> 224797 | G56: =IF(OR(LEN(F56)=0,F56=0),"",F56-F55) -> 55 | H56: =운전실적_원본!E56 -> 13985 | I56: =IF(OR(LEN(H56)=0,H56=0),"",H56-H55) -> 4 | J56: =운전실적_원본!E56 -> 13985 | K56: =IF(OR(LEN(J56)=0,J56=0),"",J56-J55) -> 4 | L56: =운전실적_원본!G56 -> 3785.7 | M56: =IF(OR(LEN(L56)=0,L56=0),"",L56-L55) -> 1.3 | N56: =운전실적_원본!H56 -> 8198 | O56: =IF(OR(LEN(N56)=0,N56=0),"",N56-N55) -> 121 | P56: =운전실적_원본!I56 -> 253295 | Q56: =IF(OR(LEN(P56)=0,P56=0),"",P56-P55) -> 221 | R56: =운전실적_원본!J56 -> 30.63 | S56: =IF(OR(LEN(R56)=0,R56=0),"",R56-R55) -> 0.03 | T56: =운전실적_원본!K56 -> 30.06 | U56: =IF(OR(LEN(T56)=0,T56=0),"",T56-T55) -> 0.07 | V56: =운전실적_원본!L56 -> 0 | W56: =IF(OR(LEN(V56)=0,V56=0),"",V56-V55) | X56: =운전실적_원본!M56 -> 134333.1 | Y56: =운전실적_원본!N56 -> 0 | Z56: =운전실적_원본!O56 -> 0 | AA56: =운전실적_원본!P56 -> 0 | AB56: =운전실적_원본!Q56 -> 0 | AC56: =운전실적_원본!R56 -> 0 | AD56: =운전실적_원본!S56 -> 18 | AE56: =운전실적_원본!T56 -> 0 | ... AG56: =운전실적_원본!V56 -> 0 | AH56: =((AM56-AL56)+(AO56-AN56)+(AQ56-AP56))*24 -> 17.916667 | AI56: =(AS56-AR56)*24 -> 0 | AJ56: =(AU56-AT56)*24 -> 0 | AK56: =(AW56-AV56)*24 -> 0 | AL56: 45708.253 | AM56: 45709 | AX56: =운전실적_원본!W56 -> 859 | AY56: =운전실적_원본!X56 -> 0 | AZ56: =운전실적_원본!Y56 -> 0 | BA56: =운전실적_원본!Z56 -> 0 | BB56: =운전실적_원본!AA56 -> 0 | BC56: =운전실적_원본!AB56 -> 859 | BD56: =IFERROR(AX56/AD56,"-") -> 47.722222 | BE56: =IFERROR(BD56/$BE$4,"-") -> 0.92862857 | BF56: =운전실적_원본!AE56 -> 0 | BG56: =IFERROR(BF56/$BG$4,"-") -> 0
A57: =A56+1 -> 45709 | B57: =운전실적_원본!B57 -> 4773 | C57: =IF(OR(LEN(B57)=0,B57=0),"",B57-B56) -> 31 | D57: =운전실적_원본!C57 -> 230474 | E57: =IF(OR(LEN(D57)=0,D57=0),"",D57-D56) -> 69 | F57: =운전실적_원본!D57 -> 224901 | G57: =IF(OR(LEN(F57)=0,F57=0),"",F57-F56) -> 104 | H57: =운전실적_원본!E57 -> 13990 | I57: =IF(OR(LEN(H57)=0,H57=0),"",H57-H56) -> 5 | J57: =운전실적_원본!E57 -> 13990 | K57: =IF(OR(LEN(J57)=0,J57=0),"",J57-J56) -> 5 | L57: =운전실적_원본!G57 -> 3786.5 | M57: =IF(OR(LEN(L57)=0,L57=0),"",L57-L56) -> 0.8 | N57: =운전실적_원본!H57 -> 8321 | O57: =IF(OR(LEN(N57)=0,N57=0),"",N57-N56) -> 123 | P57: =운전실적_원본!I57 -> 253579 | Q57: =IF(OR(LEN(P57)=0,P57=0),"",P57-P56) -> 284 | R57: =운전실적_원본!J57 -> 30.69 | S57: =IF(OR(LEN(R57)=0,R57=0),"",R57-R56) -> 0.06 | T57: =운전실적_원본!K57 -> 29.99 | U57: =IF(OR(LEN(T57)=0,T57=0),"",T57-T56) -> -0.07 | V57: =운전실적_원본!L57 -> 0 | W57: =IF(OR(LEN(V57)=0,V57=0),"",V57-V56) | X57: =운전실적_원본!M57 -> 134422.4 | Y57: =운전실적_원본!N57 -> 0 | Z57: =운전실적_원본!O57 -> 0 | AA57: =운전실적_원본!P57 -> 0 | AB57: =운전실적_원본!Q57 -> 0 | AC57: =운전실적_원본!R57 -> 0 | AD57: =운전실적_원본!S57 -> 18 | AE57: =운전실적_원본!T57 -> 0 | ... AG57: =운전실적_원본!V57 -> 0 | AH57: =((AM57-AL57)+(AO57-AN57)+(AQ57-AP57))*24 -> 17.916667 | AI57: =(AS57-AR57)*24 -> 0 | AJ57: =(AU57-AT57)*24 -> 0 | AK57: =(AW57-AV57)*24 -> 0 | AL57: 45709.253 | AM57: 45710 | AX57: =운전실적_원본!W57 -> 859 | AY57: =운전실적_원본!X57 -> 0 | AZ57: =운전실적_원본!Y57 -> 0 | BA57: =운전실적_원본!Z57 -> 0 | BB57: =운전실적_원본!AA57 -> 0 | BC57: =운전실적_원본!AB57 -> 859 | BD57: =IFERROR(AX57/AD57,"-") -> 47.722222 | BE57: =IFERROR(BD57/$BE$4,"-") -> 0.92862857 | BF57: =운전실적_원본!AE57 -> 0 | BG57: =IFERROR(BF57/$BG$4,"-") -> 0
A58: =A57+1 -> 45710 | B58: =운전실적_원본!B58 -> 4806 | C58: =IF(OR(LEN(B58)=0,B58=0),"",B58-B57) -> 33 | D58: =운전실적_원본!C58 -> 230556 | E58: =IF(OR(LEN(D58)=0,D58=0),"",D58-D57) -> 82 | F58: =운전실적_원본!D58 -> 225022 | G58: =IF(OR(LEN(F58)=0,F58=0),"",F58-F57) -> 121 | H58: =운전실적_원본!E58 -> 13993 | I58: =IF(OR(LEN(H58)=0,H58=0),"",H58-H57) -> 3 | J58: =운전실적_원본!E58 -> 13993 | K58: =IF(OR(LEN(J58)=0,J58=0),"",J58-J57) -> 3 | L58: =운전실적_원본!G58 -> 3787.2 | M58: =IF(OR(LEN(L58)=0,L58=0),"",L58-L57) -> 0.7 | N58: =운전실적_원본!H58 -> 8438 | O58: =IF(OR(LEN(N58)=0,N58=0),"",N58-N57) -> 117 | P58: =운전실적_원본!I58 -> 253876 | Q58: =IF(OR(LEN(P58)=0,P58=0),"",P58-P57) -> 297 | R58: =운전실적_원본!J58 -> 30.35 | S58: =IF(OR(LEN(R58)=0,R58=0),"",R58-R57) -> -0.34 | T58: =운전실적_원본!K58 -> 30.04 | U58: =IF(OR(LEN(T58)=0,T58=0),"",T58-T57) -> 0.05 | V58: =운전실적_원본!L58 -> 0 | W58: =IF(OR(LEN(V58)=0,V58=0),"",V58-V57) | X58: =운전실적_원본!M58 -> 26710.8 | Y58: =운전실적_원본!N58 -> 0 | Z58: =운전실적_원본!O58 -> 0 | AA58: =운전실적_원본!P58 -> 0 | AB58: =운전실적_원본!Q58 -> 0 | AC58: =운전실적_원본!R58 -> 0 | AD58: =운전실적_원본!S58 -> 5 | AE58: =운전실적_원본!T58 -> 0 | ... AG58: =운전실적_원본!V58 -> 0 | AH58: =((AM58-AL58)+(AO58-AN58)+(AQ58-AP58))*24 -> 4.5 | AI58: =(AS58-AR58)*24 -> 0 | AJ58: =(AU58-AT58)*24 -> 0 | AK58: =(AW58-AV58)*24 -> 0 | AL58: 45710.812 | AM58: =AL59 -> 45711 | AX58: =운전실적_원본!W58 -> 160 | AY58: =운전실적_원본!X58 -> 0 | AZ58: =운전실적_원본!Y58 -> 0 | BA58: =운전실적_원본!Z58 -> 0 | BB58: =운전실적_원본!AA58 -> 0 | BC58: =운전실적_원본!AB58 -> 160 | BD58: =IFERROR(AX58/AD58,"-") -> 32 | BE58: =IFERROR(BD58/$BE$4,"-") -> 0.62268924 | BF58: =운전실적_원본!AE58 -> 0 | BG58: =IFERROR(BF58/$BG$4,"-") -> 0
A59: =A58+1 -> 45711 | B59: =운전실적_원본!B59 -> 4821 | C59: =IF(OR(LEN(B59)=0,B59=0),"",B59-B58) -> 15 | D59: =운전실적_원본!C59 -> 230594 | E59: =IF(OR(LEN(D59)=0,D59=0),"",D59-D58) -> 38 | F59: =운전실적_원본!D59 -> 225049 | G59: =IF(OR(LEN(F59)=0,F59=0),"",F59-F58) -> 27 | H59: =운전실적_원본!E59 -> 13995 | I59: =IF(OR(LEN(H59)=0,H59=0),"",H59-H58) -> 2 | J59: =운전실적_원본!E59 -> 13995 | K59: =IF(OR(LEN(J59)=0,J59=0),"",J59-J58) -> 2 | L59: =운전실적_원본!G59 -> 3787.9 | M59: =IF(OR(LEN(L59)=0,L59=0),"",L59-L58) -> 0.7 | N59: =운전실적_원본!H59 -> 8495 | O59: =IF(OR(LEN(N59)=0,N59=0),"",N59-N58) -> 57 | P59: =운전실적_원본!I59 -> 253993 | Q59: =IF(OR(LEN(P59)=0,P59=0),"",P59-P58) -> 117 | R59: =운전실적_원본!J59 -> 30.15 | S59: =IF(OR(LEN(R59)=0,R59=0),"",R59-R58) -> -0.2 | T59: =운전실적_원본!K59 -> 29.94 | U59: =IF(OR(LEN(T59)=0,T59=0),"",T59-T58) -> -0.1 | V59: =운전실적_원본!L59 -> 0 | W59: =IF(OR(LEN(V59)=0,V59=0),"",V59-V58) | X59: =운전실적_원본!M59 -> 44511.3 | Y59: =운전실적_원본!N59 -> 0 | Z59: =운전실적_원본!O59 -> 0 | AA59: =운전실적_원본!P59 -> 0 | AB59: =운전실적_원본!Q59 -> 0 | AC59: =운전실적_원본!R59 -> 0 | AD59: =운전실적_원본!S59 -> 7 | AE59: =운전실적_원본!T59 -> 0 | ... AG59: =운전실적_원본!V59 -> 0 | AH59: =((AM59-AL59)+(AO59-AN59)+(AQ59-AP59))*24 -> 6.8333333 | AI59: =(AS59-AR59)*24 -> 0 | AJ59: =(AU59-AT59)*24 -> 0 | AK59: =(AW59-AV59)*24 -> 0 | AL59: 45711 | AM59: 45711.083 | AN59: 45711.799 | AO59: =AL60 -> 45712 | AX59: =운전실적_원본!W59 -> 274 | AY59: =운전실적_원본!X59 -> 0 | AZ59: =운전실적_원본!Y59 -> 0 | BA59: =운전실적_원본!Z59 -> 0 | BB59: =운전실적_원본!AA59 -> 0 | BC59: =운전실적_원본!AB59 -> 274 | BD59: =IFERROR(AX59/AD59,"-") -> 39.142857 | BE59: =IFERROR(BD59/$BE$4,"-") -> 0.76168237 | BF59: =운전실적_원본!AE59 -> 0 | BG59: =IFERROR(BF59/$BG$4,"-") -> 0
A60: =A59+1 -> 45712 | B60: =운전실적_원본!B60 -> 4834 | C60: =IF(OR(LEN(B60)=0,B60=0),"",B60-B59) -> 13 | D60: =운전실적_원본!C60 -> 230688 | E60: =IF(OR(LEN(D60)=0,D60=0),"",D60-D59) -> 94 | F60: =운전실적_원본!D60 -> 225066 | G60: =IF(OR(LEN(F60)=0,F60=0),"",F60-F59) -> 17 | H60: =운전실적_원본!E60 -> 14000 | I60: =IF(OR(LEN(H60)=0,H60=0),"",H60-H59) -> 5 | J60: =운전실적_원본!E60 -> 14000 | K60: =IF(OR(LEN(J60)=0,J60=0),"",J60-J59) -> 5 | L60: =운전실적_원본!G60 -> 3788.9 | M60: =IF(OR(LEN(L60)=0,L60=0),"",L60-L59) -> 1 | N60: =운전실적_원본!H60 -> 8623 | O60: =IF(OR(LEN(N60)=0,N60=0),"",N60-N59) -> 128 | P60: =운전실적_원본!I60 -> 254200 | Q60: =IF(OR(LEN(P60)=0,P60=0),"",P60-P59) -> 207 | R60: =운전실적_원본!J60 -> 30.232 | S60: =IF(OR(LEN(R60)=0,R60=0),"",R60-R59) -> 0.082 | T60: =운전실적_원본!K60 -> 29.854 | U60: =IF(OR(LEN(T60)=0,T60=0),"",T60-T59) -> -0.086 | V60: =운전실적_원본!L60 -> 0 | W60: =IF(OR(LEN(V60)=0,V60=0),"",V60-V59) | X60: =운전실적_원본!M60 -> 184632.9 | Y60: =운전실적_원본!N60 -> 0 | Z60: =운전실적_원본!O60 -> 0 | AA60: =운전실적_원본!P60 -> 0 | AB60: =운전실적_원본!Q60 -> 0 | AC60: =운전실적_원본!R60 -> 0 | AD60: =운전실적_원본!S60 -> 24 | AE60: =운전실적_원본!T60 -> 0 | ... AG60: =운전실적_원본!V60 -> 0 | AH60: =((AM60-AL60)+(AO60-AN60)+(AQ60-AP60))*24 -> 24 | AI60: =(AS60-AR60)*24 -> 0 | AJ60: =(AU60-AT60)*24 -> 0 | AK60: =(AW60-AV60)*24 -> 0 | AL60: 45712 | AM60: 45713 | AX60: =운전실적_원본!W60 -> 1194.8 | AY60: =운전실적_원본!X60 -> 0 | AZ60: =운전실적_원본!Y60 -> 0 | BA60: =운전실적_원본!Z60 -> 0 | BB60: =운전실적_원본!AA60 -> 0 | BC60: =운전실적_원본!AB60 -> 1194.8 | BD60: =IFERROR(AX60/AD60,"-") -> 49.783333 | BE60: =IFERROR(BD60/$BE$4,"-") -> 0.96873581 | BF60: =운전실적_원본!AE60 -> 0 | BG60: =IFERROR(BF60/$BG$4,"-") -> 0
A61: =A60+1 -> 45713 | B61: =운전실적_원본!B61 -> 4866 | C61: =IF(OR(LEN(B61)=0,B61=0),"",B61-B60) -> 32 | D61: =운전실적_원본!C61 -> 230755 | E61: =IF(OR(LEN(D61)=0,D61=0),"",D61-D60) -> 67 | F61: =운전실적_원본!D61 -> 225189 | G61: =IF(OR(LEN(F61)=0,F61=0),"",F61-F60) -> 123 | H61: =운전실적_원본!E61 -> 14004 | I61: =IF(OR(LEN(H61)=0,H61=0),"",H61-H60) -> 4 | J61: =운전실적_원본!E61 -> 14004 | K61: =IF(OR(LEN(J61)=0,J61=0),"",J61-J60) -> 4 | L61: =운전실적_원본!G61 -> 3789.9 | M61: =IF(OR(LEN(L61)=0,L61=0),"",L61-L60) -> 1 | N61: =운전실적_원본!H61 -> 8729 | O61: =IF(OR(LEN(N61)=0,N61=0),"",N61-N60) -> 106 | P61: =운전실적_원본!I61 -> 254494 | Q61: =IF(OR(LEN(P61)=0,P61=0),"",P61-P60) -> 294 | R61: =운전실적_원본!J61 -> 30.442 | S61: =IF(OR(LEN(R61)=0,R61=0),"",R61-R60) -> 0.21 | T61: =운전실적_원본!K61 -> 29.9 | U61: =IF(OR(LEN(T61)=0,T61=0),"",T61-T60) -> 0.046 | V61: =운전실적_원본!L61 -> 0 | W61: =IF(OR(LEN(V61)=0,V61=0),"",V61-V60) | X61: =운전실적_원본!M61 -> 102889.4 | Y61: =운전실적_원본!N61 -> 188 | Z61: =운전실적_원본!O61 -> 0 | AA61: =운전실적_원본!P61 -> 0 | AB61: =운전실적_원본!Q61 -> 0 | AC61: =운전실적_원본!R61 -> 188 | AD61: =운전실적_원본!S61 -> 14 | AE61: =운전실적_원본!T61 -> 0 | ... AG61: =운전실적_원본!V61 -> 0 | AH61: =((AM61-AL61)+(AO61-AN61)+(AQ61-AP61))*24 -> 14 | AI61: =(AS61-AR61)*24 -> 0 | AJ61: =(AU61-AT61)*24 -> 0 | AK61: =(AW61-AV61)*24 -> 0 | AL61: 45713.292 | AM61: 45713.875 | AX61: =운전실적_원본!W61 -> 658 | AY61: =운전실적_원본!X61 -> 0 | AZ61: =운전실적_원본!Y61 -> 0 | BA61: =운전실적_원본!Z61 -> 0 | BB61: =운전실적_원본!AA61 -> 0 | BC61: =운전실적_원본!AB61 -> 658 | BD61: =IFERROR(AX61/AD61,"-") -> 47 | BE61: =IFERROR(BD61/$BE$4,"-") -> 0.91457482 | BF61: =운전실적_원본!AE61 -> 0 | BG61: =IFERROR(BF61/$BG$4,"-") -> 0
A62: =A61+1 -> 45714 | B62: =운전실적_원본!B62 -> 4899 | C62: =IF(OR(LEN(B62)=0,B62=0),"",B62-B61) -> 33 | D62: =운전실적_원본!C62 -> 230906 | E62: =IF(OR(LEN(D62)=0,D62=0),"",D62-D61) -> 151 | F62: =운전실적_원본!D62 -> 225231 | G62: =IF(OR(LEN(F62)=0,F62=0),"",F62-F61) -> 42 | H62: =운전실적_원본!E62 -> 14008 | I62: =IF(OR(LEN(H62)=0,H62=0),"",H62-H61) -> 4 | J62: =운전실적_원본!E62 -> 14008 | K62: =IF(OR(LEN(J62)=0,J62=0),"",J62-J61) -> 4 | L62: =운전실적_원본!G62 -> 3790.5 | M62: =IF(OR(LEN(L62)=0,L62=0),"",L62-L61) -> 0.6 | N62: =운전실적_원본!H62 -> 8788 | O62: =IF(OR(LEN(N62)=0,N62=0),"",N62-N61) -> 59 | P62: =운전실적_원본!I62 -> 254772 | Q62: =IF(OR(LEN(P62)=0,P62=0),"",P62-P61) -> 278 | R62: =운전실적_원본!J62 -> 30.56 | S62: =IF(OR(LEN(R62)=0,R62=0),"",R62-R61) -> 0.118 | T62: =운전실적_원본!K62 -> 29.98 | U62: =IF(OR(LEN(T62)=0,T62=0),"",T62-T61) -> 0.08 | V62: =운전실적_원본!L62 -> 0 | W62: =IF(OR(LEN(V62)=0,V62=0),"",V62-V61) | X62: =운전실적_원본!M62 -> 0 | Y62: =운전실적_원본!N62 -> 0 | Z62: =운전실적_원본!O62 -> 0 | AA62: =운전실적_원본!P62 -> 0 | AB62: =운전실적_원본!Q62 -> 0 | AC62: =운전실적_원본!R62 -> 0 | AD62: =운전실적_원본!S62 -> 0 | AE62: =운전실적_원본!T62 -> 0 | ... AG62: =운전실적_원본!V62 -> 0 | AH62: =((AM62-AL62)+(AO62-AN62)+(AQ62-AP62))*24 -> 0 | AI62: =(AS62-AR62)*24 -> 0 | AJ62: =(AU62-AT62)*24 -> 0 | AK62: =(AW62-AV62)*24 -> 0 | AX62: =운전실적_원본!W62 -> 0 | AY62: =운전실적_원본!X62 -> 0 | AZ62: =운전실적_원본!Y62 -> 0 | BA62: =운전실적_원본!Z62 -> 0 | BB62: =운전실적_원본!AA62 -> 0 | BC62: =운전실적_원본!AB62 -> 0 | BD62: =IFERROR(AX62/AD62,"-") -> - | BE62: =IFERROR(BD62/$BE$4,"-") -> - | BF62: =운전실적_원본!AE62 -> 0 | BG62: =IFERROR(BF62/$BG$4,"-") -> 0
A63: =A62+1 -> 45715 | B63: =운전실적_원본!B63 -> 4931 | C63: =IF(OR(LEN(B63)=0,B63=0),"",B63-B62) -> 32 | D63: =운전실적_원본!C63 -> 230932 | E63: =IF(OR(LEN(D63)=0,D63=0),"",D63-D62) -> 26 | F63: =운전실적_원본!D63 -> 225392 | G63: =IF(OR(LEN(F63)=0,F63=0),"",F63-F62) -> 161 | H63: =운전실적_원본!E63 -> 14013 | I63: =IF(OR(LEN(H63)=0,H63=0),"",H63-H62) -> 5 | J63: =운전실적_원본!E63 -> 14013 | K63: =IF(OR(LEN(J63)=0,J63=0),"",J63-J62) -> 5 | L63: =운전실적_원본!G63 -> 3791 | M63: =IF(OR(LEN(L63)=0,L63=0),"",L63-L62) -> 0.5 | N63: =운전실적_원본!H63 -> 8845 | O63: =IF(OR(LEN(N63)=0,N63=0),"",N63-N62) -> 57 | P63: =운전실적_원본!I63 -> 254825 | Q63: =IF(OR(LEN(P63)=0,P63=0),"",P63-P62) -> 53 | R63: =운전실적_원본!J63 -> 30.74 | S63: =IF(OR(LEN(R63)=0,R63=0),"",R63-R62) -> 0.18 | T63: =운전실적_원본!K63 -> 30.1 | U63: =IF(OR(LEN(T63)=0,T63=0),"",T63-T62) -> 0.12 | V63: =운전실적_원본!L63 -> 0 | W63: =IF(OR(LEN(V63)=0,V63=0),"",V63-V62) | X63: =운전실적_원본!M63 -> 0 | Y63: =운전실적_원본!N63 -> 0 | Z63: =운전실적_원본!O63 -> 0 | AA63: =운전실적_원본!P63 -> 0 | AB63: =운전실적_원본!Q63 -> 0 | AC63: =운전실적_원본!R63 -> 0 | AD63: =운전실적_원본!S63 -> 0 | AE63: =운전실적_원본!T63 -> 0 | ... AG63: =운전실적_원본!V63 -> 0 | AH63: =((AM63-AL63)+(AO63-AN63)+(AQ63-AP63))*24 -> 0 | AI63: =(AS63-AR63)*24 -> 0 | AJ63: =(AU63-AT63)*24 -> 0 | AK63: =(AW63-AV63)*24 -> 0 | AX63: =운전실적_원본!W63 -> 0 | AY63: =운전실적_원본!X63 -> 0 | AZ63: =운전실적_원본!Y63 -> 0 | BA63: =운전실적_원본!Z63 -> 0 | BB63: =운전실적_원본!AA63 -> 0 | BC63: =운전실적_원본!AB63 -> 0 | BD63: =IFERROR(AX63/AD63,"-") -> - | BE63: =IFERROR(BD63/$BE$4,"-") -> - | BF63: =운전실적_원본!AE63 -> 0 | BG63: =IFERROR(BF63/$BG$4,"-") -> 0
A64: =A63+1 -> 45716 | B64: =운전실적_원본!B64 -> 4962 | C64: =IF(OR(LEN(B64)=0,B64=0),"",B64-B63) -> 31 | D64: =운전실적_원본!C64 -> 231051 | E64: =IF(OR(LEN(D64)=0,D64=0),"",D64-D63) -> 119 | F64: =운전실적_원본!D64 -> 225462 | G64: =IF(OR(LEN(F64)=0,F64=0),"",F64-F63) -> 70 | H64: =운전실적_원본!E64 -> 14019 | I64: =IF(OR(LEN(H64)=0,H64=0),"",H64-H63) -> 6 | J64: =운전실적_원본!E64 -> 14019 | K64: =IF(OR(LEN(J64)=0,J64=0),"",J64-J63) -> 6 | L64: =운전실적_원본!G64 -> 3791.9 | M64: =IF(OR(LEN(L64)=0,L64=0),"",L64-L63) -> 0.9 | N64: =운전실적_원본!H64 -> 8904 | O64: =IF(OR(LEN(N64)=0,N64=0),"",N64-N63) -> 59 | P64: =운전실적_원본!I64 -> 254857 | Q64: =IF(OR(LEN(P64)=0,P64=0),"",P64-P63) -> 32 | R64: =운전실적_원본!J64 -> 30.73 | S64: =IF(OR(LEN(R64)=0,R64=0),"",R64-R63) -> -0.01 | T64: =운전실적_원본!K64 -> 30.22 | U64: =IF(OR(LEN(T64)=0,T64=0),"",T64-T63) -> 0.12 | V64: =운전실적_원본!L64 -> 0 | W64: =IF(OR(LEN(V64)=0,V64=0),"",V64-V63) | X64: =운전실적_원본!M64 -> 0 | Y64: =운전실적_원본!N64 -> 0 | Z64: =운전실적_원본!O64 -> 0 | AA64: =운전실적_원본!P64 -> 0 | AB64: =운전실적_원본!Q64 -> 0 | AC64: =운전실적_원본!R64 -> 0 | AD64: =운전실적_원본!S64 -> 0 | AE64: =운전실적_원본!T64 -> 0 | ... AG64: =운전실적_원본!V64 -> 0 | AH64: =((AM64-AL64)+(AO64-AN64)+(AQ64-AP64))*24 -> 0 | AI64: =(AS64-AR64)*24 -> 0 | AJ64: =(AU64-AT64)*24 -> 0 | AK64: =(AW64-AV64)*24 -> 0 | AX64: =운전실적_원본!W64 -> 0 | AY64: =운전실적_원본!X64 -> 0 | AZ64: =운전실적_원본!Y64 -> 0 | BA64: =운전실적_원본!Z64 -> 0 | BB64: =운전실적_원본!AA64 -> 0 | BC64: =운전실적_원본!AB64 -> 0 | BD64: =IFERROR(AX64/AD64,"-") -> - | BE64: =IFERROR(BD64/$BE$4,"-") -> - | BF64: =운전실적_원본!AE64 -> 0 | BG64: =IFERROR(BF64/$BG$4,"-") -> 0
A65: =A64+1 -> 45717 | B65: =운전실적_원본!B65 -> 4995 | C65: =IF(OR(LEN(B65)=0,B65=0),"",B65-B64) -> 33 | D65: =운전실적_원본!C65 -> 231125 | E65: =IF(OR(LEN(D65)=0,D65=0),"",D65-D64) -> 74 | F65: =운전실적_원본!D65 -> 225574 | G65: =IF(OR(LEN(F65)=0,F65=0),"",F65-F64) -> 112 | H65: =운전실적_원본!E65 -> 14021 | I65: =IF(OR(LEN(H65)=0,H65=0),"",H65-H64) -> 2 | J65: =운전실적_원본!E65 -> 14021 | K65: =IF(OR(LEN(J65)=0,J65=0),"",J65-J64) -> 2 | L65: =운전실적_원본!G65 -> 3792.5 | M65: =IF(OR(LEN(L65)=0,L65=0),"",L65-L64) -> 0.6 | N65: =운전실적_원본!H65 -> 8944 | O65: =IF(OR(LEN(N65)=0,N65=0),"",N65-N64) -> 40 | P65: =운전실적_원본!I65 -> 255057 | Q65: =IF(OR(LEN(P65)=0,P65=0),"",P65-P64) -> 200 | R65: =운전실적_원본!J65 -> 30.47 | S65: =IF(OR(LEN(R65)=0,R65=0),"",R65-R64) -> -0.26 | T65: =운전실적_원본!K65 -> 30.19 | U65: =IF(OR(LEN(T65)=0,T65=0),"",T65-T64) -> -0.03 | V65: =운전실적_원본!L65 -> 0 | W65: =IF(OR(LEN(V65)=0,V65=0),"",V65-V64) | X65: =운전실적_원본!M65 -> 0 | Y65: =운전실적_원본!N65 -> 0 | Z65: =운전실적_원본!O65 -> 0 | AA65: =운전실적_원본!P65 -> 0 | AB65: =운전실적_원본!Q65 -> 0 | AC65: =운전실적_원본!R65 -> 0 | AD65: =운전실적_원본!S65 -> 0 | AE65: =운전실적_원본!T65 -> 0 | ... AG65: =운전실적_원본!V65 -> 0 | AH65: =((AM65-AL65)+(AO65-AN65)+(AQ65-AP65))*24 -> 0 | AI65: =(AS65-AR65)*24 -> 0 | AJ65: =(AU65-AT65)*24 -> 0 | AK65: =(AW65-AV65)*24 -> 0 | AX65: =운전실적_원본!W65 -> 0 | AY65: =운전실적_원본!X65 -> 0 | AZ65: =운전실적_원본!Y65 -> 0 | BA65: =운전실적_원본!Z65 -> 0 | BB65: =운전실적_원본!AA65 -> 0 | BC65: =운전실적_원본!AB65 -> 0 | BD65: =IFERROR(AX65/AD65,"-") -> - | BE65: =IFERROR(BD65/$BE$4,"-") -> - | BF65: =운전실적_원본!AE65 -> 0 | BG65: =IFERROR(BF65/$BG$4,"-") -> 0
A66: =A65+1 -> 45718 | B66: =운전실적_원본!B66 -> 5027 | C66: =IF(OR(LEN(B66)=0,B66=0),"",B66-B65) -> 32 | D66: =운전실적_원본!C66 -> 231223 | E66: =IF(OR(LEN(D66)=0,D66=0),"",D66-D65) -> 98 | F66: =운전실적_원본!D66 -> 225631 | G66: =IF(OR(LEN(F66)=0,F66=0),"",F66-F65) -> 57 | H66: =운전실적_원본!E66 -> 14024 | I66: =IF(OR(LEN(H66)=0,H66=0),"",H66-H65) -> 3 | J66: =운전실적_원본!E66 -> 14024 | K66: =IF(OR(LEN(J66)=0,J66=0),"",J66-J65) -> 3 | L66: =운전실적_원본!G66 -> 3793 | M66: =IF(OR(LEN(L66)=0,L66=0),"",L66-L65) -> 0.5 | N66: =운전실적_원본!H66 -> 8985 | O66: =IF(OR(LEN(N66)=0,N66=0),"",N66-N65) -> 41 | P66: =운전실적_원본!I66 -> 255212 | Q66: =IF(OR(LEN(P66)=0,P66=0),"",P66-P65) -> 155 | R66: =운전실적_원본!J66 -> 30.31 | S66: =IF(OR(LEN(R66)=0,R66=0),"",R66-R65) -> -0.16 | T66: =운전실적_원본!K66 -> 30.31 | U66: =IF(OR(LEN(T66)=0,T66=0),"",T66-T65) -> 0.12 | V66: =운전실적_원본!L66 -> 0 | W66: =IF(OR(LEN(V66)=0,V66=0),"",V66-V65) | X66: =운전실적_원본!M66 -> 0 | Y66: =운전실적_원본!N66 -> 0 | Z66: =운전실적_원본!O66 -> 0 | AA66: =운전실적_원본!P66 -> 0 | AB66: =운전실적_원본!Q66 -> 0 | AC66: =운전실적_원본!R66 -> 0 | AD66: =운전실적_원본!S66 -> 0 | AE66: =운전실적_원본!T66 -> 0 | ... AG66: =운전실적_원본!V66 -> 0 | AH66: =((AM66-AL66)+(AO66-AN66)+(AQ66-AP66))*24 -> 0 | AI66: =(AS66-AR66)*24 -> 0 | AJ66: =(AU66-AT66)*24 -> 0 | AK66: =(AW66-AV66)*24 -> 0 | AX66: =운전실적_원본!W66 -> 0 | AY66: =운전실적_원본!X66 -> 0 | AZ66: =운전실적_원본!Y66 -> 0 | BA66: =운전실적_원본!Z66 -> 0 | BB66: =운전실적_원본!AA66 -> 0 | BC66: =운전실적_원본!AB66 -> 0 | BD66: =IFERROR(AX66/AD66,"-") -> - | BE66: =IFERROR(BD66/$BE$4,"-") -> - | BF66: =운전실적_원본!AE66 -> 0 | BG66: =IFERROR(BF66/$BG$4,"-") -> 0
A67: =A66+1 -> 45719 | B67: =운전실적_원본!B67 -> 5053 | C67: =IF(OR(LEN(B67)=0,B67=0),"",B67-B66) -> 26 | D67: =운전실적_원본!C67 -> 231223 | E67: =IF(OR(LEN(D67)=0,D67=0),"",D67-D66) -> 0 | F67: =운전실적_원본!D67 -> 225725 | G67: =IF(OR(LEN(F67)=0,F67=0),"",F67-F66) -> 94 | H67: =운전실적_원본!E67 -> 14027 | I67: =IF(OR(LEN(H67)=0,H67=0),"",H67-H66) -> 3 | J67: =운전실적_원본!E67 -> 14027 | K67: =IF(OR(LEN(J67)=0,J67=0),"",J67-J66) -> 3 | L67: =운전실적_원본!G67 -> 3793.5 | M67: =IF(OR(LEN(L67)=0,L67=0),"",L67-L66) -> 0.5 | N67: =운전실적_원본!H67 -> 9018 | O67: =IF(OR(LEN(N67)=0,N67=0),"",N67-N66) -> 33 | P67: =운전실적_원본!I67 -> 255407 | Q67: =IF(OR(LEN(P67)=0,P67=0),"",P67-P66) -> 195 | R67: =운전실적_원본!J67 -> 30.67 | S67: =IF(OR(LEN(R67)=0,R67=0),"",R67-R66) -> 0.36 | T67: =운전실적_원본!K67 -> 30.18 | U67: =IF(OR(LEN(T67)=0,T67=0),"",T67-T66) -> -0.13 | V67: =운전실적_원본!L67 -> 0 | W67: =IF(OR(LEN(V67)=0,V67=0),"",V67-V66) | X67: =운전실적_원본!M67 -> 129212.4 | Y67: =운전실적_원본!N67 -> 0 | Z67: =운전실적_원본!O67 -> 0 | AA67: =운전실적_원본!P67 -> 0 | AB67: =운전실적_원본!Q67 -> 0 | AC67: =운전실적_원본!R67 -> 0 | AD67: =운전실적_원본!S67 -> 22 | AE67: =운전실적_원본!T67 -> 0 | ... AG67: =운전실적_원본!V67 -> 0 | AH67: =((AM67-AL67)+(AO67-AN67)+(AQ67-AP67))*24 -> 21.5 | AI67: =(AS67-AR67)*24 -> 0 | AJ67: =(AU67-AT67)*24 -> 0 | AK67: =(AW67-AV67)*24 -> 0 | AL67: 45719.083 | AM67: 45719.979 | AX67: =운전실적_원본!W67 -> 806.3 | AY67: =운전실적_원본!X67 -> 0 | AZ67: =운전실적_원본!Y67 -> 0 | BA67: =운전실적_원본!Z67 -> 0 | BB67: =운전실적_원본!AA67 -> 0 | BC67: =운전실적_원본!AB67 -> 806.3 | BD67: =IFERROR(AX67/AD67,"-") -> 36.65 | BE67: =IFERROR(BD67/$BE$4,"-") -> 0.71317377 | BF67: =운전실적_원본!AE67 -> 0 | BG67: =IFERROR(BF67/$BG$4,"-") -> 0
A68: =A67+1 -> 45720 | B68: =운전실적_원본!B68 -> 5053 | C68: =IF(OR(LEN(B68)=0,B68=0),"",B68-B67) -> 0 | D68: =운전실적_원본!C68 -> 231231 | E68: =IF(OR(LEN(D68)=0,D68=0),"",D68-D67) -> 8 | F68: =운전실적_원본!D68 -> 225782 | G68: =IF(OR(LEN(F68)=0,F68=0),"",F68-F67) -> 57 | H68: =운전실적_원본!E68 -> 14033 | I68: =IF(OR(LEN(H68)=0,H68=0),"",H68-H67) -> 6 | J68: =운전실적_원본!E68 -> 14033 | K68: =IF(OR(LEN(J68)=0,J68=0),"",J68-J67) -> 6 | L68: =운전실적_원본!G68 -> 3794.4 | M68: =IF(OR(LEN(L68)=0,L68=0),"",L68-L67) -> 0.9 | N68: =운전실적_원본!H68 -> 9118 | O68: =IF(OR(LEN(N68)=0,N68=0),"",N68-N67) -> 100 | P68: =운전실적_원본!I68 -> 255564 | Q68: =IF(OR(LEN(P68)=0,P68=0),"",P68-P67) -> 157 | R68: =운전실적_원본!J68 -> 30.28 | S68: =IF(OR(LEN(R68)=0,R68=0),"",R68-R67) -> -0.39 | T68: =운전실적_원본!K68 -> 30.11 | U68: =IF(OR(LEN(T68)=0,T68=0),"",T68-T67) -> -0.07 | V68: =운전실적_원본!L68 -> 0 | W68: =IF(OR(LEN(V68)=0,V68=0),"",V68-V67) | X68: =운전실적_원본!M68 -> 120437.6 | Y68: =운전실적_원본!N68 -> 0 | Z68: =운전실적_원본!O68 -> 0 | AA68: =운전실적_원본!P68 -> 0 | AB68: =운전실적_원본!Q68 -> 0 | AC68: =운전실적_원본!R68 -> 0 | AD68: =운전실적_원본!S68 -> 16 | AE68: =운전실적_원본!T68 -> 0 | ... AG68: =운전실적_원본!V68 -> 0 | AH68: =((AM68-AL68)+(AO68-AN68)+(AQ68-AP68))*24 -> 16.083333 | AI68: =(AS68-AR68)*24 -> 0 | AJ68: =(AU68-AT68)*24 -> 0 | AK68: =(AW68-AV68)*24 -> 0 | AL68: 45720.288 | AM68: 45720.958 | AX68: =운전실적_원본!W68 -> 766 | AY68: =운전실적_원본!X68 -> 0 | AZ68: =운전실적_원본!Y68 -> 0 | BA68: =운전실적_원본!Z68 -> 0 | BB68: =운전실적_원본!AA68 -> 0 | BC68: =운전실적_원본!AB68 -> 766 | BD68: =IFERROR(AX68/AD68,"-") -> 47.875 | BE68: =IFERROR(BD68/$BE$4,"-") -> 0.93160148 | BF68: =운전실적_원본!AE68 -> 0 | BG68: =IFERROR(BF68/$BG$4,"-") -> 0
A69: =A68+1 -> 45721 | B69: =운전실적_원본!B69 -> 5062 | C69: =IF(OR(LEN(B69)=0,B69=0),"",B69-B68) -> 9 | D69: =운전실적_원본!C69 -> 231322 | E69: =IF(OR(LEN(D69)=0,D69=0),"",D69-D68) -> 91 | F69: =운전실적_원본!D69 -> 225803 | G69: =IF(OR(LEN(F69)=0,F69=0),"",F69-F68) -> 21 | H69: =운전실적_원본!E69 -> 14038 | I69: =IF(OR(LEN(H69)=0,H69=0),"",H69-H68) -> 5 | J69: =운전실적_원본!E69 -> 14038 | K69: =IF(OR(LEN(J69)=0,J69=0),"",J69-J68) -> 5 | L69: =운전실적_원본!G69 -> 3795.2 | M69: =IF(OR(LEN(L69)=0,L69=0),"",L69-L68) -> 0.8 | N69: =운전실적_원본!H69 -> 9199 | O69: =IF(OR(LEN(N69)=0,N69=0),"",N69-N68) -> 81 | P69: =운전실적_원본!I69 -> 255768 | Q69: =IF(OR(LEN(P69)=0,P69=0),"",P69-P68) -> 204 | R69: =운전실적_원본!J69 -> 30.36 | S69: =IF(OR(LEN(R69)=0,R69=0),"",R69-R68) -> 0.08 | T69: =운전실적_원본!K69 -> 30.01 | U69: =IF(OR(LEN(T69)=0,T69=0),"",T69-T68) -> -0.1 | V69: =운전실적_원본!L69 -> 0 | W69: =IF(OR(LEN(V69)=0,V69=0),"",V69-V68) | X69: =운전실적_원본!M69 -> 136409.2 | Y69: =운전실적_원본!N69 -> 0 | Z69: =운전실적_원본!O69 -> 0 | AA69: =운전실적_원본!P69 -> 0 | AB69: =운전실적_원본!Q69 -> 0 | AC69: =운전실적_원본!R69 -> 0 | AD69: =운전실적_원본!S69 -> 18 | AE69: =운전실적_원본!T69 -> 0 | ... AG69: =운전실적_원본!V69 -> 0 | AH69: =((AM69-AL69)+(AO69-AN69)+(AQ69-AP69))*24 -> 18.166667 | AI69: =(AS69-AR69)*24 -> 0 | AJ69: =(AU69-AT69)*24 -> 0 | AK69: =(AW69-AV69)*24 -> 0 | AL69: 45721.243 | AM69: 45722 | AX69: =운전실적_원본!W69 -> 864 | AY69: =운전실적_원본!X69 -> 0 | AZ69: =운전실적_원본!Y69 -> 0 | BA69: =운전실적_원본!Z69 -> 0 | BB69: =운전실적_원본!AA69 -> 0 | BC69: =운전실적_원본!AB69 -> 864 | BD69: =IFERROR(AX69/AD69,"-") -> 48 | BE69: =IFERROR(BD69/$BE$4,"-") -> 0.93403386 | BF69: =운전실적_원본!AE69 -> 0 | BG69: =IFERROR(BF69/$BG$4,"-") -> 0
A70: =A69+1 -> 45722 | B70: =운전실적_원본!B70 -> 5092 | C70: =IF(OR(LEN(B70)=0,B70=0),"",B70-B69) -> 30 | D70: =운전실적_원본!C70 -> 231413 | E70: =IF(OR(LEN(D70)=0,D70=0),"",D70-D69) -> 91 | F70: =운전실적_원본!D70 -> 225955 | G70: =IF(OR(LEN(F70)=0,F70=0),"",F70-F69) -> 152 | H70: =운전실적_원본!E70 -> 14043 | I70: =IF(OR(LEN(H70)=0,H70=0),"",H70-H69) -> 5 | J70: =운전실적_원본!E70 -> 14043 | K70: =IF(OR(LEN(J70)=0,J70=0),"",J70-J69) -> 5 | L70: =운전실적_원본!G70 -> 3796.3 | M70: =IF(OR(LEN(L70)=0,L70=0),"",L70-L69) -> 1.1 | N70: =운전실적_원본!H70 -> 9326 | O70: =IF(OR(LEN(N70)=0,N70=0),"",N70-N69) -> 127 | P70: =운전실적_원본!I70 -> 256121 | Q70: =IF(OR(LEN(P70)=0,P70=0),"",P70-P69) -> 353 | R70: =운전실적_원본!J70 -> 30.36 | S70: =IF(OR(LEN(R70)=0,R70=0),"",R70-R69) -> 0 | T70: =운전실적_원본!K70 -> 30.11 | U70: =IF(OR(LEN(T70)=0,T70=0),"",T70-T69) -> 0.1 | V70: =운전실적_원본!L70 -> 0 | W70: =IF(OR(LEN(V70)=0,V70=0),"",V70-V69) | X70: =운전실적_원본!M70 -> 111981 | Y70: =운전실적_원본!N70 -> 0 | Z70: =운전실적_원본!O70 -> 0 | AA70: =운전실적_원본!P70 -> 0 | AB70: =운전실적_원본!Q70 -> 0 | AC70: =운전실적_원본!R70 -> 0 | AD70: =운전실적_원본!S70 -> 15 | AE70: =운전실적_원본!T70 -> 0 | ... AG70: =운전실적_원본!V70 -> 0 | AH70: =((AM70-AL70)+(AO70-AN70)+(AQ70-AP70))*24 -> 15 | AI70: =(AS70-AR70)*24 -> 0 | AJ70: =(AU70-AT70)*24 -> 0 | AK70: =(AW70-AV70)*24 -> 0 | AL70: 45722.25 | AM70: 45722.875 | AX70: =운전실적_원본!W70 -> 704 | AY70: =운전실적_원본!X70 -> 0 | AZ70: =운전실적_원본!Y70 -> 0 | BA70: =운전실적_원본!Z70 -> 0 | BB70: =운전실적_원본!AA70 -> 0 | BC70: =운전실적_원본!AB70 -> 704 | BD70: =IFERROR(AX70/AD70,"-") -> 46.933333 | BE70: =IFERROR(BD70/$BE$4,"-") -> 0.91327755 | BF70: =운전실적_원본!AE70 -> 0 | BG70: =IFERROR(BF70/$BG$4,"-") -> 0
A71: =A70+1 -> 45723 | B71: =운전실적_원본!B71 -> 5125 | C71: =IF(OR(LEN(B71)=0,B71=0),"",B71-B70) -> 33 | D71: =운전실적_원본!C71 -> 231492 | E71: =IF(OR(LEN(D71)=0,D71=0),"",D71-D70) -> 79 | F71: =운전실적_원본!D71 -> 226039 | G71: =IF(OR(LEN(F71)=0,F71=0),"",F71-F70) -> 84 | H71: =운전실적_원본!E71 -> 14048 | I71: =IF(OR(LEN(H71)=0,H71=0),"",H71-H70) -> 5 | J71: =운전실적_원본!E71 -> 14048 | K71: =IF(OR(LEN(J71)=0,J71=0),"",J71-J70) -> 5 | L71: =운전실적_원본!G71 -> 3797.3 | M71: =IF(OR(LEN(L71)=0,L71=0),"",L71-L70) -> 1 | N71: =운전실적_원본!H71 -> 9414 | O71: =IF(OR(LEN(N71)=0,N71=0),"",N71-N70) -> 88 | P71: =운전실적_원본!I71 -> 256359 | Q71: =IF(OR(LEN(P71)=0,P71=0),"",P71-P70) -> 238 | R71: =운전실적_원본!J71 -> 30.76 | S71: =IF(OR(LEN(R71)=0,R71=0),"",R71-R70) -> 0.4 | T71: =운전실적_원본!K71 -> 30.2 | U71: =IF(OR(LEN(T71)=0,T71=0),"",T71-T70) -> 0.09 | V71: =운전실적_원본!L71 -> 0 | W71: =IF(OR(LEN(V71)=0,V71=0),"",V71-V70) | X71: =운전실적_원본!M71 -> 132489.4 | Y71: =운전실적_원본!N71 -> 0 | Z71: =운전실적_원본!O71 -> 0 | AA71: =운전실적_원본!P71 -> 0 | AB71: =운전실적_원본!Q71 -> 0 | AC71: =운전실적_원본!R71 -> 0 | AD71: =운전실적_원본!S71 -> 17 | AE71: =운전실적_원본!T71 -> 0 | ... AG71: =운전실적_원본!V71 -> 0 | AH71: =((AM71-AL71)+(AO71-AN71)+(AQ71-AP71))*24 -> 17.5 | AI71: =(AS71-AR71)*24 -> 0 | AJ71: =(AU71-AT71)*24 -> 0 | AK71: =(AW71-AV71)*24 -> 0 | AL71: 45723.271 | AM71: =AL72 -> 45724 | AX71: =운전실적_원본!W71 -> 837 | AY71: =운전실적_원본!X71 -> 0 | AZ71: =운전실적_원본!Y71 -> 0 | BA71: =운전실적_원본!Z71 -> 0 | BB71: =운전실적_원본!AA71 -> 0 | BC71: =운전실적_원본!AB71 -> 837 | BD71: =IFERROR(AX71/AD71,"-") -> 49.235294 | BE71: =IFERROR(BD71/$BE$4,"-") -> 0.95807149 | BF71: =운전실적_원본!AE71 -> 0 | BG71: =IFERROR(BF71/$BG$4,"-") -> 0
A72: =A71+1 -> 45724 | B72: =운전실적_원본!B72 -> 5158 | C72: =IF(OR(LEN(B72)=0,B72=0),"",B72-B71) -> 33 | D72: =운전실적_원본!C72 -> 231546 | E72: =IF(OR(LEN(D72)=0,D72=0),"",D72-D71) -> 54 | F72: =운전실적_원본!D72 -> 226146 | G72: =IF(OR(LEN(F72)=0,F72=0),"",F72-F71) -> 107 | H72: =운전실적_원본!E72 -> 14052 | I72: =IF(OR(LEN(H72)=0,H72=0),"",H72-H71) -> 4 | J72: =운전실적_원본!E72 -> 14052 | K72: =IF(OR(LEN(J72)=0,J72=0),"",J72-J71) -> 4 | L72: =운전실적_원본!G72 -> 3798 | M72: =IF(OR(LEN(L72)=0,L72=0),"",L72-L71) -> 0.7 | N72: =운전실적_원본!H72 -> 9505 | O72: =IF(OR(LEN(N72)=0,N72=0),"",N72-N71) -> 91 | P72: =운전실적_원본!I72 -> 256812 | Q72: =IF(OR(LEN(P72)=0,P72=0),"",P72-P71) -> 453 | R72: =운전실적_원본!J72 -> 30.76 | S72: =IF(OR(LEN(R72)=0,R72=0),"",R72-R71) -> 0 | T72: =운전실적_원본!K72 -> 30.13 | U72: =IF(OR(LEN(T72)=0,T72=0),"",T72-T71) -> -0.07 | V72: =운전실적_원본!L72 -> 0 | W72: =IF(OR(LEN(V72)=0,V72=0),"",V72-V71) | X72: =운전실적_원본!M72 -> 76359 | Y72: =운전실적_원본!N72 -> 0 | Z72: =운전실적_원본!O72 -> 0 | AA72: =운전실적_원본!P72 -> 0 | AB72: =운전실적_원본!Q72 -> 0 | AC72: =운전실적_원본!R72 -> 0 | AD72: =운전실적_원본!S72 -> 13 | AE72: =운전실적_원본!T72 -> 0 | ... AG72: =운전실적_원본!V72 -> 0 | AH72: =((AM72-AL72)+(AO72-AN72)+(AQ72-AP72))*24 -> 12.083333 | AI72: =(AS72-AR72)*24 -> 0 | AJ72: =(AU72-AT72)*24 -> 0 | AK72: =(AW72-AV72)*24 -> 0 | AL72: 45724 | AM72: 45724.33 | AN72: 45724.826 | AO72: =AL73 -> 45725 | AX72: =운전실적_원본!W72 -> 448 | AY72: =운전실적_원본!X72 -> 0 | AZ72: =운전실적_원본!Y72 -> 0 | BA72: =운전실적_원본!Z72 -> 0 | BB72: =운전실적_원본!AA72 -> 0 | BC72: =운전실적_원본!AB72 -> 448 | BD72: =IFERROR(AX72/AD72,"-") -> 34.461538 | BE72: =IFERROR(BD72/$BE$4,"-") -> 0.67058841 | BF72: =운전실적_원본!AE72 -> 0 | BG72: =IFERROR(BF72/$BG$4,"-") -> 0
A73: =A72+1 -> 45725 | B73: =운전실적_원본!B73 -> 5185 | C73: =IF(OR(LEN(B73)=0,B73=0),"",B73-B72) -> 27 | D73: =운전실적_원본!C73 -> 231662 | E73: =IF(OR(LEN(D73)=0,D73=0),"",D73-D72) -> 116 | F73: =운전실적_원본!D73 -> 226146 | G73: =IF(OR(LEN(F73)=0,F73=0),"",F73-F72) -> 0 | H73: =운전실적_원본!E73 -> 14054 | I73: =IF(OR(LEN(H73)=0,H73=0),"",H73-H72) -> 2 | J73: =운전실적_원본!E73 -> 14054 | K73: =IF(OR(LEN(J73)=0,J73=0),"",J73-J72) -> 2 | L73: =운전실적_원본!G73 -> 3799.1 | M73: =IF(OR(LEN(L73)=0,L73=0),"",L73-L72) -> 1.1 | N73: =운전실적_원본!H73 -> 9530 | O73: =IF(OR(LEN(N73)=0,N73=0),"",N73-N72) -> 25 | P73: =운전실적_원본!I73 -> 256923 | Q73: =IF(OR(LEN(P73)=0,P73=0),"",P73-P72) -> 111 | R73: =운전실적_원본!J73 -> 30.59 | S73: =IF(OR(LEN(R73)=0,R73=0),"",R73-R72) -> -0.17 | T73: =운전실적_원본!K73 -> 30.19 | U73: =IF(OR(LEN(T73)=0,T73=0),"",T73-T72) -> 0.06 | V73: =운전실적_원본!L73 -> 0 | W73: =IF(OR(LEN(V73)=0,V73=0),"",V73-V72) | X73: =운전실적_원본!M73 -> 63376 | Y73: =운전실적_원본!N73 -> 0 | Z73: =운전실적_원본!O73 -> 0 | AA73: =운전실적_원본!P73 -> 0 | AB73: =운전실적_원본!Q73 -> 0 | AC73: =운전실적_원본!R73 -> 0 | AD73: =운전실적_원본!S73 -> 7 | AE73: =운전실적_원본!T73 -> 0 | ... AG73: =운전실적_원본!V73 -> 0 | AH73: =((AM73-AL73)+(AO73-AN73)+(AQ73-AP73))*24 -> 16.666667 | AI73: =(AS73-AR73)*24 -> 0 | AJ73: =(AU73-AT73)*24 -> 0 | AK73: =(AW73-AV73)*24 -> 0 | AL73: 45725 | AM73: 45725.042 | AN73: 45725.642 | AO73: =AL74 -> 45726.295 | AX73: =운전실적_원본!W73 -> 387 | AY73: =운전실적_원본!X73 -> 0 | AZ73: =운전실적_원본!Y73 -> 0 | BA73: =운전실적_원본!Z73 -> 0 | BB73: =운전실적_원본!AA73 -> 0 | BC73: =운전실적_원본!AB73 -> 387 | BD73: =IFERROR(AX73/AD73,"-") -> 55.285714 | BE73: =IFERROR(BD73/$BE$4,"-") -> 1.0758069 | BF73: =운전실적_원본!AE73 -> 0 | BG73: =IFERROR(BF73/$BG$4,"-") -> 0
A74: =A73+1 -> 45726 | B74: =운전실적_원본!B74 -> 5217 | C74: =IF(OR(LEN(B74)=0,B74=0),"",B74-B73) -> 32 | D74: =운전실적_원본!C74 -> 231732 | E74: =IF(OR(LEN(D74)=0,D74=0),"",D74-D73) -> 70 | F74: =운전실적_원본!D74 -> 226230 | G74: =IF(OR(LEN(F74)=0,F74=0),"",F74-F73) -> 84 | H74: =운전실적_원본!E74 -> 14063 | I74: =IF(OR(LEN(H74)=0,H74=0),"",H74-H73) -> 9 | J74: =운전실적_원본!E74 -> 14063 | K74: =IF(OR(LEN(J74)=0,J74=0),"",J74-J73) -> 9 | L74: =운전실적_원본!G74 -> 3800.1 | M74: =IF(OR(LEN(L74)=0,L74=0),"",L74-L73) -> 1 | N74: =운전실적_원본!H74 -> 9622 | O74: =IF(OR(LEN(N74)=0,N74=0),"",N74-N73) -> 92 | P74: =운전실적_원본!I74 -> 257216 | Q74: =IF(OR(LEN(P74)=0,P74=0),"",P74-P73) -> 293 | R74: =운전실적_원본!J74 -> 30.54 | S74: =IF(OR(LEN(R74)=0,R74=0),"",R74-R73) -> -0.05 | T74: =운전실적_원본!K74 -> 30.11 | U74: =IF(OR(LEN(T74)=0,T74=0),"",T74-T73) -> -0.08 | V74: =운전실적_원본!L74 -> 0 | W74: =IF(OR(LEN(V74)=0,V74=0),"",V74-V73) | X74: =운전실적_원본!M74 -> 85234.8 | Y74: =운전실적_원본!N74 -> 0 | Z74: =운전실적_원본!O74 -> 0 | AA74: =운전실적_원본!P74 -> 0 | AB74: =운전실적_원본!Q74 -> 0 | AC74: =운전실적_원본!R74 -> 0 | AD74: =운전실적_원본!S74 -> 13 | AE74: =운전실적_원본!T74 -> 0 | ... AG74: =운전실적_원본!V74 -> 0 | AH74: =((AM74-AL74)+(AO74-AN74)+(AQ74-AP74))*24 -> 12.916667 | AI74: =(AS74-AR74)*24 -> 0 | AJ74: =(AU74-AT74)*24 -> 0 | AK74: =(AW74-AV74)*24 -> 0 | AL74: 45726.295 | AM74: 45726.833 | AX74: =운전실적_원본!W74 -> 537 | AY74: =운전실적_원본!X74 -> 0 | AZ74: =운전실적_원본!Y74 -> 0 | BA74: =운전실적_원본!Z74 -> 0 | BB74: =운전실적_원본!AA74 -> 0 | BC74: =운전실적_원본!AB74 -> 537 | BD74: =IFERROR(AX74/AD74,"-") -> 41.307692 | BE74: =IFERROR(BD74/$BE$4,"-") -> 0.80380798 | BF74: =운전실적_원본!AE74 -> 0 | BG74: =IFERROR(BF74/$BG$4,"-") -> 0
A75: =A74+1 -> 45727 | B75: =운전실적_원본!B75 -> 5231 | C75: =IF(OR(LEN(B75)=0,B75=0),"",B75-B74) -> 14 | D75: =운전실적_원본!C75 -> 231732 | E75: =IF(OR(LEN(D75)=0,D75=0),"",D75-D74) -> 0 | F75: =운전실적_원본!D75 -> 226296 | G75: =IF(OR(LEN(F75)=0,F75=0),"",F75-F74) -> 66 | H75: =운전실적_원본!E75 -> 14072 | I75: =IF(OR(LEN(H75)=0,H75=0),"",H75-H74) -> 9 | J75: =운전실적_원본!E75 -> 14072 | K75: =IF(OR(LEN(J75)=0,J75=0),"",J75-J74) -> 9 | L75: =운전실적_원본!G75 -> 3801.4 | M75: =IF(OR(LEN(L75)=0,L75=0),"",L75-L74) -> 1.3 | N75: =운전실적_원본!H75 -> 9719 | O75: =IF(OR(LEN(N75)=0,N75=0),"",N75-N74) -> 97 | P75: =운전실적_원본!I75 -> 257341 | Q75: =IF(OR(LEN(P75)=0,P75=0),"",P75-P74) -> 125 | R75: =운전실적_원본!J75 -> 30.45 | S75: =IF(OR(LEN(R75)=0,R75=0),"",R75-R74) -> -0.09 | T75: =운전실적_원본!K75 -> 30.08 | U75: =IF(OR(LEN(T75)=0,T75=0),"",T75-T74) -> -0.03 | V75: =운전실적_원본!L75 -> 0 | W75: =IF(OR(LEN(V75)=0,V75=0),"",V75-V74) | X75: =운전실적_원본!M75 -> 84595.5 | Y75: =운전실적_원본!N75 -> 0 | Z75: =운전실적_원본!O75 -> 0 | AA75: =운전실적_원본!P75 -> 0 | AB75: =운전실적_원본!Q75 -> 0 | AC75: =운전실적_원본!R75 -> 0 | AD75: =운전실적_원본!S75 -> 13 | AE75: =운전실적_원본!T75 -> 0 | ... AG75: =운전실적_원본!V75 -> 0 | AH75: =((AM75-AL75)+(AO75-AN75)+(AQ75-AP75))*24 -> 13 | AI75: =(AS75-AR75)*24 -> 0 | AJ75: =(AU75-AT75)*24 -> 0 | AK75: =(AW75-AV75)*24 -> 0 | AL75: 45727.292 | AM75: 45727.833 | AX75: =운전실적_원본!W75 -> 532 | AY75: =운전실적_원본!X75 -> 0 | AZ75: =운전실적_원본!Y75 -> 0 | BA75: =운전실적_원본!Z75 -> 0 | BB75: =운전실적_원본!AA75 -> 0 | BC75: =운전실적_원본!AB75 -> 532 | BD75: =IFERROR(AX75/AD75,"-") -> 40.923077 | BE75: =IFERROR(BD75/$BE$4,"-") -> 0.79632374 | BF75: =운전실적_원본!AE75 -> 0 | BG75: =IFERROR(BF75/$BG$4,"-") -> 0
A76: =A75+1 -> 45728 | B76: =운전실적_원본!B76 -> 5231 | C76: =IF(OR(LEN(B76)=0,B76=0),"",B76-B75) -> 0 | D76: =운전실적_원본!C76 -> 231835 | E76: =IF(OR(LEN(D76)=0,D76=0),"",D76-D75) -> 103 | F76: =운전실적_원본!D76 -> 226333 | G76: =IF(OR(LEN(F76)=0,F76=0),"",F76-F75) -> 37 | H76: =운전실적_원본!E76 -> 14077 | I76: =IF(OR(LEN(H76)=0,H76=0),"",H76-H75) -> 5 | J76: =운전실적_원본!E76 -> 14077 | K76: =IF(OR(LEN(J76)=0,J76=0),"",J76-J75) -> 5 | L76: =운전실적_원본!G76 -> 3802.6 | M76: =IF(OR(LEN(L76)=0,L76=0),"",L76-L75) -> 1.2 | N76: =운전실적_원본!H76 -> 9840 | O76: =IF(OR(LEN(N76)=0,N76=0),"",N76-N75) -> 121 | P76: =운전실적_원본!I76 -> 257663 | Q76: =IF(OR(LEN(P76)=0,P76=0),"",P76-P75) -> 322 | R76: =운전실적_원본!J76 -> 30.35 | S76: =IF(OR(LEN(R76)=0,R76=0),"",R76-R75) -> -0.1 | T76: =운전실적_원본!K76 -> 29.88 | U76: =IF(OR(LEN(T76)=0,T76=0),"",T76-T75) -> -0.2 | V76: =운전실적_원본!L76 -> 0 | W76: =IF(OR(LEN(V76)=0,V76=0),"",V76-V75) | X76: =운전실적_원본!M76 -> 92979.4 | Y76: =운전실적_원본!N76 -> 0 | Z76: =운전실적_원본!O76 -> 0 | AA76: =운전실적_원본!P76 -> 0 | AB76: =운전실적_원본!Q76 -> 0 | AC76: =운전실적_원본!R76 -> 0 | AD76: =운전실적_원본!S76 -> 14 | AE76: =운전실적_원본!T76 -> 0 | ... AG76: =운전실적_원본!V76 -> 0 | AH76: =((AM76-AL76)+(AO76-AN76)+(AQ76-AP76))*24 -> 13.916667 | AI76: =(AS76-AR76)*24 -> 0 | AJ76: =(AU76-AT76)*24 -> 0 | AK76: =(AW76-AV76)*24 -> 0 | AL76: 45728.295 | AM76: 45728.875 | AX76: =운전실적_원본!W76 -> 587 | AY76: =운전실적_원본!X76 -> 0 | AZ76: =운전실적_원본!Y76 -> 0 | BA76: =운전실적_원본!Z76 -> 0 | BB76: =운전실적_원본!AA76 -> 0 | BC76: =운전실적_원본!AB76 -> 587 | BD76: =IFERROR(AX76/AD76,"-") -> 41.928571 | BE76: =IFERROR(BD76/$BE$4,"-") -> 0.8158897 | BF76: =운전실적_원본!AE76 -> 0 | BG76: =IFERROR(BF76/$BG$4,"-") -> 0
A77: =A76+1 -> 45729 | B77: =운전실적_원본!B77 -> 5258 | C77: =IF(OR(LEN(B77)=0,B77=0),"",B77-B76) -> 27 | D77: =운전실적_원본!C77 -> 231918 | E77: =IF(OR(LEN(D77)=0,D77=0),"",D77-D76) -> 83 | F77: =운전실적_원본!D77 -> 226439 | G77: =IF(OR(LEN(F77)=0,F77=0),"",F77-F76) -> 106 | H77: =운전실적_원본!E77 -> 14082 | I77: =IF(OR(LEN(H77)=0,H77=0),"",H77-H76) -> 5 | J77: =운전실적_원본!E77 -> 14082 | K77: =IF(OR(LEN(J77)=0,J77=0),"",J77-J76) -> 5 | L77: =운전실적_원본!G77 -> 3803.8 | M77: =IF(OR(LEN(L77)=0,L77=0),"",L77-L76) -> 1.2 | N77: =운전실적_원본!H77 -> 9959 | O77: =IF(OR(LEN(N77)=0,N77=0),"",N77-N76) -> 119 | P77: =운전실적_원본!I77 -> 257874 | Q77: =IF(OR(LEN(P77)=0,P77=0),"",P77-P76) -> 211 | R77: =운전실적_원본!J77 -> 30.55 | S77: =IF(OR(LEN(R77)=0,R77=0),"",R77-R76) -> 0.2 | T77: =운전실적_원본!K77 -> 30 | U77: =IF(OR(LEN(T77)=0,T77=0),"",T77-T76) -> 0.12 | V77: =운전실적_원본!L77 -> 0 | W77: =IF(OR(LEN(V77)=0,V77=0),"",V77-V76) | X77: =운전실적_원본!M77 -> 0 | Y77: =운전실적_원본!N77 -> 0 | Z77: =운전실적_원본!O77 -> 0 | AA77: =운전실적_원본!P77 -> 0 | AB77: =운전실적_원본!Q77 -> 0 | AC77: =운전실적_원본!R77 -> 0 | AD77: =운전실적_원본!S77 -> 0 | AE77: =운전실적_원본!T77 -> 0 | ... AG77: =운전실적_원본!V77 -> 0 | AH77: =((AM77-AL77)+(AO77-AN77)+(AQ77-AP77))*24 -> 0 | AI77: =(AS77-AR77)*24 -> 0 | AJ77: =(AU77-AT77)*24 -> 0 | AK77: =(AW77-AV77)*24 -> 0 | AX77: =운전실적_원본!W77 -> 0 | AY77: =운전실적_원본!X77 -> 0 | AZ77: =운전실적_원본!Y77 -> 0 | BA77: =운전실적_원본!Z77 -> 0 | BB77: =운전실적_원본!AA77 -> 0 | BC77: =운전실적_원본!AB77 -> 0 | BD77: =IFERROR(AX77/AD77,"-") -> - | BE77: =IFERROR(BD77/$BE$4,"-") -> - | BF77: =운전실적_원본!AE77 -> 0 | BG77: =IFERROR(BF77/$BG$4,"-") -> 0
A78: =A77+1 -> 45730 | B78: =운전실적_원본!B78 -> 5277 | C78: =IF(OR(LEN(B78)=0,B78=0),"",B78-B77) -> 19 | D78: =운전실적_원본!C78 -> 232003 | E78: =IF(OR(LEN(D78)=0,D78=0),"",D78-D77) -> 85 | F78: =운전실적_원본!D78 -> 226480 | G78: =IF(OR(LEN(F78)=0,F78=0),"",F78-F77) -> 41 | H78: =운전실적_원본!E78 -> 14088 | I78: =IF(OR(LEN(H78)=0,H78=0),"",H78-H77) -> 6 | J78: =운전실적_원본!E78 -> 14088 | K78: =IF(OR(LEN(J78)=0,J78=0),"",J78-J77) -> 6 | L78: =운전실적_원본!G78 -> 3805.1 | M78: =IF(OR(LEN(L78)=0,L78=0),"",L78-L77) -> 1.3 | N78: =운전실적_원본!H78 -> 10075 | O78: =IF(OR(LEN(N78)=0,N78=0),"",N78-N77) -> 116 | P78: =운전실적_원본!I78 -> 258054 | Q78: =IF(OR(LEN(P78)=0,P78=0),"",P78-P77) -> 180 | R78: =운전실적_원본!J78 -> 30.61 | S78: =IF(OR(LEN(R78)=0,R78=0),"",R78-R77) -> 0.06 | T78: =운전실적_원본!K78 -> 29.92 | U78: =IF(OR(LEN(T78)=0,T78=0),"",T78-T77) -> -0.08 | V78: =운전실적_원본!L78 -> 0 | W78: =IF(OR(LEN(V78)=0,V78=0),"",V78-V77) | X78: =운전실적_원본!M78 -> 0 | Y78: =운전실적_원본!N78 -> 0 | Z78: =운전실적_원본!O78 -> 0 | AA78: =운전실적_원본!P78 -> 0 | AB78: =운전실적_원본!Q78 -> 0 | AC78: =운전실적_원본!R78 -> 0 | AD78: =운전실적_원본!S78 -> 0 | AE78: =운전실적_원본!T78 -> 0 | ... AG78: =운전실적_원본!V78 -> 0 | AH78: =((AM78-AL78)+(AO78-AN78)+(AQ78-AP78))*24 -> 0 | AI78: =(AS78-AR78)*24 -> 0 | AJ78: =(AU78-AT78)*24 -> 0 | AK78: =(AW78-AV78)*24 -> 0 | AX78: =운전실적_원본!W78 -> 0 | AY78: =운전실적_원본!X78 -> 0 | AZ78: =운전실적_원본!Y78 -> 0 | BA78: =운전실적_원본!Z78 -> 0 | BB78: =운전실적_원본!AA78 -> 0 | BC78: =운전실적_원본!AB78 -> 0 | BD78: =IFERROR(AX78/AD78,"-") -> - | BE78: =IFERROR(BD78/$BE$4,"-") -> - | BF78: =운전실적_원본!AE78 -> 0 | BG78: =IFERROR(BF78/$BG$4,"-") -> 0
A79: =A78+1 -> 45731 | B79: =운전실적_원본!B79 -> 5306 | C79: =IF(OR(LEN(B79)=0,B79=0),"",B79-B78) -> 29 | D79: =운전실적_원본!C79 -> 232032 | E79: =IF(OR(LEN(D79)=0,D79=0),"",D79-D78) -> 29 | F79: =운전실적_원본!D79 -> 226600 | G79: =IF(OR(LEN(F79)=0,F79=0),"",F79-F78) -> 120 | H79: =운전실적_원본!E79 -> 14092 | I79: =IF(OR(LEN(H79)=0,H79=0),"",H79-H78) -> 4 | J79: =운전실적_원본!E79 -> 14092 | K79: =IF(OR(LEN(J79)=0,J79=0),"",J79-J78) -> 4 | L79: =운전실적_원본!G79 -> 3805.8 | M79: =IF(OR(LEN(L79)=0,L79=0),"",L79-L78) -> 0.7 | N79: =운전실적_원본!H79 -> 10076 | O79: =IF(OR(LEN(N79)=0,N79=0),"",N79-N78) -> 1 | P79: =운전실적_원본!I79 -> 258116 | Q79: =IF(OR(LEN(P79)=0,P79=0),"",P79-P78) -> 62 | R79: =운전실적_원본!J79 -> 30.51 | S79: =IF(OR(LEN(R79)=0,R79=0),"",R79-R78) -> -0.1 | T79: =운전실적_원본!K79 -> 29.91 | U79: =IF(OR(LEN(T79)=0,T79=0),"",T79-T78) -> -0.01 | V79: =운전실적_원본!L79 -> 0 | W79: =IF(OR(LEN(V79)=0,V79=0),"",V79-V78) | X79: =운전실적_원본!M79 -> 0 | Y79: =운전실적_원본!N79 -> 0 | Z79: =운전실적_원본!O79 -> 0 | AA79: =운전실적_원본!P79 -> 0 | AB79: =운전실적_원본!Q79 -> 0 | AC79: =운전실적_원본!R79 -> 0 | AD79: =운전실적_원본!S79 -> 0 | AE79: =운전실적_원본!T79 -> 0 | ... AG79: =운전실적_원본!V79 -> 0 | AH79: =((AM79-AL79)+(AO79-AN79)+(AQ79-AP79))*24 -> 0 | AI79: =(AS79-AR79)*24 -> 0 | AJ79: =(AU79-AT79)*24 -> 0 | AK79: =(AW79-AV79)*24 -> 0 | AX79: =운전실적_원본!W79 -> 0 | AY79: =운전실적_원본!X79 -> 0 | AZ79: =운전실적_원본!Y79 -> 0 | BA79: =운전실적_원본!Z79 -> 0 | BB79: =운전실적_원본!AA79 -> 0 | BC79: =운전실적_원본!AB79 -> 0 | BD79: =IFERROR(AX79/AD79,"-") -> - | BE79: =IFERROR(BD79/$BE$4,"-") -> - | BF79: =운전실적_원본!AE79 -> 0 | BG79: =IFERROR(BF79/$BG$4,"-") -> 0
A80: =A79+1 -> 45732 | B80: =운전실적_원본!B80 -> 5339 | C80: =IF(OR(LEN(B80)=0,B80=0),"",B80-B79) -> 33 | D80: =운전실적_원본!C80 -> 232127 | E80: =IF(OR(LEN(D80)=0,D80=0),"",D80-D79) -> 95 | F80: =운전실적_원본!D80 -> 226600 | G80: =IF(OR(LEN(F80)=0,F80=0),"",F80-F79) -> 0 | H80: =운전실적_원본!E80 -> 14105 | I80: =IF(OR(LEN(H80)=0,H80=0),"",H80-H79) -> 13 | J80: =운전실적_원본!E80 -> 14105 | K80: =IF(OR(LEN(J80)=0,J80=0),"",J80-J79) -> 13 | L80: =운전실적_원본!G80 -> 3806.3 | M80: =IF(OR(LEN(L80)=0,L80=0),"",L80-L79) -> 0.5 | N80: =운전실적_원본!H80 -> 10076 | O80: =IF(OR(LEN(N80)=0,N80=0),"",N80-N79) -> 0 | P80: =운전실적_원본!I80 -> 258441 | Q80: =IF(OR(LEN(P80)=0,P80=0),"",P80-P79) -> 325 | R80: =운전실적_원본!J80 -> 30.38 | S80: =IF(OR(LEN(R80)=0,R80=0),"",R80-R79) -> -0.13 | T80: =운전실적_원본!K80 -> 29.91 | U80: =IF(OR(LEN(T80)=0,T80=0),"",T80-T79) -> 0 | V80: =운전실적_원본!L80 -> 0 | W80: =IF(OR(LEN(V80)=0,V80=0),"",V80-V79) | X80: =운전실적_원본!M80 -> 0 | Y80: =운전실적_원본!N80 -> 0 | Z80: =운전실적_원본!O80 -> 0 | AA80: =운전실적_원본!P80 -> 0 | AB80: =운전실적_원본!Q80 -> 0 | AC80: =운전실적_원본!R80 -> 0 | AD80: =운전실적_원본!S80 -> 0 | AE80: =운전실적_원본!T80 -> 0 | ... AG80: =운전실적_원본!V80 -> 0 | AH80: =((AM80-AL80)+(AO80-AN80)+(AQ80-AP80))*24 -> 0 | AI80: =(AS80-AR80)*24 -> 0 | AJ80: =(AU80-AT80)*24 -> 0 | AK80: =(AW80-AV80)*24 -> 0 | AX80: =운전실적_원본!W80 -> 0 | AY80: =운전실적_원본!X80 -> 0 | AZ80: =운전실적_원본!Y80 -> 0 | BA80: =운전실적_원본!Z80 -> 0 | BB80: =운전실적_원본!AA80 -> 0 | BC80: =운전실적_원본!AB80 -> 0 | BD80: =IFERROR(AX80/AD80,"-") -> - | BE80: =IFERROR(BD80/$BE$4,"-") -> - | BF80: =운전실적_원본!AE80 -> 0 | BG80: =IFERROR(BF80/$BG$4,"-") -> 0
A81: =A80+1 -> 45733 | B81: =운전실적_원본!B81 -> 5339 | C81: =IF(OR(LEN(B81)=0,B81=0),"",B81-B80) -> 0 | D81: =운전실적_원본!C81 -> 232127 | E81: =IF(OR(LEN(D81)=0,D81=0),"",D81-D80) -> 0 | F81: =운전실적_원본!D81 -> 226684 | G81: =IF(OR(LEN(F81)=0,F81=0),"",F81-F80) -> 84 | H81: =운전실적_원본!E81 -> 14111 | I81: =IF(OR(LEN(H81)=0,H81=0),"",H81-H80) -> 6 | J81: =운전실적_원본!E81 -> 14111 | K81: =IF(OR(LEN(J81)=0,J81=0),"",J81-J80) -> 6 | L81: =운전실적_원본!G81 -> 3807.3 | M81: =IF(OR(LEN(L81)=0,L81=0),"",L81-L80) -> 1 | N81: =운전실적_원본!H81 -> 10200 | O81: =IF(OR(LEN(N81)=0,N81=0),"",N81-N80) -> 124 | P81: =운전실적_원본!I81 -> 258647 | Q81: =IF(OR(LEN(P81)=0,P81=0),"",P81-P80) -> 206 | R81: =운전실적_원본!J81 -> 30.17 | S81: =IF(OR(LEN(R81)=0,R81=0),"",R81-R80) -> -0.21 | T81: =운전실적_원본!K81 -> 29.75 | U81: =IF(OR(LEN(T81)=0,T81=0),"",T81-T80) -> -0.16 | V81: =운전실적_원본!L81 -> 0 | W81: =IF(OR(LEN(V81)=0,V81=0),"",V81-V80) | X81: =운전실적_원본!M81 -> 90464.3 | Y81: =운전실적_원본!N81 -> 0 | Z81: =운전실적_원본!O81 -> 0 | AA81: =운전실적_원본!P81 -> 0 | AB81: =운전실적_원본!Q81 -> 0 | AC81: =운전실적_원본!R81 -> 0 | AD81: =운전실적_원본!S81 -> 18 | AE81: =운전실적_원본!T81 -> 0 | ... AG81: =운전실적_원본!V81 -> 0 | AH81: =((AM81-AL81)+(AO81-AN81)+(AQ81-AP81))*24 -> 18 | AI81: =(AS81-AR81)*24 -> 0 | AJ81: =(AU81-AT81)*24 -> 0 | AK81: =(AW81-AV81)*24 -> 0 | AL81: 45733.083 | AM81: 45733.833 | AX81: =운전실적_원본!W81 -> 563 | AY81: =운전실적_원본!X81 -> 0 | AZ81: =운전실적_원본!Y81 -> 0 | BA81: =운전실적_원본!Z81 -> 0 | BB81: =운전실적_원본!AA81 -> 0 | BC81: =운전실적_원본!AB81 -> 563 | BD81: =IFERROR(AX81/AD81,"-") -> 31.277778 | BE81: =IFERROR(BD81/$BE$4,"-") -> 0.60863549 | BF81: =운전실적_원본!AE81 -> 0 | BG81: =IFERROR(BF81/$BG$4,"-") -> 0
A82: =A81+1 -> 45734 | B82: =운전실적_원본!B82 -> 5367 | C82: =IF(OR(LEN(B82)=0,B82=0),"",B82-B81) -> 28 | D82: =운전실적_원본!C82 -> 232259 | E82: =IF(OR(LEN(D82)=0,D82=0),"",D82-D81) -> 132 | F82: =운전실적_원본!D82 -> 226745 | G82: =IF(OR(LEN(F82)=0,F82=0),"",F82-F81) -> 61 | H82: =운전실적_원본!E82 -> 14115 | I82: =IF(OR(LEN(H82)=0,H82=0),"",H82-H81) -> 4 | J82: =운전실적_원본!E82 -> 14115 | K82: =IF(OR(LEN(J82)=0,J82=0),"",J82-J81) -> 4 | L82: =운전실적_원본!G82 -> 3808.6 | M82: =IF(OR(LEN(L82)=0,L82=0),"",L82-L81) -> 1.3 | N82: =운전실적_원본!H82 -> 10325 | O82: =IF(OR(LEN(N82)=0,N82=0),"",N82-N81) -> 125 | P82: =운전실적_원본!I82 -> 258925 | Q82: =IF(OR(LEN(P82)=0,P82=0),"",P82-P81) -> 278 | R82: =운전실적_원본!J82 -> 30.13 | S82: =IF(OR(LEN(R82)=0,R82=0),"",R82-R81) -> -0.04 | T82: =운전실적_원본!K82 -> 29.74 | U82: =IF(OR(LEN(T82)=0,T82=0),"",T82-T81) -> -0.01 | V82: =운전실적_원본!L82 -> 0 | W82: =IF(OR(LEN(V82)=0,V82=0),"",V82-V81) | X82: =운전실적_원본!M82 -> 128108 | Y82: =운전실적_원본!N82 -> 0 | Z82: =운전실적_원본!O82 -> 0 | AA82: =운전실적_원본!P82 -> 0 | AB82: =운전실적_원본!Q82 -> 0 | AC82: =운전실적_원본!R82 -> 0 | AD82: =운전실적_원본!S82 -> 17 | AE82: =운전실적_원본!T82 -> 0 | ... AG82: =운전실적_원본!V82 -> 0 | AH82: =((AM82-AL82)+(AO82-AN82)+(AQ82-AP82))*24 -> 17 | AI82: =(AS82-AR82)*24 -> 0 | AJ82: =(AU82-AT82)*24 -> 0 | AK82: =(AW82-AV82)*24 -> 0 | AL82: 45734.292 | AM82: 45735 | AX82: =운전실적_원본!W82 -> 822 | AY82: =운전실적_원본!X82 -> 0 | AZ82: =운전실적_원본!Y82 -> 0 | BA82: =운전실적_원본!Z82 -> 0 | BB82: =운전실적_원본!AA82 -> 0 | BC82: =운전실적_원본!AB82 -> 822 | BD82: =IFERROR(AX82/AD82,"-") -> 48.352941 | BE82: =IFERROR(BD82/$BE$4,"-") -> 0.94090175 | BF82: =운전실적_원본!AE82 -> 0 | BG82: =IFERROR(BF82/$BG$4,"-") -> 0
A83: =A82+1 -> 45735 | B83: =운전실적_원본!B83 -> 5401 | C83: =IF(OR(LEN(B83)=0,B83=0),"",B83-B82) -> 34 | D83: =운전실적_원본!C83 -> 232287 | E83: =IF(OR(LEN(D83)=0,D83=0),"",D83-D82) -> 28 | F83: =운전실적_원본!D83 -> 226870 | G83: =IF(OR(LEN(F83)=0,F83=0),"",F83-F82) -> 125 | H83: =운전실적_원본!E83 -> 14120 | I83: =IF(OR(LEN(H83)=0,H83=0),"",H83-H82) -> 5 | J83: =운전실적_원본!E83 -> 14120 | K83: =IF(OR(LEN(J83)=0,J83=0),"",J83-J82) -> 5 | L83: =운전실적_원본!G83 -> 3809.6 | M83: =IF(OR(LEN(L83)=0,L83=0),"",L83-L82) -> 1 | N83: =운전실적_원본!H83 -> 10442 | O83: =IF(OR(LEN(N83)=0,N83=0),"",N83-N82) -> 117 | P83: =운전실적_원본!I83 -> 259280 | Q83: =IF(OR(LEN(P83)=0,P83=0),"",P83-P82) -> 355 | R83: =운전실적_원본!J83 -> 30.28 | S83: =IF(OR(LEN(R83)=0,R83=0),"",R83-R82) -> 0.15 | T83: =운전실적_원본!K83 -> 29.75 | U83: =IF(OR(LEN(T83)=0,T83=0),"",T83-T82) -> 0.01 | V83: =운전실적_원본!L83 -> 0 | W83: =IF(OR(LEN(V83)=0,V83=0),"",V83-V82) | X83: =운전실적_원본!M83 -> 126694.9 | Y83: =운전실적_원본!N83 -> 0 | Z83: =운전실적_원본!O83 -> 0 | AA83: =운전실적_원본!P83 -> 0 | AB83: =운전실적_원본!Q83 -> 0 | AC83: =운전실적_원본!R83 -> 0 | AD83: =운전실적_원본!S83 -> 17 | AE83: =운전실적_원본!T83 -> 0 | ... AG83: =운전실적_원본!V83 -> 0 | AH83: =((AM83-AL83)+(AO83-AN83)+(AQ83-AP83))*24 -> 16.833333 | AI83: =(AS83-AR83)*24 -> 0 | AJ83: =(AU83-AT83)*24 -> 0 | AK83: =(AW83-AV83)*24 -> 0 | AL83: 45734.299 | AM83: 45735 | AX83: =운전실적_원본!W83 -> 805 | AY83: =운전실적_원본!X83 -> 0 | AZ83: =운전실적_원본!Y83 -> 0 | BA83: =운전실적_원본!Z83 -> 0 | BB83: =운전실적_원본!AA83 -> 0 | BC83: =운전실적_원본!AB83 -> 805 | BD83: =IFERROR(AX83/AD83,"-") -> 47.352941 | BE83: =IFERROR(BD83/$BE$4,"-") -> 0.92144272 | BF83: =운전실적_원본!AE83 -> 0 | BG83: =IFERROR(BF83/$BG$4,"-") -> 0
A84: =A83+1 -> 45736 | B84: =운전실적_원본!B84 -> 5433 | C84: =IF(OR(LEN(B84)=0,B84=0),"",B84-B83) -> 32 | D84: =운전실적_원본!C84 -> 232388 | E84: =IF(OR(LEN(D84)=0,D84=0),"",D84-D83) -> 101 | F84: =운전실적_원본!D84 -> 226965 | G84: =IF(OR(LEN(F84)=0,F84=0),"",F84-F83) -> 95 | H84: =운전실적_원본!E84 -> 14125 | I84: =IF(OR(LEN(H84)=0,H84=0),"",H84-H83) -> 5 | J84: =운전실적_원본!E84 -> 14125 | K84: =IF(OR(LEN(J84)=0,J84=0),"",J84-J83) -> 5 | L84: =운전실적_원본!G84 -> 3810.5 | M84: =IF(OR(LEN(L84)=0,L84=0),"",L84-L83) -> 0.9 | N84: =운전실적_원본!H84 -> 10565 | O84: =IF(OR(LEN(N84)=0,N84=0),"",N84-N83) -> 123 | P84: =운전실적_원본!I84 -> 259568 | Q84: =IF(OR(LEN(P84)=0,P84=0),"",P84-P83) -> 288 | R84: =운전실적_원본!J84 -> 30.51 | S84: =IF(OR(LEN(R84)=0,R84=0),"",R84-R83) -> 0.23 | T84: =운전실적_원본!K84 -> 29.88 | U84: =IF(OR(LEN(T84)=0,T84=0),"",T84-T83) -> 0.13 | V84: =운전실적_원본!L84 -> 0 | W84: =IF(OR(LEN(V84)=0,V84=0),"",V84-V83) | X84: =운전실적_원본!M84 -> 127317.5 | Y84: =운전실적_원본!N84 -> 0 | Z84: =운전실적_원본!O84 -> 0 | AA84: =운전실적_원본!P84 -> 0 | AB84: =운전실적_원본!Q84 -> 0 | AC84: =운전실적_원본!R84 -> 0 | AD84: =운전실적_원본!S84 -> 17 | AE84: =운전실적_원본!T84 -> 0 | ... AG84: =운전실적_원본!V84 -> 0 | AH84: =((AM84-AL84)+(AO84-AN84)+(AQ84-AP84))*24 -> 16.916667 | AI84: =(AS84-AR84)*24 -> 0 | AJ84: =(AU84-AT84)*24 -> 0 | AK84: =(AW84-AV84)*24 -> 0 | AL84: 45734.295 | AM84: 45735 | AX84: =운전실적_원본!W84 -> 811 | AY84: =운전실적_원본!X84 -> 0 | AZ84: =운전실적_원본!Y84 -> 0 | BA84: =운전실적_원본!Z84 -> 0 | BB84: =운전실적_원본!AA84 -> 0 | BC84: =운전실적_원본!AB84 -> 811 | BD84: =IFERROR(AX84/AD84,"-") -> 47.705882 | BE84: =IFERROR(BD84/$BE$4,"-") -> 0.92831061 | BF84: =운전실적_원본!AE84 -> 0 | BG84: =IFERROR(BF84/$BG$4,"-") -> 0
A85: =A84+1 -> 45737 | B85: =운전실적_원본!B85 -> 5459 | C85: =IF(OR(LEN(B85)=0,B85=0),"",B85-B84) -> 26 | D85: =운전실적_원본!C85 -> 232453 | E85: =IF(OR(LEN(D85)=0,D85=0),"",D85-D84) -> 65 | F85: =운전실적_원본!D85 -> 227055 | G85: =IF(OR(LEN(F85)=0,F85=0),"",F85-F84) -> 90 | H85: =운전실적_원본!E85 -> 14129 | I85: =IF(OR(LEN(H85)=0,H85=0),"",H85-H84) -> 4 | J85: =운전실적_원본!E85 -> 14129 | K85: =IF(OR(LEN(J85)=0,J85=0),"",J85-J84) -> 4 | L85: =운전실적_원본!G85 -> 3811.3 | M85: =IF(OR(LEN(L85)=0,L85=0),"",L85-L84) -> 0.8 | N85: =운전실적_원본!H85 -> 10667 | O85: =IF(OR(LEN(N85)=0,N85=0),"",N85-N84) -> 102 | P85: =운전실적_원본!I85 -> 259885 | Q85: =IF(OR(LEN(P85)=0,P85=0),"",P85-P84) -> 317 | R85: =운전실적_원본!J85 -> 30.49 | S85: =IF(OR(LEN(R85)=0,R85=0),"",R85-R84) -> -0.02 | T85: =운전실적_원본!K85 -> 29.87 | U85: =IF(OR(LEN(T85)=0,T85=0),"",T85-T84) -> -0.01 | V85: =운전실적_원본!L85 -> 0 | W85: =IF(OR(LEN(V85)=0,V85=0),"",V85-V84) | X85: =운전실적_원본!M85 -> 44985.7 | Y85: =운전실적_원본!N85 -> 0 | Z85: =운전실적_원본!O85 -> 0 | AA85: =운전실적_원본!P85 -> 0 | AB85: =운전실적_원본!Q85 -> 0 | AC85: =운전실적_원본!R85 -> 0 | AD85: =운전실적_원본!S85 -> 9 | AE85: =운전실적_원본!T85 -> 0 | ... AG85: =운전실적_원본!V85 -> 0 | AH85: =((AM85-AL85)+(AO85-AN85)+(AQ85-AP85))*24 -> 8.9166667 | AI85: =(AS85-AR85)*24 -> 0 | AJ85: =(AU85-AT85)*24 -> 0 | AK85: =(AW85-AV85)*24 -> 0 | AL85: 45735.295 | AM85: 45735.667 | AX85: =운전실적_원본!W85 -> 286 | AY85: =운전실적_원본!X85 -> 0 | AZ85: =운전실적_원본!Y85 -> 0 | BA85: =운전실적_원본!Z85 -> 0 | BB85: =운전실적_원본!AA85 -> 0 | BC85: =운전실적_원본!AB85 -> 286 | BD85: =IFERROR(AX85/AD85,"-") -> 31.777778 | BE85: =IFERROR(BD85/$BE$4,"-") -> 0.61836501 | BF85: =운전실적_원본!AE85 -> 0 | BG85: =IFERROR(BF85/$BG$4,"-") -> 0
A86: =A85+1 -> 45738 | B86: =운전실적_원본!B86 -> 5493 | C86: =IF(OR(LEN(B86)=0,B86=0),"",B86-B85) -> 34 | D86: =운전실적_원본!C86 -> 232542 | E86: =IF(OR(LEN(D86)=0,D86=0),"",D86-D85) -> 89 | F86: =운전실적_원본!D86 -> 227134 | G86: =IF(OR(LEN(F86)=0,F86=0),"",F86-F85) -> 79 | H86: =운전실적_원본!E86 -> 14132 | I86: =IF(OR(LEN(H86)=0,H86=0),"",H86-H85) -> 3 | J86: =운전실적_원본!E86 -> 14132 | K86: =IF(OR(LEN(J86)=0,J86=0),"",J86-J85) -> 3 | L86: =운전실적_원본!G86 -> 3812 | M86: =IF(OR(LEN(L86)=0,L86=0),"",L86-L85) -> 0.7 | N86: =운전실적_원본!H86 -> 10697 | O86: =IF(OR(LEN(N86)=0,N86=0),"",N86-N85) -> 30 | P86: =운전실적_원본!I86 -> 260096 | Q86: =IF(OR(LEN(P86)=0,P86=0),"",P86-P85) -> 211 | R86: =운전실적_원본!J86 -> 30.38 | S86: =IF(OR(LEN(R86)=0,R86=0),"",R86-R85) -> -0.11 | T86: =운전실적_원본!K86 -> 29.94 | U86: =IF(OR(LEN(T86)=0,T86=0),"",T86-T85) -> 0.07 | V86: =운전실적_원본!L86 -> 0 | W86: =IF(OR(LEN(V86)=0,V86=0),"",V86-V85) | X86: =운전실적_원본!M86 -> 0 | Y86: =운전실적_원본!N86 -> 0 | Z86: =운전실적_원본!O86 -> 0 | AA86: =운전실적_원본!P86 -> 0 | AB86: =운전실적_원본!Q86 -> 0 | AC86: =운전실적_원본!R86 -> 0 | AD86: =운전실적_원본!S86 -> 0 | AE86: =운전실적_원본!T86 -> 0 | ... AG86: =운전실적_원본!V86 -> 0 | AH86: =((AM86-AL86)+(AO86-AN86)+(AQ86-AP86))*24 -> 0 | AI86: =(AS86-AR86)*24 -> 0 | AJ86: =(AU86-AT86)*24 -> 0 | AK86: =(AW86-AV86)*24 -> 0 | AX86: =운전실적_원본!W86 -> 0 | AY86: =운전실적_원본!X86 -> 0 | AZ86: =운전실적_원본!Y86 -> 0 | BA86: =운전실적_원본!Z86 -> 0 | BB86: =운전실적_원본!AA86 -> 0 | BC86: =운전실적_원본!AB86 -> 0 | BD86: =IFERROR(AX86/AD86,"-") -> - | BE86: =IFERROR(BD86/$BE$4,"-") -> - | BF86: =운전실적_원본!AE86 -> 0 | BG86: =IFERROR(BF86/$BG$4,"-") -> 0
A87: =A86+1 -> 45739 | B87: =운전실적_원본!B87 -> 5522 | C87: =IF(OR(LEN(B87)=0,B87=0),"",B87-B86) -> 29 | D87: =운전실적_원본!C87 -> 232542 | E87: =IF(OR(LEN(D87)=0,D87=0),"",D87-D86) -> 0 | F87: =운전실적_원본!D87 -> 227201 | G87: =IF(OR(LEN(F87)=0,F87=0),"",F87-F86) -> 67 | H87: =운전실적_원본!E87 -> 14135 | I87: =IF(OR(LEN(H87)=0,H87=0),"",H87-H86) -> 3 | J87: =운전실적_원본!E87 -> 14135 | K87: =IF(OR(LEN(J87)=0,J87=0),"",J87-J86) -> 3 | L87: =운전실적_원본!G87 -> 3812.5 | M87: =IF(OR(LEN(L87)=0,L87=0),"",L87-L86) -> 0.5 | N87: =운전실적_원본!H87 -> 10697 | O87: =IF(OR(LEN(N87)=0,N87=0),"",N87-N86) -> 0 | P87: =운전실적_원본!I87 -> 260199 | Q87: =IF(OR(LEN(P87)=0,P87=0),"",P87-P86) -> 103 | R87: =운전실적_원본!J87 -> 30.4 | S87: =IF(OR(LEN(R87)=0,R87=0),"",R87-R86) -> 0.02 | T87: =운전실적_원본!K87 -> 29.98 | U87: =IF(OR(LEN(T87)=0,T87=0),"",T87-T86) -> 0.04 | V87: =운전실적_원본!L87 -> 0 | W87: =IF(OR(LEN(V87)=0,V87=0),"",V87-V86) | X87: =운전실적_원본!M87 -> 0 | Y87: =운전실적_원본!N87 -> 0 | Z87: =운전실적_원본!O87 -> 0 | AA87: =운전실적_원본!P87 -> 0 | AB87: =운전실적_원본!Q87 -> 0 | AC87: =운전실적_원본!R87 -> 0 | AD87: =운전실적_원본!S87 -> 0 | AE87: =운전실적_원본!T87 -> 0 | ... AG87: =운전실적_원본!V87 -> 0 | AH87: =((AM87-AL87)+(AO87-AN87)+(AQ87-AP87))*24 -> 0 | AI87: =(AS87-AR87)*24 -> 0 | AJ87: =(AU87-AT87)*24 -> 0 | AK87: =(AW87-AV87)*24 -> 0 | AX87: =운전실적_원본!W87 -> 0 | AY87: =운전실적_원본!X87 -> 0 | AZ87: =운전실적_원본!Y87 -> 0 | BA87: =운전실적_원본!Z87 -> 0 | BB87: =운전실적_원본!AA87 -> 0 | BC87: =운전실적_원본!AB87 -> 0 | BD87: =IFERROR(AX87/AD87,"-") -> - | BE87: =IFERROR(BD87/$BE$4,"-") -> - | BF87: =운전실적_원본!AE87 -> 0 | BG87: =IFERROR(BF87/$BG$4,"-") -> 0
A88: =A87+1 -> 45740 | B88: =운전실적_원본!B88 -> 5522 | C88: =IF(OR(LEN(B88)=0,B88=0),"",B88-B87) -> 0 | D88: =운전실적_원본!C88 -> 232582 | E88: =IF(OR(LEN(D88)=0,D88=0),"",D88-D87) -> 40 | F88: =운전실적_원본!D88 -> 227201 | G88: =IF(OR(LEN(F88)=0,F88=0),"",F88-F87) -> 0 | H88: =운전실적_원본!E88 -> 14140 | I88: =IF(OR(LEN(H88)=0,H88=0),"",H88-H87) -> 5 | J88: =운전실적_원본!E88 -> 14140 | K88: =IF(OR(LEN(J88)=0,J88=0),"",J88-J87) -> 5 | L88: =운전실적_원본!G88 -> 3813.2 | M88: =IF(OR(LEN(L88)=0,L88=0),"",L88-L87) -> 0.7 | N88: =운전실적_원본!H88 -> 10755 | O88: =IF(OR(LEN(N88)=0,N88=0),"",N88-N87) -> 58 | P88: =운전실적_원본!I88 -> 260269 | Q88: =IF(OR(LEN(P88)=0,P88=0),"",P88-P87) -> 70 | R88: =운전실적_원본!J88 -> 30.38 | S88: =IF(OR(LEN(R88)=0,R88=0),"",R88-R87) -> -0.02 | T88: =운전실적_원본!K88 -> 29.76 | U88: =IF(OR(LEN(T88)=0,T88=0),"",T88-T87) -> -0.22 | V88: =운전실적_원본!L88 -> 0 | W88: =IF(OR(LEN(V88)=0,V88=0),"",V88-V87) | X88: =운전실적_원본!M88 -> 0 | Y88: =운전실적_원본!N88 -> 0 | Z88: =운전실적_원본!O88 -> 0 | AA88: =운전실적_원본!P88 -> 0 | AB88: =운전실적_원본!Q88 -> 0 | AC88: =운전실적_원본!R88 -> 0 | AD88: =운전실적_원본!S88 -> 0 | AE88: =운전실적_원본!T88 -> 0 | ... AG88: =운전실적_원본!V88 -> 0 | AH88: =((AM88-AL88)+(AO88-AN88)+(AQ88-AP88))*24 -> 0 | AI88: =(AS88-AR88)*24 -> 0 | AJ88: =(AU88-AT88)*24 -> 0 | AK88: =(AW88-AV88)*24 -> 0 | AX88: =운전실적_원본!W88 -> 0 | AY88: =운전실적_원본!X88 -> 0 | AZ88: =운전실적_원본!Y88 -> 0 | BA88: =운전실적_원본!Z88 -> 0 | BB88: =운전실적_원본!AA88 -> 0 | BC88: =운전실적_원본!AB88 -> 0 | BD88: =IFERROR(AX88/AD88,"-") -> - | BE88: =IFERROR(BD88/$BE$4,"-") -> - | BF88: =운전실적_원본!AE88 -> 0 | BG88: =IFERROR(BF88/$BG$4,"-") -> 0
A89: =A88+1 -> 45741 | B89: =운전실적_원본!B89 -> 5531 | C89: =IF(OR(LEN(B89)=0,B89=0),"",B89-B88) -> 9 | D89: =운전실적_원본!C89 -> 232661 | E89: =IF(OR(LEN(D89)=0,D89=0),"",D89-D88) -> 79 | F89: =운전실적_원본!D89 -> 227255 | G89: =IF(OR(LEN(F89)=0,F89=0),"",F89-F88) -> 54 | H89: =운전실적_원본!E89 -> 14145 | I89: =IF(OR(LEN(H89)=0,H89=0),"",H89-H88) -> 5 | J89: =운전실적_원본!E89 -> 14145 | K89: =IF(OR(LEN(J89)=0,J89=0),"",J89-J88) -> 5 | L89: =운전실적_원본!G89 -> 3813.9 | M89: =IF(OR(LEN(L89)=0,L89=0),"",L89-L88) -> 0.7 | N89: =운전실적_원본!H89 -> 10812 | O89: =IF(OR(LEN(N89)=0,N89=0),"",N89-N88) -> 57 | P89: =운전실적_원본!I89 -> 260460 | Q89: =IF(OR(LEN(P89)=0,P89=0),"",P89-P88) -> 191 | R89: =운전실적_원본!J89 -> 30.14 | S89: =IF(OR(LEN(R89)=0,R89=0),"",R89-R88) -> -0.24 | T89: =운전실적_원본!K89 -> 29.69 | U89: =IF(OR(LEN(T89)=0,T89=0),"",T89-T88) -> -0.07 | V89: =운전실적_원본!L89 -> 0 | W89: =IF(OR(LEN(V89)=0,V89=0),"",V89-V88) | X89: =운전실적_원본!M89 -> 0 | Y89: =운전실적_원본!N89 -> 0 | Z89: =운전실적_원본!O89 -> 0 | AA89: =운전실적_원본!P89 -> 0 | AB89: =운전실적_원본!Q89 -> 0 | AC89: =운전실적_원본!R89 -> 0 | AD89: =운전실적_원본!S89 -> 0 | AE89: =운전실적_원본!T89 -> 0 | ... AG89: =운전실적_원본!V89 -> 0 | AH89: =((AM89-AL89)+(AO89-AN89)+(AQ89-AP89))*24 -> 0 | AI89: =(AS89-AR89)*24 -> 0 | AJ89: =(AU89-AT89)*24 -> 0 | AK89: =(AW89-AV89)*24 -> 0 | AX89: =운전실적_원본!W89 -> 0 | AY89: =운전실적_원본!X89 -> 0 | AZ89: =운전실적_원본!Y89 -> 0 | BA89: =운전실적_원본!Z89 -> 0 | BB89: =운전실적_원본!AA89 -> 0 | BC89: =운전실적_원본!AB89 -> 0 | BD89: =IFERROR(AX89/AD89,"-") -> - | BE89: =IFERROR(BD89/$BE$4,"-") -> - | BF89: =운전실적_원본!AE89 -> 0 | BG89: =IFERROR(BF89/$BG$4,"-") -> 0
A90: =A89+1 -> 45742 | B90: =운전실적_원본!B90 -> 5567 | C90: =IF(OR(LEN(B90)=0,B90=0),"",B90-B89) -> 36 | D90: =운전실적_원본!C90 -> 232772 | E90: =IF(OR(LEN(D90)=0,D90=0),"",D90-D89) -> 111 | F90: =운전실적_원본!D90 -> 227339 | G90: =IF(OR(LEN(F90)=0,F90=0),"",F90-F89) -> 84 | H90: =운전실적_원본!E90 -> 14149 | I90: =IF(OR(LEN(H90)=0,H90=0),"",H90-H89) -> 4 | J90: =운전실적_원본!E90 -> 14149 | K90: =IF(OR(LEN(J90)=0,J90=0),"",J90-J89) -> 4 | L90: =운전실적_원본!G90 -> 3814.6 | M90: =IF(OR(LEN(L90)=0,L90=0),"",L90-L89) -> 0.7 | N90: =운전실적_원본!H90 -> 10859 | O90: =IF(OR(LEN(N90)=0,N90=0),"",N90-N89) -> 47 | P90: =운전실적_원본!I90 -> 260784 | Q90: =IF(OR(LEN(P90)=0,P90=0),"",P90-P89) -> 324 | R90: =운전실적_원본!J90 -> 30.32 | S90: =IF(OR(LEN(R90)=0,R90=0),"",R90-R89) -> 0.18 | T90: =운전실적_원본!K90 -> 29.78 | U90: =IF(OR(LEN(T90)=0,T90=0),"",T90-T89) -> 0.09 | V90: =운전실적_원본!L90 -> 0 | W90: =IF(OR(LEN(V90)=0,V90=0),"",V90-V89) | X90: =운전실적_원본!M90 -> 0 | Y90: =운전실적_원본!N90 -> 0 | Z90: =운전실적_원본!O90 -> 0 | AA90: =운전실적_원본!P90 -> 0 | AB90: =운전실적_원본!Q90 -> 0 | AC90: =운전실적_원본!R90 -> 0 | AD90: =운전실적_원본!S90 -> 0 | AE90: =운전실적_원본!T90 -> 0 | ... AG90: =운전실적_원본!V90 -> 0 | AH90: =((AM90-AL90)+(AO90-AN90)+(AQ90-AP90))*24 -> 0 | AI90: =(AS90-AR90)*24 -> 0 | AJ90: =(AU90-AT90)*24 -> 0 | AK90: =(AW90-AV90)*24 -> 0 | AX90: =운전실적_원본!W90 -> 0 | AY90: =운전실적_원본!X90 -> 0 | AZ90: =운전실적_원본!Y90 -> 0 | BA90: =운전실적_원본!Z90 -> 0 | BB90: =운전실적_원본!AA90 -> 0 | BC90: =운전실적_원본!AB90 -> 0 | BD90: =IFERROR(AX90/AD90,"-") -> - | BE90: =IFERROR(BD90/$BE$4,"-") -> - | BF90: =운전실적_원본!AE90 -> 0 | BG90: =IFERROR(BF90/$BG$4,"-") -> 0
A91: =A90+1 -> 45743 | B91: =운전실적_원본!B91 -> 5599 | C91: =IF(OR(LEN(B91)=0,B91=0),"",B91-B90) -> 32 | D91: =운전실적_원본!C91 -> 232829 | E91: =IF(OR(LEN(D91)=0,D91=0),"",D91-D90) -> 57 | F91: =운전실적_원본!D91 -> 227446 | G91: =IF(OR(LEN(F91)=0,F91=0),"",F91-F90) -> 107 | H91: =운전실적_원본!E91 -> 14154 | I91: =IF(OR(LEN(H91)=0,H91=0),"",H91-H90) -> 5 | J91: =운전실적_원본!E91 -> 14154 | K91: =IF(OR(LEN(J91)=0,J91=0),"",J91-J90) -> 5 | L91: =운전실적_원본!G91 -> 3815.5 | M91: =IF(OR(LEN(L91)=0,L91=0),"",L91-L90) -> 0.9 | N91: =운전실적_원본!H91 -> 10859 | O91: =IF(OR(LEN(N91)=0,N91=0),"",N91-N90) -> 0 | P91: =운전실적_원본!I91 -> 260999 | Q91: =IF(OR(LEN(P91)=0,P91=0),"",P91-P90) -> 215 | R91: =운전실적_원본!J91 -> 30.33 | S91: =IF(OR(LEN(R91)=0,R91=0),"",R91-R90) -> 0.01 | T91: =운전실적_원본!K91 -> 29.89 | U91: =IF(OR(LEN(T91)=0,T91=0),"",T91-T90) -> 0.11 | V91: =운전실적_원본!L91 -> 0 | W91: =IF(OR(LEN(V91)=0,V91=0),"",V91-V90) | X91: =운전실적_원본!M91 -> 0 | Y91: =운전실적_원본!N91 -> 0 | Z91: =운전실적_원본!O91 -> 0 | AA91: =운전실적_원본!P91 -> 0 | AB91: =운전실적_원본!Q91 -> 0 | AC91: =운전실적_원본!R91 -> 0 | AD91: =운전실적_원본!S91 -> 0 | AE91: =운전실적_원본!T91 -> 0 | ... AG91: =운전실적_원본!V91 -> 0 | AH91: =((AM91-AL91)+(AO91-AN91)+(AQ91-AP91))*24 -> 0 | AI91: =(AS91-AR91)*24 -> 0 | AJ91: =(AU91-AT91)*24 -> 0 | AK91: =(AW91-AV91)*24 -> 0 | AX91: =운전실적_원본!W91 -> 0 | AY91: =운전실적_원본!X91 -> 0 | AZ91: =운전실적_원본!Y91 -> 0 | BA91: =운전실적_원본!Z91 -> 0 | BB91: =운전실적_원본!AA91 -> 0 | BC91: =운전실적_원본!AB91 -> 0 | BD91: =IFERROR(AX91/AD91,"-") -> - | BE91: =IFERROR(BD91/$BE$4,"-") -> - | BF91: =운전실적_원본!AE91 -> 0 | BG91: =IFERROR(BF91/$BG$4,"-") -> 0
A92: =A91+1 -> 45744 | B92: =운전실적_원본!B92 -> 5628 | C92: =IF(OR(LEN(B92)=0,B92=0),"",B92-B91) -> 29 | D92: =운전실적_원본!C92 -> 233003 | E92: =IF(OR(LEN(D92)=0,D92=0),"",D92-D91) -> 174 | F92: =운전실적_원본!D92 -> 227467 | G92: =IF(OR(LEN(F92)=0,F92=0),"",F92-F91) -> 21 | H92: =운전실적_원본!E92 -> 14159 | I92: =IF(OR(LEN(H92)=0,H92=0),"",H92-H91) -> 5 | J92: =운전실적_원본!E92 -> 14159 | K92: =IF(OR(LEN(J92)=0,J92=0),"",J92-J91) -> 5 | L92: =운전실적_원본!G92 -> 3816.6 | M92: =IF(OR(LEN(L92)=0,L92=0),"",L92-L91) -> 1.1 | N92: =운전실적_원본!H92 -> 10978 | O92: =IF(OR(LEN(N92)=0,N92=0),"",N92-N91) -> 119 | P92: =운전실적_원본!I92 -> 261199 | Q92: =IF(OR(LEN(P92)=0,P92=0),"",P92-P91) -> 200 | R92: =운전실적_원본!J92 -> 30.67 | S92: =IF(OR(LEN(R92)=0,R92=0),"",R92-R91) -> 0.34 | T92: =운전실적_원본!K92 -> 30.04 | U92: =IF(OR(LEN(T92)=0,T92=0),"",T92-T91) -> 0.15 | V92: =운전실적_원본!L92 -> 0 | W92: =IF(OR(LEN(V92)=0,V92=0),"",V92-V91) | X92: =운전실적_원본!M92 -> 87925.3 | Y92: =운전실적_원본!N92 -> 0 | Z92: =운전실적_원본!O92 -> 0 | AA92: =운전실적_원본!P92 -> 0 | AB92: =운전실적_원본!Q92 -> 0 | AC92: =운전실적_원본!R92 -> 0 | AD92: =운전실적_원본!S92 -> 21 | AE92: =운전실적_원본!T92 -> 0 | ... AG92: =운전실적_원본!V92 -> 0 | AH92: =((AM92-AL92)+(AO92-AN92)+(AQ92-AP92))*24 -> 20.5 | AI92: =(AS92-AR92)*24 -> 0 | AJ92: =(AU92-AT92)*24 -> 0 | AK92: =(AW92-AV92)*24 -> 0 | AL92: 45744.146 | AM92: 45745 | AX92: =운전실적_원본!W92 -> 545 | AY92: =운전실적_원본!X92 -> 0 | AZ92: =운전실적_원본!Y92 -> 0 | BA92: =운전실적_원본!Z92 -> 0 | BB92: =운전실적_원본!AA92 -> 0 | BC92: =운전실적_원본!AB92 -> 545 | BD92: =IFERROR(AX92/AD92,"-") -> 25.952381 | BE92: =IFERROR(BD92/$BE$4,"-") -> 0.50500839 | BF92: =운전실적_원본!AE92 -> 0 | BG92: =IFERROR(BF92/$BG$4,"-") -> 0
A93: =A92+1 -> 45745 | B93: =운전실적_원본!B93 -> 5645 | C93: =IF(OR(LEN(B93)=0,B93=0),"",B93-B92) -> 17 | D93: =운전실적_원본!C93 -> 233070 | E93: =IF(OR(LEN(D93)=0,D93=0),"",D93-D92) -> 67 | F93: =운전실적_원본!D93 -> 227517 | G93: =IF(OR(LEN(F93)=0,F93=0),"",F93-F92) -> 50 | H93: =운전실적_원본!E93 -> 14162 | I93: =IF(OR(LEN(H93)=0,H93=0),"",H93-H92) -> 3 | J93: =운전실적_원본!E93 -> 14162 | K93: =IF(OR(LEN(J93)=0,J93=0),"",J93-J92) -> 3 | L93: =운전실적_원본!G93 -> 3817.9 | M93: =IF(OR(LEN(L93)=0,L93=0),"",L93-L92) -> 1.3 | N93: =운전실적_원본!H93 -> 11097 | O93: =IF(OR(LEN(N93)=0,N93=0),"",N93-N92) -> 119 | P93: =운전실적_원본!I93 -> 261405 | Q93: =IF(OR(LEN(P93)=0,P93=0),"",P93-P92) -> 206 | R93: =운전실적_원본!J93 -> 30.23 | S93: =IF(OR(LEN(R93)=0,R93=0),"",R93-R92) -> -0.44 | T93: =운전실적_원본!K93 -> 29.97 | U93: =IF(OR(LEN(T93)=0,T93=0),"",T93-T92) -> -0.07 | V93: =운전실적_원본!L93 -> 0 | W93: =IF(OR(LEN(V93)=0,V93=0),"",V93-V92) | X93: =운전실적_원본!M93 -> 41914 | Y93: =운전실적_원본!N93 -> 0 | Z93: =운전실적_원본!O93 -> 0 | AA93: =운전실적_원본!P93 -> 0 | AB93: =운전실적_원본!Q93 -> 0 | AC93: =운전실적_원본!R93 -> 0 | AD93: =운전실적_원본!S93 -> 7 | AE93: =운전실적_원본!T93 -> 0 | ... AG93: =운전실적_원본!V93 -> 0 | AH93: =((AM93-AL93)+(AO93-AN93)+(AQ93-AP93))*24 -> 6.5 | AI93: =(AS93-AR93)*24 -> 0 | AJ93: =(AU93-AT93)*24 -> 0 | AK93: =(AW93-AV93)*24 -> 0 | AL93: 45745.729 | AM93: =AL94 -> 45746 | AX93: =운전실적_원본!W93 -> 264 | AY93: =운전실적_원본!X93 -> 0 | AZ93: =운전실적_원본!Y93 -> 0 | BA93: =운전실적_원본!Z93 -> 0 | BB93: =운전실적_원본!AA93 -> 0 | BC93: =운전실적_원본!AB93 -> 264 | BD93: =IFERROR(AX93/AD93,"-") -> 37.714286 | BE93: =IFERROR(BD93/$BE$4,"-") -> 0.73388375 | BF93: =운전실적_원본!AE93 -> 0 | BG93: =IFERROR(BF93/$BG$4,"-") -> 0
A94: =A93+1 -> 45746 | B94: =운전실적_원본!B94 -> 5660 | C94: =IF(OR(LEN(B94)=0,B94=0),"",B94-B93) -> 15 | D94: =운전실적_원본!C94 -> 233108 | E94: =IF(OR(LEN(D94)=0,D94=0),"",D94-D93) -> 38 | F94: =운전실적_원본!D94 -> 227528 | G94: =IF(OR(LEN(F94)=0,F94=0),"",F94-F93) -> 11 | H94: =운전실적_원본!E94 -> 14166 | I94: =IF(OR(LEN(H94)=0,H94=0),"",H94-H93) -> 4 | J94: =운전실적_원본!E94 -> 14166 | K94: =IF(OR(LEN(J94)=0,J94=0),"",J94-J93) -> 4 | L94: =운전실적_원본!G94 -> 3818.6 | M94: =IF(OR(LEN(L94)=0,L94=0),"",L94-L93) -> 0.7 | N94: =운전실적_원본!H94 -> 11217 | O94: =IF(OR(LEN(N94)=0,N94=0),"",N94-N93) -> 120 | P94: =운전실적_원본!I94 -> 261548 | Q94: =IF(OR(LEN(P94)=0,P94=0),"",P94-P93) -> 143 | R94: =운전실적_원본!J94 -> 30.21 | S94: =IF(OR(LEN(R94)=0,R94=0),"",R94-R93) -> -0.02 | T94: =운전실적_원본!K94 -> 29.86 | U94: =IF(OR(LEN(T94)=0,T94=0),"",T94-T93) -> -0.11 | V94: =운전실적_원본!L94 -> 0 | W94: =IF(OR(LEN(V94)=0,V94=0),"",V94-V93) | X94: =운전실적_원본!M94 -> 62345.9 | Y94: =운전실적_원본!N94 -> 0 | Z94: =운전실적_원본!O94 -> 0 | AA94: =운전실적_원본!P94 -> 0 | AB94: =운전실적_원본!Q94 -> 0 | AC94: =운전실적_원본!R94 -> 0 | AD94: =운전실적_원본!S94 -> 8 | AE94: =운전실적_원본!T94 -> 0 | ... AG94: =운전실적_원본!V94 -> 0 | AH94: =((AM94-AL94)+(AO94-AN94)+(AQ94-AP94))*24 -> 9 | AI94: =(AS94-AR94)*24 -> 0 | AJ94: =(AU94-AT94)*24 -> 0 | AK94: =(AW94-AV94)*24 -> 0 | AL94: 45746 | AM94: 45746.042 | AN94: 45746.667 | AO94: 45747 | AX94: =운전실적_원본!W94 -> 387 | AY94: =운전실적_원본!X94 -> 0 | AZ94: =운전실적_원본!Y94 -> 0 | BA94: =운전실적_원본!Z94 -> 0 | BB94: =운전실적_원본!AA94 -> 0 | BC94: =운전실적_원본!AB94 -> 387 | BD94: =IFERROR(AX94/AD94,"-") -> 48.375 | BE94: =IFERROR(BD94/$BE$4,"-") -> 0.941331 | BF94: =운전실적_원본!AE94 -> 0 | BG94: =IFERROR(BF94/$BG$4,"-") -> 0
A95: =A94+1 -> 45747 | B95: =운전실적_원본!B95 -> 5675 | C95: =IF(OR(LEN(B95)=0,B95=0),"",B95-B94) -> 15 | D95: =운전실적_원본!C95 -> 233185 | E95: =IF(OR(LEN(D95)=0,D95=0),"",D95-D94) -> 77 | F95: =운전실적_원본!D95 -> 227565 | G95: =IF(OR(LEN(F95)=0,F95=0),"",F95-F94) -> 37 | H95: =운전실적_원본!E95 -> 14168 | I95: =IF(OR(LEN(H95)=0,H95=0),"",H95-H94) -> 2 | J95: =운전실적_원본!E95 -> 14168 | K95: =IF(OR(LEN(J95)=0,J95=0),"",J95-J94) -> 2 | L95: =운전실적_원본!G95 -> 3819.5 | M95: =IF(OR(LEN(L95)=0,L95=0),"",L95-L94) -> 0.9 | N95: =운전실적_원본!H95 -> 11322 | O95: =IF(OR(LEN(N95)=0,N95=0),"",N95-N94) -> 105 | P95: =운전실적_원본!I95 -> 261942 | Q95: =IF(OR(LEN(P95)=0,P95=0),"",P95-P94) -> 394 | R95: =운전실적_원본!J95 -> 30.37 | S95: =IF(OR(LEN(R95)=0,R95=0),"",R95-R94) -> 0.16 | T95: =운전실적_원본!K95 -> 29.85 | U95: =IF(OR(LEN(T95)=0,T95=0),"",T95-T94) -> -0.01 | V95: =운전실적_원본!L95 -> 0 | W95: =IF(OR(LEN(V95)=0,V95=0),"",V95-V94) | X95: =운전실적_원본!M95 -> 122980.1 | Y95: =운전실적_원본!N95 -> 403 | Z95: =운전실적_원본!O95 -> 0 | AA95: =운전실적_원본!P95 -> 0 | AB95: =운전실적_원본!Q95 -> 0 | AC95: =운전실적_원본!R95 -> 403 | AD95: =운전실적_원본!S95 -> 16 | AE95: =운전실적_원본!T95 -> 0 | ... AG95: =운전실적_원본!V95 -> 0 | AH95: =((AM95-AL95)+(AO95-AN95)+(AQ95-AP95))*24 -> 15.833333 | AI95: =(AS95-AR95)*24 -> 0 | AJ95: =(AU95-AT95)*24 -> 0 | AK95: =(AW95-AV95)*24 -> 0 | AL95: 45747.299 | AM95: 45747.958 | AX95: =운전실적_원본!W95 -> 779 | AY95: =운전실적_원본!X95 -> 0 | AZ95: =운전실적_원본!Y95 -> 0 | BA95: =운전실적_원본!Z95 -> 0 | BB95: =운전실적_원본!AA95 -> 0 | BC95: =운전실적_원본!AB95 -> 779 | BD95: =IFERROR(AX95/AD95,"-") -> 48.6875 | BE95: =IFERROR(BD95/$BE$4,"-") -> 0.94741195 | BF95: =운전실적_원본!AE95 -> 0 | BG95: =IFERROR(BF95/$BG$4,"-") -> 0
A96: =A95+1 -> 45748 | B96: =운전실적_원본!B96 -> 5685 | C96: =IF(OR(LEN(B96)=0,B96=0),"",B96-B95) -> 10 | D96: =운전실적_원본!C96 -> 233275 | E96: =IF(OR(LEN(D96)=0,D96=0),"",D96-D95) -> 90 | F96: =운전실적_원본!D96 -> 227601 | G96: =IF(OR(LEN(F96)=0,F96=0),"",F96-F95) -> 36 | H96: =운전실적_원본!E96 -> 14174 | I96: =IF(OR(LEN(H96)=0,H96=0),"",H96-H95) -> 6 | J96: =운전실적_원본!E96 -> 14174 | K96: =IF(OR(LEN(J96)=0,J96=0),"",J96-J95) -> 6 | L96: =운전실적_원본!G96 -> 3820.4 | M96: =IF(OR(LEN(L96)=0,L96=0),"",L96-L95) -> 0.9 | N96: =운전실적_원본!H96 -> 11422 | O96: =IF(OR(LEN(N96)=0,N96=0),"",N96-N95) -> 100 | P96: =운전실적_원본!I96 -> 262075 | Q96: =IF(OR(LEN(P96)=0,P96=0),"",P96-P95) -> 133 | R96: =운전실적_원본!J96 -> 30.38 | S96: =IF(OR(LEN(R96)=0,R96=0),"",R96-R95) -> 0.01 | T96: =운전실적_원본!K96 -> 29.72 | U96: =IF(OR(LEN(T96)=0,T96=0),"",T96-T95) -> -0.13 | V96: =운전실적_원본!L96 -> 0 | W96: =IF(OR(LEN(V96)=0,V96=0),"",V96-V95) | X96: =운전실적_원본!M96 -> 106486 | Y96: =운전실적_원본!N96 -> 0 | Z96: =운전실적_원본!O96 -> 0 | AA96: =운전실적_원본!P96 -> 0 | AB96: =운전실적_원본!Q96 -> 0 | AC96: =운전실적_원본!R96 -> 0 | AD96: =운전실적_원본!S96 -> 14 | AE96: =운전실적_원본!T96 -> 0 | ... AG96: =운전실적_원본!V96 -> 0 | AH96: =((AM96-AL96)+(AO96-AN96)+(AQ96-AP96))*24 -> 14 | AI96: =(AS96-AR96)*24 -> 0 | AJ96: =(AU96-AT96)*24 -> 0 | AK96: =(AW96-AV96)*24 -> 0 | AL96: 45748.292 | AM96: 45748.875 | AX96: =운전실적_원본!W96 -> 670 | AY96: =운전실적_원본!X96 -> 0 | AZ96: =운전실적_원본!Y96 -> 0 | BA96: =운전실적_원본!Z96 -> 0 | BB96: =운전실적_원본!AA96 -> 0 | BC96: =운전실적_원본!AB96 -> 670 | BD96: =IFERROR(AX96/AD96,"-") -> 47.857143 | BE96: =IFERROR(BD96/$BE$4,"-") -> 0.931254 | BF96: =운전실적_원본!AE96 -> 0 | BG96: =IFERROR(BF96/$BG$4,"-") -> 0
A97: =A96+1 -> 45749 | B97: =운전실적_원본!B97 -> 5704 | C97: =IF(OR(LEN(B97)=0,B97=0),"",B97-B96) -> 19 | D97: =운전실적_원본!C97 -> 233355 | E97: =IF(OR(LEN(D97)=0,D97=0),"",D97-D96) -> 80 | F97: =운전실적_원본!D97 -> 227641 | G97: =IF(OR(LEN(F97)=0,F97=0),"",F97-F96) -> 40 | H97: =운전실적_원본!E97 -> 14179 | I97: =IF(OR(LEN(H97)=0,H97=0),"",H97-H96) -> 5 | J97: =운전실적_원본!E97 -> 14179 | K97: =IF(OR(LEN(J97)=0,J97=0),"",J97-J96) -> 5 | L97: =운전실적_원본!G97 -> 3821.2 | M97: =IF(OR(LEN(L97)=0,L97=0),"",L97-L96) -> 0.8 | N97: =운전실적_원본!H97 -> 11523 | O97: =IF(OR(LEN(N97)=0,N97=0),"",N97-N96) -> 101 | P97: =운전실적_원본!I97 -> 262249 | Q97: =IF(OR(LEN(P97)=0,P97=0),"",P97-P96) -> 174 | R97: =운전실적_원본!J97 -> 30.08 | S97: =IF(OR(LEN(R97)=0,R97=0),"",R97-R96) -> -0.3 | T97: =운전실적_원본!K97 -> 29.84 | U97: =IF(OR(LEN(T97)=0,T97=0),"",T97-T96) -> 0.12 | V97: =운전실적_원본!L97 -> 0 | W97: =IF(OR(LEN(V97)=0,V97=0),"",V97-V96) | X97: =운전실적_원본!M97 -> 0 | Y97: =운전실적_원본!N97 -> 0 | Z97: =운전실적_원본!O97 -> 0 | AA97: =운전실적_원본!P97 -> 0 | AB97: =운전실적_원본!Q97 -> 0 | AC97: =운전실적_원본!R97 -> 0 | AD97: =운전실적_원본!S97 -> 0 | AE97: =운전실적_원본!T97 -> 0 | ... AG97: =운전실적_원본!V97 -> 0 | AH97: =((AM97-AL97)+(AO97-AN97)+(AQ97-AP97))*24 -> 0 | AI97: =(AS97-AR97)*24 -> 0 | AJ97: =(AU97-AT97)*24 -> 0 | AK97: =(AW97-AV97)*24 -> 0 | AX97: =운전실적_원본!W97 -> 0 | AY97: =운전실적_원본!X97 -> 0 | AZ97: =운전실적_원본!Y97 -> 0 | BA97: =운전실적_원본!Z97 -> 0 | BB97: =운전실적_원본!AA97 -> 0 | BC97: =운전실적_원본!AB97 -> 0 | BD97: =IFERROR(AX97/AD97,"-") -> - | BE97: =IFERROR(BD97/$BE$4,"-") -> - | BF97: =운전실적_원본!AE97 -> 0 | BG97: =IFERROR(BF97/$BG$4,"-") -> 0
A98: =A97+1 -> 45750 | B98: =운전실적_원본!B98 -> 5733 | C98: =IF(OR(LEN(B98)=0,B98=0),"",B98-B97) -> 29 | D98: =운전실적_원본!C98 -> 233440 | E98: =IF(OR(LEN(D98)=0,D98=0),"",D98-D97) -> 85 | F98: =운전실적_원본!D98 -> 227811 | G98: =IF(OR(LEN(F98)=0,F98=0),"",F98-F97) -> 170 | H98: =운전실적_원본!E98 -> 14184 | I98: =IF(OR(LEN(H98)=0,H98=0),"",H98-H97) -> 5 | J98: =운전실적_원본!E98 -> 14184 | K98: =IF(OR(LEN(J98)=0,J98=0),"",J98-J97) -> 5 | L98: =운전실적_원본!G98 -> 3822.4 | M98: =IF(OR(LEN(L98)=0,L98=0),"",L98-L97) -> 1.2 | N98: =운전실적_원본!H98 -> 11604 | O98: =IF(OR(LEN(N98)=0,N98=0),"",N98-N97) -> 81 | P98: =운전실적_원본!I98 -> 262639 | Q98: =IF(OR(LEN(P98)=0,P98=0),"",P98-P97) -> 390 | R98: =운전실적_원본!J98 -> 30.48 | S98: =IF(OR(LEN(R98)=0,R98=0),"",R98-R97) -> 0.4 | T98: =운전실적_원본!K98 -> 29.83 | U98: =IF(OR(LEN(T98)=0,T98=0),"",T98-T97) -> -0.01 | V98: =운전실적_원본!L98 -> 0 | W98: =IF(OR(LEN(V98)=0,V98=0),"",V98-V97) | X98: =운전실적_원본!M98 -> 100816.7 | Y98: =운전실적_원본!N98 -> 0 | Z98: =운전실적_원본!O98 -> 0 | AA98: =운전실적_원본!P98 -> 0 | AB98: =운전실적_원본!Q98 -> 0 | AC98: =운전실적_원본!R98 -> 0 | AD98: =운전실적_원본!S98 -> 15 | AE98: =운전실적_원본!T98 -> 0 | ... AG98: =운전실적_원본!V98 -> 0 | AH98: =((AM98-AL98)+(AO98-AN98)+(AQ98-AP98))*24 -> 15.25 | AI98: =(AS98-AR98)*24 -> 0 | AJ98: =(AU98-AT98)*24 -> 0 | AK98: =(AW98-AV98)*24 -> 0 | AL98: 45750.365 | AM98: 45751 | AX98: =운전실적_원본!W98 -> 633 | AY98: =운전실적_원본!X98 -> 0 | AZ98: =운전실적_원본!Y98 -> 0 | BA98: =운전실적_원본!Z98 -> 0 | BB98: =운전실적_원본!AA98 -> 0 | BC98: =운전실적_원본!AB98 -> 633 | BD98: =IFERROR(AX98/AD98,"-") -> 42.2 | BE98: =IFERROR(BD98/$BE$4,"-") -> 0.82117143 | BF98: =운전실적_원본!AE98 -> 0 | BG98: =IFERROR(BF98/$BG$4,"-") -> 0
A99: =A98+1 -> 45751 | B99: =운전실적_원본!B99 -> 5752 | C99: =IF(OR(LEN(B99)=0,B99=0),"",B99-B98) -> 19 | D99: =운전실적_원본!C99 -> 233600 | E99: =IF(OR(LEN(D99)=0,D99=0),"",D99-D98) -> 160 | F99: =운전실적_원본!D99 -> 227988 | G99: =IF(OR(LEN(F99)=0,F99=0),"",F99-F98) -> 177 | H99: =운전실적_원본!E99 -> 14189 | I99: =IF(OR(LEN(H99)=0,H99=0),"",H99-H98) -> 5 | J99: =운전실적_원본!E99 -> 14189 | K99: =IF(OR(LEN(J99)=0,J99=0),"",J99-J98) -> 5 | L99: =운전실적_원본!G99 -> 3823.7 | M99: =IF(OR(LEN(L99)=0,L99=0),"",L99-L98) -> 1.3 | N99: =운전실적_원본!H99 -> 11712 | O99: =IF(OR(LEN(N99)=0,N99=0),"",N99-N98) -> 108 | P99: =운전실적_원본!I99 -> 263089 | Q99: =IF(OR(LEN(P99)=0,P99=0),"",P99-P98) -> 450 | R99: =운전실적_원본!J99 -> 30.88 | S99: =IF(OR(LEN(R99)=0,R99=0),"",R99-R98) -> 0.4 | T99: =운전실적_원본!K99 -> 30.16 | U99: =IF(OR(LEN(T99)=0,T99=0),"",T99-T98) -> 0.33 | V99: =운전실적_원본!L99 -> 0 | W99: =IF(OR(LEN(V99)=0,V99=0),"",V99-V98) | X99: =운전실적_원본!M99 -> 62704.6 | Y99: =운전실적_원본!N99 -> 0 | Z99: =운전실적_원본!O99 -> 0 | AA99: =운전실적_원본!P99 -> 0 | AB99: =운전실적_원본!Q99 -> 0 | AC99: =운전실적_원본!R99 -> 0 | AD99: =운전실적_원본!S99 -> 8 | AE99: =운전실적_원본!T99 -> 0 | ... AG99: =운전실적_원본!V99 -> 0 | AH99: =((AM99-AL99)+(AO99-AN99)+(AQ99-AP99))*24 -> 9.8333333 | AI99: =(AS99-AR99)*24 -> 0 | AJ99: =(AU99-AT99)*24 -> 0 | AK99: =(AW99-AV99)*24 -> 0 | AL99: 45751.583 | AM99: 45751.993 | AX99: =운전실적_원본!W99 -> 397 | AY99: =운전실적_원본!X99 -> 0 | AZ99: =운전실적_원본!Y99 -> 0 | BA99: =운전실적_원본!Z99 -> 0 | BB99: =운전실적_원본!AA99 -> 0 | BC99: =운전실적_원본!AB99 -> 397 | BD99: =IFERROR(AX99/AD99,"-") -> 49.625 | BE99: =IFERROR(BD99/$BE$4,"-") -> 0.9656548 | BF99: =운전실적_원본!AE99 -> 0 | BG99: =IFERROR(BF99/$BG$4,"-") -> 0
