Workbook
Name _10A_61: #N/A
Name _10A_62: #N/A
Name _10A_63: #N/A
Name _10A_64: #N/A
Name _10A_65: #N/A
Name _10A_66: #N/A
Name _10A_67: #N/A
Name _10A_68: #N/A
Name _10A_69: #N/A
Name _10A_70: #N/A
Name _10A_71: #N/A
Name _10A_72: #N/A
Name _10A_73: #N/A
Name _10A_74: #N/A
Name _10A_75: #N/A
Name _10A_76: #N/A
Name _10A_77: #N/A
Name _10A_78: #N/A
Name _10A_79: #N/A
Name _10A_80: #N/A
Name _10A_81: #N/A
Name _10A_82: #N/A
Name _10A_83: #N/A
Name _10A_84: #N/A
Name _10A_85: #N/A
Name _10A_86: #N/A
Name _10A_87: #N/A
Name _10A_88: #N/A
Name _10A_89: #N/A
Name _10A_90: #N/A
Name _10B_61: #N/A
Name _10B_62: #N/A
Name _10B_63: #N/A
Name _10B_64: #N/A
Name _10B_65: #N/A
Name _10B_66: #N/A
Name _10B_67: #N/A
Name _10B_68: #N/A
Name _10B_69: #N/A
Name _10B_70: #N/A
Name _10B_71: #N/A
Name _10B_72: #N/A
Name _10B_73: #N/A
Name _10B_74: #N/A
Name _10B_75: #N/A
Name _10B_76: #N/A
Name _10B_77: #N/A
Name _10B_78: #N/A
Name _10B_79: #N/A
Name _10B_80: #N/A
Name _10B_81: #N/A
Name _10B_82: #N/A
Name _10B_83: #N/A
Name _10B_84: #N/A
Name _10B_85: #N/A
Name _10B_86: #N/A
Name _10B_87: #N/A
Name _10B_88: #N/A
Name _10B_89: #N/A
Name _10B_90: #N/A

Sheet 2026년
A1: 2026
A2: 2026년 운영 현황
A4: 수질 | N4: 대기
A6: 총 상수도 사용 | D6: 순수 생산량 | G6: 방류수 | J6: 총 전력 사용 | N6: CHP 가동시간 | Q6: LNG 사용량 | T6: PLB#1 가동시간 | W6: LNG 사용량
A7: =월별!R17 -> 12550 | D7: =월별!D17+월별!F17 -> 5457 | G7: =월별!P17 -> 9381 | J7: =월별!N17 -> 83.2 | N7: =월별!AF17 -> 1427 | Q7: =월별!Z17 -> 10988127 | T7: =월별!AG17 -> 47 | W7: =월별!AA17 -> 262388.45
A8: ㎥ | D8: ㎥ | G8: ㎥ | J8: Kwh | N8: hr | Q8: N㎥ | T8: hr | W8: N㎥
A9: 💧 | D9: 💧 | G9: ♻️ | J9: ⚡ | N9: ⏰ | Q9: ⛽ | T9: ⏰ | W9: ⛽

Sheet 월별
B2: 합계 | C2: 평균
A3: 단위 | B3: ACC 충수 | D3: A Train 생산 | F3: B Train 생산 | H3: 순수생산 | J3: 생활용수 | L3: 1차 냉각수 | N3: 폐수 전력 | P3: 방류수 | R3: 용수사용량 | T3: ACC LIT | V3: ACC WIT | X3: 순수 LIT | Z3: LNG사용량 | AF3: 운전시간 | AJ3: 생산량 | AP3: 연료전지 (22기) | AV3: 연료전지 기기별 가동시간 | BR3: 연료전지 기기별 LNG 사용량 | CN3: 연료전지 기기별 발전량
A4: 46388 | B4: ㎥ | C4: ㎥/d | D4: ㎥ | E4: ㎥/d | F4: ㎥ | G4: ㎥/d | J4: ㎥ | K4: ㎥/d | L4: ㎥ | M4: ㎥/d | N4: Kwh | P4: ㎥ | Q4: ㎥/d | R4: ㎥ | S4: ㎥/d | Z4: W_CHP(사용량) | AA4: #1 PLB(L) | AB4: #2 PLB(L) | AC4: #3 PLB(L) | AD4: PLB가스 사용량오차 | AE4: W_PLB(사용량) | AF4: 주보일러 | AG4: PLB#1 | AH4: PLB#2 | AI4: PLB#3 | AJ4: W_CHP(H생산) | AK4: #1 PLB | AL4: #2 PLB | AM4: #3 PLB | AN4: W_PLB(H생산) | AO4: 자체생산 | AP4: 가동시간 | AQ4: 평균 | AR4: LNG 사용량 | AS4: 평균 | AT4: 발전량 | AU4: 평균 | AV4: 1 | AW4: 2 | AX4: 3 | AY4: 4 | AZ4: 5 | BA4: 6 | BB4: 7 | BC4: 8 | BD4: 9 | BE4: 10 | BF4: 11 | BG4: 12 | BH4: 13 | BI4: 14 | BJ4: 15 | BK4: 16 | BL4: 17 | BM4: 18 | BN4: 19 | BO4: 20 | BP4: 21 | BQ4: 22 | BR4: 1 | BS4: 2 | BT4: 3 | BU4: 4 | BV4: 5 | BW4: 6 | BX4: 7 | BY4: 8 | BZ4: 9 | CA4: 10 | CB4: 11 | CC4: 12 | CD4: 13 | CE4: 14 | CF4: 15 | CG4: 16 | CH4: 17 | CI4: 18 | CJ4: 19 | CK4: 20 | CL4: 21 | CM4: 22 | CN4: 1 | CO4: 2 | CP4: 3 | CQ4: 4 | CR4: 5 | CS4: 6 | CT4: 7 | CU4: 8 | CV4: 9 | CW4: 10 | CX4: 11 | CY4: 12 | CZ4: 13 | DA4: 14 | DB4: 15 | DC4: 16 | DD4: 17 | DE4: 18 | DF4: 19 | DG4: 20 | DH4: 21 | DI4: 22
A5: 46023 | B5: =SUMIFS(일별!C:C, 일별!$A:$A, ">="&월별!$A5, 일별!$A:$A, "<"&월별!$A6) -> 0 | C5: =B5/(월별!$A6 - 월별!$A5) -> 0 | D5: =SUMIFS(일별!E:E, 일별!$A:$A, ">="&월별!$A5, 일별!$A:$A, "<"&월별!$A6) -> 1214 | E5: =D5/(월별!$A6 - 월별!$A5) -> 39.16129 | F5: =SUMIFS(일별!G:G, 일별!$A:$A, ">="&월별!$A5, 일별!$A:$A, "<"&월별!$A6) -> 984 | G5: =F5/(월별!$A6 - 월별!$A5) -> 31.741935 | H5: =D5+F5 -> 2198 | I5: =E5+G5 -> 70.903226 | J5: =SUMIFS(일별!I:I, 일별!$A:$A, ">="&월별!$A5, 일별!$A:$A, "<"&월별!$A6) -> 159.72 | K5: =J5/(월별!$A6 - 월별!$A5) -> 5.1522581 | L5: =SUMIFS(일별!K:K, 일별!$A:$A, ">="&월별!$A5, 일별!$A:$A, "<"&월별!$A6) -> 614.84 | M5: =L5/(월별!$A6 - 월별!$A5) -> 19.833548 | N5: =SUMIFS(일별!M:M, 일별!$A:$A, ">="&월별!$A5, 일별!$A:$A, "<"&월별!$A6) -> 29 | O5: =N5/(월별!$A6 - 월별!$A5) -> 0.93548387 | P5: =SUMIFS(일별!O:O, 일별!$A:$A, ">="&월별!$A5, 일별!$A:$A, "<"&월별!$A6) -> 3892 | Q5: =P5/(월별!$A6 - 월별!$A5) -> 125.54839 | R5: =SUMIFS(일별!Q:Q, 일별!$A:$A, ">="&월별!$A5, 일별!$A:$A, "<"&월별!$A6) -> 5219 | S5: =R5/(월별!$A6 - 월별!$A5) -> 168.35484 | T5: =SUMIFS(일별!S:S, 일별!$A:$A, ">="&월별!$A5, 일별!$A:$A, "<"&월별!$A6) -> -0.88 | U5: =T5/(월별!$A6 - 월별!$A5) -> -0.028387097 | V5: =SUMIFS(일별!U:U, 일별!$A:$A, ">="&월별!$A5, 일별!$A:$A, "<"&월별!$A6) -> -0.68 | W5: =V5/(월별!$A6 - 월별!$A5) -> -0.021935484 | X5: =SUMIFS(일별!W:W, 일별!$A:$A, ">="&월별!$A5, 일별!$A:$A, "<"&월별!$A6) -> 474 | Y5: =X5/(월별!$A6 - 월별!$A5) -> 15.290323 | Z5: =SUMIFS(일별!X:X, 일별!$A:$A, ">="&월별!$A5, 일별!$A:$A, "<"&월별!$A6) -> 6035741.9 | AA5: =SUMIFS(일별!Y:Y, 일별!$A:$A, ">="&월별!$A5, 일별!$A:$A, "<"&월별!$A6) -> 262388.45 | AB5: =SUMIFS(일별!Z:Z, 일별!$A:$A, ">="&월별!$A5, 일별!$A:$A, "<"&월별!$A6) -> 0 | AC5: =SUMIFS(일별!AA:AA, 일별!$A:$A, ">="&월별!$A5, 일별!$A:$A, "<"&월별!$A6) -> 0 | AD5: =SUMIFS(일별!AB:AB, 일별!$A:$A, ">="&월별!$A5, 일별!$A:$A, "<"&월별!$A6) -> 0 | AE5: =SUMIFS(일별!AC:AC, 일별!$A:$A, ">="&월별!$A5, 일별!$A:$A, "<"&월별!$A6) -> 262388.45 | AF5: =SUMIFS(일별!AD:AD, 일별!$A:$A, ">="&월별!$A5, 일별!$A:$A, "<"&월별!$A6) -> 739 | AG5: =SUMIFS(일별!AE:AE, 일별!$A:$A, ">="&월별!$A5, 일별!$A:$A, "<"&월별!$A6) -> 47 | AH5: =SUMIFS(일별!AF:AF, 일별!$A:$A, ">="&월별!$A5, 일별!$A:$A, "<"&월별!$A6) -> 0 | AI5: =SUMIFS(일별!AG:AG, 일별!$A:$A, ">="&월별!$A5, 일별!$A:$A, "<"&월별!$A6) -> 0 | AJ5: =SUMIFS(일별!AX:AX, 일별!$A:$A, ">="&월별!$A5, 일별!$A:$A, "<"&월별!$A6) -> 38142 | AK5: =SUMIFS(일별!AY:AY, 일별!$A:$A, ">="&월별!$A5, 일별!$A:$A, "<"&월별!$A6) -> 2314 | AL5: =SUMIFS(일별!AZ:AZ, 일별!$A:$A, ">="&월별!$A5, 일별!$A:$A, "<"&월별!$A6) -> 0 | AM5: =SUMIFS(일별!BA:BA, 일별!$A:$A, ">="&월별!$A5, 일별!$A:$A, "<"&월별!$A6) -> 0 | AN5: =SUMIFS(일별!BB:BB, 일별!$A:$A, ">="&월별!$A5, 일별!$A:$A, "<"&월별!$A6) -> 2314 | AO5: =SUMIFS(일별!BC:BC, 일별!$A:$A, ">="&월별!$A5, 일별!$A:$A, "<"&월별!$A6) -> 40456 | AP5: {=SUM(_xlfn._xlws.FILTER(일별!BH:CC, (일별!$A:$A >= 월별!$A5) * (일별!$A:$A < 월별!$A6), 0))} -> 8532 | AQ5: =AP5/(월별!$A6 - 월별!$A5) -> 275.22581 | AR5: {=SUM(_xlfn._xlws.FILTER(일별!CD:CY, (일별!$A:$A >= 월별!$A5) * (일별!$A:$A < 월별!$A6), 0))} -> 532030.7 | AS5: =AR5/(월별!$A6 - 월별!$A5) -> 17162.281 | AT5: {=SUM(_xlfn._xlws.FILTER(일별!CZ:DU, (일별!$A:$A >= 월별!$A5) * (일별!$A:$A < 월별!$A6), 0))} -> 0 | AU5: =AT5/(월별!$A6 - 월별!$A5) -> 0 | AV5: {=SUM(_xlfn._xlws.FILTER(일별!BH:BH, (일별!$A:$A >= 월별!$A5) * (일별!$A:$A < 월별!$A6), 0))} -> 450 | AW5: {=SUM(_xlfn._xlws.FILTER(일별!BI:BI, (일별!$A:$A >= 월별!$A5) * (일별!$A:$A < 월별!$A6), 0))} -> 450 | AX5: {=SUM(_xlfn._xlws.FILTER(일별!BJ:BJ, (일별!$A:$A >= 월별!$A5) * (일별!$A:$A < 월별!$A6), 0))} -> 450 | AY5: {=SUM(_xlfn._xlws.FILTER(일별!BK:BK, (일별!$A:$A >= 월별!$A5) * (일별!$A:$A < 월별!$A6), 0))} -> 450 | AZ5: {=SUM(_xlfn._xlws.FILTER(일별!BL:BL, (일별!$A:$A >= 월별!$A5) * (일별!$A:$A < 월별!$A6), 0))} -> 450 | BA5: {=SUM(_xlfn._xlws.FILTER(일별!BM:BM, (일별!$A:$A >= 월별!$A5) * (일별!$A:$A < 월별!$A6), 0))} -> 450 | BB5: {=SUM(_xlfn._xlws.FILTER(일별!BN:BN, (일별!$A:$A >= 월별!$A5) * (일별!$A:$A < 월별!$A6), 0))} -> 450 | BC5: {=SUM(_xlfn._xlws.FILTER(일별!BO:BO, (일별!$A:$A >= 월별!$A5) * (일별!$A:$A < 월별!$A6), 0))} -> 450 | BD5: {=SUM(_xlfn._xlws.FILTER(일별!BP:BP, (일별!$A:$A >= 월별!$A5) * (일별!$A:$A < 월별!$A6), 0))} -> 450 | BE5: {=SUM(_xlfn._xlws.FILTER(일별!BQ:BQ, (일별!$A:$A >= 월별!$A5) * (일별!$A:$A < 월별!$A6), 0))} -> 450 | BF5: {=SUM(_xlfn._xlws.FILTER(일별!BR:BR, (일별!$A:$A >= 월별!$A5) * (일별!$A:$A < 월별!$A6), 0))} -> 426 | BG5: {=SUM(_xlfn._xlws.FILTER(일별!BS:BS, (일별!$A:$A >= 월별!$A5) * (일별!$A:$A < 월별!$A6), 0))} -> 426 | BH5: {=SUM(_xlfn._xlws.FILTER(일별!BT:BT, (일별!$A:$A >= 월별!$A5) * (일별!$A:$A < 월별!$A6), 0))} -> 426 | BI5: {=SUM(_xlfn._xlws.FILTER(일별!BU:BU, (일별!$A:$A >= 월별!$A5) * (일별!$A:$A < 월별!$A6), 0))} -> 402 | BJ5: {=SUM(_xlfn._xlws.FILTER(일별!BV:BV, (일별!$A:$A >= 월별!$A5) * (일별!$A:$A < 월별!$A6), 0))} -> 402 | BK5: {=SUM(_xlfn._xlws.FILTER(일별!BW:BW, (일별!$A:$A >= 월별!$A5) * (일별!$A:$A < 월별!$A6), 0))} -> 402 | BL5: {=SUM(_xlfn._xlws.FILTER(일별!BX:BX, (일별!$A:$A >= 월별!$A5) * (일별!$A:$A < 월별!$A6), 0))} -> 282 | BM5: {=SUM(_xlfn._xlws.FILTER(일별!BY:BY, (일별!$A:$A >= 월별!$A5) * (일별!$A:$A < 월별!$A6), 0))} -> 282 | BN5: {=SUM(_xlfn._xlws.FILTER(일별!BZ:BZ, (일별!$A:$A >= 월별!$A5) * (일별!$A:$A < 월별!$A6), 0))} -> 282 | BO5: {=SUM(_xlfn._xlws.FILTER(일별!CA:CA, (일별!$A:$A >= 월별!$A5) * (일별!$A:$A < 월별!$A6), 0))} -> 234 | BP5: {=SUM(_xlfn._xlws.FILTER(일별!CB:CB, (일별!$A:$A >= 월별!$A5) * (일별!$A:$A < 월별!$A6), 0))} -> 234 | BQ5: {=SUM(_xlfn._xlws.FILTER(일별!CC:CC, (일별!$A:$A >= 월별!$A5) * (일별!$A:$A < 월별!$A6), 0))} -> 234 | BR5: {=SUM(_xlfn._xlws.FILTER(일별!CD:CD, (일별!$A:$A >= 월별!$A5) * (일별!$A:$A < 월별!$A6), 0))} -> 27703.552 | BS5: {=SUM(_xlfn._xlws.FILTER(일별!CE:CE, (일별!$A:$A >= 월별!$A5) * (일별!$A:$A < 월별!$A6), 0))} -> 27703.552 | BT5: {=SUM(_xlfn._xlws.FILTER(일별!CF:CF, (일별!$A:$A >= 월별!$A5) * (일별!$A:$A < 월별!$A6), 0))} -> 27703.552 | BU5: {=SUM(_xlfn._xlws.FILTER(일별!CG:CG, (일별!$A:$A >= 월별!$A5) * (일별!$A:$A < 월별!$A6), 0))} -> 27703.552 | BV5: {=SUM(_xlfn._xlws.FILTER(일별!CH:CH, (일별!$A:$A >= 월별!$A5) * (일별!$A:$A < 월별!$A6), 0))} -> 27703.552 | BW5: {=SUM(_xlfn._xlws.FILTER(일별!CI:CI, (일별!$A:$A >= 월별!$A5) * (일별!$A:$A < 월별!$A6), 0))} -> 27703.552 | BX5: {=SUM(_xlfn._xlws.FILTER(일별!CJ:CJ, (일별!$A:$A >= 월별!$A5) * (일별!$A:$A < 월별!$A6), 0))} -> 27703.552 | BY5: {=SUM(_xlfn._xlws.FILTER(일별!CK:CK, (일별!$A:$A >= 월별!$A5) * (일별!$A:$A < 월별!$A6), 0))} -> 27703.552 | BZ5: {=SUM(_xlfn._xlws.FILTER(일별!CL:CL, (일별!$A:$A >= 월별!$A5) * (일별!$A:$A < 월별!$A6), 0))} -> 27703.552 | CA5: {=SUM(_xlfn._xlws.FILTER(일별!CM:CM, (일별!$A:$A >= 월별!$A5) * (일별!$A:$A < 월별!$A6), 0))} -> 27703.552 | CB5: {=SUM(_xlfn._xlws.FILTER(일별!CN:CN, (일별!$A:$A >= 월별!$A5) * (일별!$A:$A < 월별!$A6), 0))} -> 25870.841 | CC5: {=SUM(_xlfn._xlws.FILTER(일별!CO:CO, (일별!$A:$A >= 월별!$A5) * (일별!$A:$A < 월별!$A6), 0))} -> 25870.841 | CD5: {=SUM(_xlfn._xlws.FILTER(일별!CP:CP, (일별!$A:$A >= 월별!$A5) * (일별!$A:$A < 월별!$A6), 0))} -> 25870.841 | CE5: {=SUM(_xlfn._xlws.FILTER(일별!CQ:CQ, (일별!$A:$A >= 월별!$A5) * (일별!$A:$A < 월별!$A6), 0))} -> 24870.555 | CF5: {=SUM(_xlfn._xlws.FILTER(일별!CR:CR, (일별!$A:$A >= 월별!$A5) * (일별!$A:$A < 월별!$A6), 0))} -> 24870.555 | CG5: {=SUM(_xlfn._xlws.FILTER(일별!CS:CS, (일별!$A:$A >= 월별!$A5) * (일별!$A:$A < 월별!$A6), 0))} -> 24870.555 | CH5: {=SUM(_xlfn._xlws.FILTER(일별!CT:CT, (일별!$A:$A >= 월별!$A5) * (일별!$A:$A < 월별!$A6), 0))} -> 18699.623 | CI5: {=SUM(_xlfn._xlws.FILTER(일별!CU:CU, (일별!$A:$A >= 월별!$A5) * (일별!$A:$A < 월별!$A6), 0))} -> 18699.623 | CJ5: {=SUM(_xlfn._xlws.FILTER(일별!CV:CV, (일별!$A:$A >= 월별!$A5) * (일별!$A:$A < 월별!$A6), 0))} -> 18699.623 | CK5: {=SUM(_xlfn._xlws.FILTER(일별!CW:CW, (일별!$A:$A >= 월별!$A5) * (일별!$A:$A < 월별!$A6), 0))} -> 15557.374 | CL5: {=SUM(_xlfn._xlws.FILTER(일별!CX:CX, (일별!$A:$A >= 월별!$A5) * (일별!$A:$A < 월별!$A6), 0))} -> 15557.374 | CM5: {=SUM(_xlfn._xlws.FILTER(일별!CY:CY, (일별!$A:$A >= 월별!$A5) * (일별!$A:$A < 월별!$A6), 0))} -> 15557.374 | CN5: {=SUM(_xlfn._xlws.FILTER(일별!CZ:CZ, (일별!$A:$A >= 월별!$A5) * (일별!$A:$A < 월별!$A6), 0))} -> 0 | CO5: {=SUM(_xlfn._xlws.FILTER(일별!DA:DA, (일별!$A:$A >= 월별!$A5) * (일별!$A:$A < 월별!$A6), 0))} -> 0 | CP5: {=SUM(_xlfn._xlws.FILTER(일별!DB:DB, (일별!$A:$A >= 월별!$A5) * (일별!$A:$A < 월별!$A6), 0))} -> 0 | CQ5: {=SUM(_xlfn._xlws.FILTER(일별!DC:DC, (일별!$A:$A >= 월별!$A5) * (일별!$A:$A < 월별!$A6), 0))} -> 0 | CR5: {=SUM(_xlfn._xlws.FILTER(일별!DD:DD, (일별!$A:$A >= 월별!$A5) * (일별!$A:$A < 월별!$A6), 0))} -> 0 | CS5: {=SUM(_xlfn._xlws.FILTER(일별!DE:DE, (일별!$A:$A >= 월별!$A5) * (일별!$A:$A < 월별!$A6), 0))} -> 0 | CT5: {=SUM(_xlfn._xlws.FILTER(일별!DF:DF, (일별!$A:$A >= 월별!$A5) * (일별!$A:$A < 월별!$A6), 0))} -> 0 | CU5: {=SUM(_xlfn._xlws.FILTER(일별!DG:DG, (일별!$A:$A >= 월별!$A5) * (일별!$A:$A < 월별!$A6), 0))} -> 0 | CV5: {=SUM(_xlfn._xlws.FILTER(일별!DH:DH, (일별!$A:$A >= 월별!$A5) * (일별!$A:$A < 월별!$A6), 0))} -> 0 | CW5: {=SUM(_xlfn._xlws.FILTER(일별!DI:DI, (일별!$A:$A >= 월별!$A5) * (일별!$A:$A < 월별!$A6), 0))} -> 0 | CX5: {=SUM(_xlfn._xlws.FILTER(일별!DJ:DJ, (일별!$A:$A >= 월별!$A5) * (일별!$A:$A < 월별!$A6), 0))} -> 0 | CY5: {=SUM(_xlfn._xlws.FILTER(일별!DK:DK, (일별!$A:$A >= 월별!$A5) * (일별!$A:$A < 월별!$A6), 0))} -> 0 | CZ5: {=SUM(_xlfn._xlws.FILTER(일별!DL:DL, (일별!$A:$A >= 월별!$A5) * (일별!$A:$A < 월별!$A6), 0))} -> 0 | DA5: {=SUM(_xlfn._xlws.FILTER(일별!DM:DM, (일별!$A:$A >= 월별!$A5) * (일별!$A:$A < 월별!$A6), 0))} -> 0 | DB5: {=SUM(_xlfn._xlws.FILTER(일별!DN:DN, (일별!$A:$A >= 월별!$A5) * (일별!$A:$A < 월별!$A6), 0))} -> 0 | DC5: {=SUM(_xlfn._xlws.FILTER(일별!DO:DO, (일별!$A:$A >= 월별!$A5) * (일별!$A:$A < 월별!$A6), 0))} -> 0 | DD5: {=SUM(_xlfn._xlws.FILTER(일별!DP:DP, (일별!$A:$A >= 월별!$A5) * (일별!$A:$A < 월별!$A6), 0))} -> 0 | DE5: {=SUM(_xlfn._xlws.FILTER(일별!DQ:DQ, (일별!$A:$A >= 월별!$A5) * (일별!$A:$A < 월별!$A6), 0))} -> 0 | DF5: {=SUM(_xlfn._xlws.FILTER(일별!DR:DR, (일별!$A:$A >= 월별!$A5) * (일별!$A:$A < 월별!$A6), 0))} -> 0 | DG5: {=SUM(_xlfn._xlws.FILTER(일별!DS:DS, (일별!$A:$A >= 월별!$A5) * (일별!$A:$A < 월별!$A6), 0))} -> 0 | DH5: {=SUM(_xlfn._xlws.FILTER(일별!DT:DT, (일별!$A:$A >= 월별!$A5) * (일별!$A:$A < 월별!$A6), 0))} -> 0 | DI5: {=SUM(_xlfn._xlws.FILTER(일별!DU:DU, (일별!$A:$A >= 월별!$A5) * (일별!$A:$A < 월별!$A6), 0))} -> 0
A6: 46054 | B6: =SUMIFS(일별!$C:$C, 일별!$A:$A, ">="&월별!$A6, 일별!$A:$A, "<"&월별!$A7) -> 0 | C6: =B6/(월별!$A7 - 월별!$A6) -> 0 | D6: =SUMIFS(일별!E:E, 일별!$A:$A, ">="&월별!$A6, 일별!$A:$A, "<"&월별!$A7) -> 1002 | E6: =D6/(월별!$A7 - 월별!$A6) -> 35.785714 | F6: =SUMIFS(일별!G:G, 일별!$A:$A, ">="&월별!$A6, 일별!$A:$A, "<"&월별!$A7) -> 820 | G6: =F6/(월별!$A7 - 월별!$A6) -> 29.285714 | H6: =D6+F6 -> 1822 | I6: =E6+G6 -> 65.071429 | J6: =SUMIFS(일별!I:I, 일별!$A:$A, ">="&월별!$A6, 일별!$A:$A, "<"&월별!$A7) -> 110.69 | K6: =J6/(월별!$A7 - 월별!$A6) -> 3.9532143 | L6: =SUMIFS(일별!K:K, 일별!$A:$A, ">="&월별!$A6, 일별!$A:$A, "<"&월별!$A7) -> 467.3 | M6: =L6/(월별!$A7 - 월별!$A6) -> 16.689286 | N6: =SUMIFS(일별!M:M, 일별!$A:$A, ">="&월별!$A6, 일별!$A:$A, "<"&월별!$A7) -> 25.2 | O6: =N6/(월별!$A7 - 월별!$A6) -> 0.9 | P6: =SUMIFS(일별!O:O, 일별!$A:$A, ">="&월별!$A6, 일별!$A:$A, "<"&월별!$A7) -> 2847 | Q6: =P6/(월별!$A7 - 월별!$A6) -> 101.67857 | R6: =SUMIFS(일별!Q:Q, 일별!$A:$A, ">="&월별!$A6, 일별!$A:$A, "<"&월별!$A7) -> 4036 | S6: =R6/(월별!$A7 - 월별!$A6) -> 144.14286 | T6: =SUMIFS(일별!S:S, 일별!$A:$A, ">="&월별!$A6, 일별!$A:$A, "<"&월별!$A7) -> 1.08 | U6: =T6/(월별!$A7 - 월별!$A6) -> 0.038571429 | V6: =SUMIFS(일별!U:U, 일별!$A:$A, ">="&월별!$A6, 일별!$A:$A, "<"&월별!$A7) -> 0.62 | W6: =V6/(월별!$A7 - 월별!$A6) -> 0.022142857 | X6: =SUMIFS(일별!W:W, 일별!$A:$A, ">="&월별!$A6, 일별!$A:$A, "<"&월별!$A7) -> -129 | Y6: =X6/(월별!$A7 - 월별!$A6) -> -4.6071429 | Z6: =SUMIFS(일별!X:X, 일별!$A:$A, ">="&월별!$A6, 일별!$A:$A, "<"&월별!$A7) -> 3820113.9 | AA6: =SUMIFS(일별!Y:Y, 일별!$A:$A, ">="&월별!$A6, 일별!$A:$A, "<"&월별!$A7) -> 0 | AB6: =SUMIFS(일별!Z:Z, 일별!$A:$A, ">="&월별!$A6, 일별!$A:$A, "<"&월별!$A7) -> 0 | AC6: =SUMIFS(일별!AA:AA, 일별!$A:$A, ">="&월별!$A6, 일별!$A:$A, "<"&월별!$A7) -> 0 | AD6: =SUMIFS(일별!AB:AB, 일별!$A:$A, ">="&월별!$A6, 일별!$A:$A, "<"&월별!$A7) -> 0 | AE6: =SUMIFS(일별!AC:AC, 일별!$A:$A, ">="&월별!$A6, 일별!$A:$A, "<"&월별!$A7) -> 0 | AF6: =SUMIFS(일별!AD:AD, 일별!$A:$A, ">="&월별!$A6, 일별!$A:$A, "<"&월별!$A7) -> 500 | AG6: =SUMIFS(일별!AE:AE, 일별!$A:$A, ">="&월별!$A6, 일별!$A:$A, "<"&월별!$A7) -> 0 | AH6: =SUMIFS(일별!AF:AF, 일별!$A:$A, ">="&월별!$A6, 일별!$A:$A, "<"&월별!$A7) -> 0 | AI6: =SUMIFS(일별!AG:AG, 일별!$A:$A, ">="&월별!$A6, 일별!$A:$A, "<"&월별!$A7) -> 0 | AJ6: =SUMIFS(일별!AX:AX, 일별!$A:$A, ">="&월별!$A6, 일별!$A:$A, "<"&월별!$A7) -> 24488.286 | AK6: =SUMIFS(일별!AY:AY, 일별!$A:$A, ">="&월별!$A6, 일별!$A:$A, "<"&월별!$A7) -> 0 | AL6: =SUMIFS(일별!AZ:AZ, 일별!$A:$A, ">="&월별!$A6, 일별!$A:$A, "<"&월별!$A7) -> 0 | AM6: =SUMIFS(일별!BA:BA, 일별!$A:$A, ">="&월별!$A6, 일별!$A:$A, "<"&월별!$A7) -> 0 | AN6: =SUMIFS(일별!BB:BB, 일별!$A:$A, ">="&월별!$A6, 일별!$A:$A, "<"&월별!$A7) -> 0 | AO6: =SUMIFS(일별!BC:BC, 일별!$A:$A, ">="&월별!$A6, 일별!$A:$A, "<"&월별!$A7) -> 24488.286 | AP6: {=SUM(_xlfn._xlws.FILTER(일별!BH:CC, (일별!$A:$A >= 월별!$A6) * (일별!$A:$A < 월별!$A7), 0))} -> 14330.833 | AQ6: =AP6/(월별!$A7 - 월별!$A6) -> 511.81548 | AR6: {=SUM(_xlfn._xlws.FILTER(일별!CD:CY, (일별!$A:$A >= 월별!$A6) * (일별!$A:$A < 월별!$A7), 0))} -> 1248591 | AS6: =AR6/(월별!$A7 - 월별!$A6) -> 44592.536 | AT6: {=SUM(_xlfn._xlws.FILTER(일별!CZ:DU, (일별!$A:$A >= 월별!$A6) * (일별!$A:$A < 월별!$A7), 0))} -> 5931.432 | AU6: =AT6/(월별!$A7 - 월별!$A6) -> 211.83686 | AV6: {=SUM(_xlfn._xlws.FILTER(일별!BH:BH, (일별!$A:$A >= 월별!$A6) * (일별!$A:$A < 월별!$A7), 0))} -> 672 | AW6: {=SUM(_xlfn._xlws.FILTER(일별!BI:BI, (일별!$A:$A >= 월별!$A6) * (일별!$A:$A < 월별!$A7), 0))} -> 581.5 | AX6: {=SUM(_xlfn._xlws.FILTER(일별!BJ:BJ, (일별!$A:$A >= 월별!$A6) * (일별!$A:$A < 월별!$A7), 0))} -> 672 | AY6: {=SUM(_xlfn._xlws.FILTER(일별!BK:BK, (일별!$A:$A >= 월별!$A6) * (일별!$A:$A < 월별!$A7), 0))} -> 672 | AZ6: {=SUM(_xlfn._xlws.FILTER(일별!BL:BL, (일별!$A:$A >= 월별!$A6) * (일별!$A:$A < 월별!$A7), 0))} -> 672 | BA6: {=SUM(_xlfn._xlws.FILTER(일별!BM:BM, (일별!$A:$A >= 월별!$A6) * (일별!$A:$A < 월별!$A7), 0))} -> 672 | BB6: {=SUM(_xlfn._xlws.FILTER(일별!BN:BN, (일별!$A:$A >= 월별!$A6) * (일별!$A:$A < 월별!$A7), 0))} -> 672 | BC6: {=SUM(_xlfn._xlws.FILTER(일별!BO:BO, (일별!$A:$A >= 월별!$A6) * (일별!$A:$A < 월별!$A7), 0))} -> 672 | BD6: {=SUM(_xlfn._xlws.FILTER(일별!BP:BP, (일별!$A:$A >= 월별!$A6) * (일별!$A:$A < 월별!$A7), 0))} -> 622 | BE6: {=SUM(_xlfn._xlws.FILTER(일별!BQ:BQ, (일별!$A:$A >= 월별!$A6) * (일별!$A:$A < 월별!$A7), 0))} -> 672 | BF6: {=SUM(_xlfn._xlws.FILTER(일별!BR:BR, (일별!$A:$A >= 월별!$A6) * (일별!$A:$A < 월별!$A7), 0))} -> 628.83333 | BG6: {=SUM(_xlfn._xlws.FILTER(일별!BS:BS, (일별!$A:$A >= 월별!$A6) * (일별!$A:$A < 월별!$A7), 0))} -> 672 | BH6: {=SUM(_xlfn._xlws.FILTER(일별!BT:BT, (일별!$A:$A >= 월별!$A6) * (일별!$A:$A < 월별!$A7), 0))} -> 662.83333 | BI6: {=SUM(_xlfn._xlws.FILTER(일별!BU:BU, (일별!$A:$A >= 월별!$A6) * (일별!$A:$A < 월별!$A7), 0))} -> 672 | BJ6: {=SUM(_xlfn._xlws.FILTER(일별!BV:BV, (일별!$A:$A >= 월별!$A6) * (일별!$A:$A < 월별!$A7), 0))} -> 662.5 | BK6: {=SUM(_xlfn._xlws.FILTER(일별!BW:BW, (일별!$A:$A >= 월별!$A6) * (일별!$A:$A < 월별!$A7), 0))} -> 672 | BL6: {=SUM(_xlfn._xlws.FILTER(일별!BX:BX, (일별!$A:$A >= 월별!$A6) * (일별!$A:$A < 월별!$A7), 0))} -> 672 | BM6: {=SUM(_xlfn._xlws.FILTER(일별!BY:BY, (일별!$A:$A >= 월별!$A6) * (일별!$A:$A < 월별!$A7), 0))} -> 650.33333 | BN6: {=SUM(_xlfn._xlws.FILTER(일별!BZ:BZ, (일별!$A:$A >= 월별!$A6) * (일별!$A:$A < 월별!$A7), 0))} -> 663.16667 | BO6: {=SUM(_xlfn._xlws.FILTER(일별!CA:CA, (일별!$A:$A >= 월별!$A6) * (일별!$A:$A < 월별!$A7), 0))} -> 498.5 | BP6: {=SUM(_xlfn._xlws.FILTER(일별!CB:CB, (일별!$A:$A >= 월별!$A6) * (일별!$A:$A < 월별!$A7), 0))} -> 672 | BQ6: {=SUM(_xlfn._xlws.FILTER(일별!CC:CC, (일별!$A:$A >= 월별!$A6) * (일별!$A:$A < 월별!$A7), 0))} -> 625.16667 | BR6: {=SUM(_xlfn._xlws.FILTER(일별!CD:CD, (일별!$A:$A >= 월별!$A6) * (일별!$A:$A < 월별!$A7), 0))} -> 59020 | BS6: {=SUM(_xlfn._xlws.FILTER(일별!CE:CE, (일별!$A:$A >= 월별!$A6) * (일별!$A:$A < 월별!$A7), 0))} -> 51233 | BT6: {=SUM(_xlfn._xlws.FILTER(일별!CF:CF, (일별!$A:$A >= 월별!$A6) * (일별!$A:$A < 월별!$A7), 0))} -> 58842 | BU6: {=SUM(_xlfn._xlws.FILTER(일별!CG:CG, (일별!$A:$A >= 월별!$A6) * (일별!$A:$A < 월별!$A7), 0))} -> 58890 | BV6: {=SUM(_xlfn._xlws.FILTER(일별!CH:CH, (일별!$A:$A >= 월별!$A6) * (일별!$A:$A < 월별!$A7), 0))} -> 58981 | BW6: {=SUM(_xlfn._xlws.FILTER(일별!CI:CI, (일별!$A:$A >= 월별!$A6) * (일별!$A:$A < 월별!$A7), 0))} -> 58977 | BX6: {=SUM(_xlfn._xlws.FILTER(일별!CJ:CJ, (일별!$A:$A >= 월별!$A6) * (일별!$A:$A < 월별!$A7), 0))} -> 58774 | BY6: {=SUM(_xlfn._xlws.FILTER(일별!CK:CK, (일별!$A:$A >= 월별!$A6) * (일별!$A:$A < 월별!$A7), 0))} -> 58866 | BZ6: {=SUM(_xlfn._xlws.FILTER(일별!CL:CL, (일별!$A:$A >= 월별!$A6) * (일별!$A:$A < 월별!$A7), 0))} -> 54820 | CA6: {=SUM(_xlfn._xlws.FILTER(일별!CM:CM, (일별!$A:$A >= 월별!$A6) * (일별!$A:$A < 월별!$A7), 0))} -> 56748 | CB6: {=SUM(_xlfn._xlws.FILTER(일별!CN:CN, (일별!$A:$A >= 월별!$A6) * (일별!$A:$A < 월별!$A7), 0))} -> 55260 | CC6: {=SUM(_xlfn._xlws.FILTER(일별!CO:CO, (일별!$A:$A >= 월별!$A6) * (일별!$A:$A < 월별!$A7), 0))} -> 59109 | CD6: {=SUM(_xlfn._xlws.FILTER(일별!CP:CP, (일별!$A:$A >= 월별!$A6) * (일별!$A:$A < 월별!$A7), 0))} -> 57990 | CE6: {=SUM(_xlfn._xlws.FILTER(일별!CQ:CQ, (일별!$A:$A >= 월별!$A6) * (일별!$A:$A < 월별!$A7), 0))} -> 58905 | CF6: {=SUM(_xlfn._xlws.FILTER(일별!CR:CR, (일별!$A:$A >= 월별!$A6) * (일별!$A:$A < 월별!$A7), 0))} -> 57983 | CG6: {=SUM(_xlfn._xlws.FILTER(일별!CS:CS, (일별!$A:$A >= 월별!$A6) * (일별!$A:$A < 월별!$A7), 0))} -> 57877 | CH6: {=SUM(_xlfn._xlws.FILTER(일별!CT:CT, (일별!$A:$A >= 월별!$A6) * (일별!$A:$A < 월별!$A7), 0))} -> 57830 | CI6: {=SUM(_xlfn._xlws.FILTER(일별!CU:CU, (일별!$A:$A >= 월별!$A6) * (일별!$A:$A < 월별!$A7), 0))} -> 55560 | CJ6: {=SUM(_xlfn._xlws.FILTER(일별!CV:CV, (일별!$A:$A >= 월별!$A6) * (일별!$A:$A < 월별!$A7), 0))} -> 56868 | CK6: {=SUM(_xlfn._xlws.FILTER(일별!CW:CW, (일별!$A:$A >= 월별!$A6) * (일별!$A:$A < 월별!$A7), 0))} -> 42103 | CL6: {=SUM(_xlfn._xlws.FILTER(일별!CX:CX, (일별!$A:$A >= 월별!$A6) * (일별!$A:$A < 월별!$A7), 0))} -> 59385 | CM6: {=SUM(_xlfn._xlws.FILTER(일별!CY:CY, (일별!$A:$A >= 월별!$A6) * (일별!$A:$A < 월별!$A7), 0))} -> 54570 | CN6: {=SUM(_xlfn._xlws.FILTER(일별!CZ:CZ, (일별!$A:$A >= 월별!$A6) * (일별!$A:$A < 월별!$A7), 0))} -> 280.376 | CO6: {=SUM(_xlfn._xlws.FILTER(일별!DA:DA, (일별!$A:$A >= 월별!$A6) * (일별!$A:$A < 월별!$A7), 0))} -> 243.153 | CP6: {=SUM(_xlfn._xlws.FILTER(일별!DB:DB, (일별!$A:$A >= 월별!$A6) * (일별!$A:$A < 월별!$A7), 0))} -> 279.526 | CQ6: {=SUM(_xlfn._xlws.FILTER(일별!DC:DC, (일별!$A:$A >= 월별!$A6) * (일별!$A:$A < 월별!$A7), 0))} -> 279.775 | CR6: {=SUM(_xlfn._xlws.FILTER(일별!DD:DD, (일별!$A:$A >= 월별!$A6) * (일별!$A:$A < 월별!$A7), 0))} -> 280.201 | CS6: {=SUM(_xlfn._xlws.FILTER(일별!DE:DE, (일별!$A:$A >= 월별!$A6) * (일별!$A:$A < 월별!$A7), 0))} -> 280.189 | CT6: {=SUM(_xlfn._xlws.FILTER(일별!DF:DF, (일별!$A:$A >= 월별!$A6) * (일별!$A:$A < 월별!$A7), 0))} -> 279.223 | CU6: {=SUM(_xlfn._xlws.FILTER(일별!DG:DG, (일별!$A:$A >= 월별!$A6) * (일별!$A:$A < 월별!$A7), 0))} -> 279.664 | CV6: {=SUM(_xlfn._xlws.FILTER(일별!DH:DH, (일별!$A:$A >= 월별!$A6) * (일별!$A:$A < 월별!$A7), 0))} -> 260.513 | CW6: {=SUM(_xlfn._xlws.FILTER(일별!DI:DI, (일별!$A:$A >= 월별!$A6) * (일별!$A:$A < 월별!$A7), 0))} -> 269.602 | CX6: {=SUM(_xlfn._xlws.FILTER(일별!DJ:DJ, (일별!$A:$A >= 월별!$A6) * (일별!$A:$A < 월별!$A7), 0))} -> 262.502 | CY6: {=SUM(_xlfn._xlws.FILTER(일별!DK:DK, (일별!$A:$A >= 월별!$A6) * (일별!$A:$A < 월별!$A7), 0))} -> 280.803 | CZ6: {=SUM(_xlfn._xlws.FILTER(일별!DL:DL, (일별!$A:$A >= 월별!$A6) * (일별!$A:$A < 월별!$A7), 0))} -> 275.445 | DA6: {=SUM(_xlfn._xlws.FILTER(일별!DM:DM, (일별!$A:$A >= 월별!$A6) * (일별!$A:$A < 월별!$A7), 0))} -> 279.841 | DB6: {=SUM(_xlfn._xlws.FILTER(일별!DN:DN, (일별!$A:$A >= 월별!$A6) * (일별!$A:$A < 월별!$A7), 0))} -> 275.413 | DC6: {=SUM(_xlfn._xlws.FILTER(일별!DO:DO, (일별!$A:$A >= 월별!$A6) * (일별!$A:$A < 월별!$A7), 0))} -> 274.962 | DD6: {=SUM(_xlfn._xlws.FILTER(일별!DP:DP, (일별!$A:$A >= 월별!$A6) * (일별!$A:$A < 월별!$A7), 0))} -> 274.731 | DE6: {=SUM(_xlfn._xlws.FILTER(일별!DQ:DQ, (일별!$A:$A >= 월별!$A6) * (일별!$A:$A < 월별!$A7), 0))} -> 264.031 | DF6: {=SUM(_xlfn._xlws.FILTER(일별!DR:DR, (일별!$A:$A >= 월별!$A6) * (일별!$A:$A < 월별!$A7), 0))} -> 270.22 | DG6: {=SUM(_xlfn._xlws.FILTER(일별!DS:DS, (일별!$A:$A >= 월별!$A6) * (일별!$A:$A < 월별!$A7), 0))} -> 199.917 | DH6: {=SUM(_xlfn._xlws.FILTER(일별!DT:DT, (일별!$A:$A >= 월별!$A6) * (일별!$A:$A < 월별!$A7), 0))} -> 282.116 | DI6: {=SUM(_xlfn._xlws.FILTER(일별!DU:DU, (일별!$A:$A >= 월별!$A6) * (일별!$A:$A < 월별!$A7), 0))} -> 259.229
A7: 46082 | B7: =SUMIFS(일별!$C:$C, 일별!$A:$A, ">="&월별!$A7, 일별!$A:$A, "<"&월별!$A8) -> 0 | C7: =B7/(월별!$A8 - 월별!$A7) -> 0 | D7: =SUMIFS(일별!E:E, 일별!$A:$A, ">="&월별!$A7, 일별!$A:$A, "<"&월별!$A8) -> 690 | E7: =D7/(월별!$A8 - 월별!$A7) -> 22.258065 | F7: =SUMIFS(일별!G:G, 일별!$A:$A, ">="&월별!$A7, 일별!$A:$A, "<"&월별!$A8) -> 508 | G7: =F7/(월별!$A8 - 월별!$A7) -> 16.387097 | H7: =D7+F7 -> 1198 | I7: =E7+G7 -> 38.645161 | J7: =SUMIFS(일별!I:I, 일별!$A:$A, ">="&월별!$A7, 일별!$A:$A, "<"&월별!$A8) -> 94.85 | K7: =J7/(월별!$A8 - 월별!$A7) -> 3.0596774 | L7: =SUMIFS(일별!K:K, 일별!$A:$A, ">="&월별!$A7, 일별!$A:$A, "<"&월별!$A8) -> 199.23 | M7: =L7/(월별!$A8 - 월별!$A7) -> 6.4267742 | N7: =SUMIFS(일별!M:M, 일별!$A:$A, ">="&월별!$A7, 일별!$A:$A, "<"&월별!$A8) -> 23.3 | O7: =N7/(월별!$A8 - 월별!$A7) -> 0.7516129 | P7: =SUMIFS(일별!O:O, 일별!$A:$A, ">="&월별!$A7, 일별!$A:$A, "<"&월별!$A8) -> 2140 | Q7: =P7/(월별!$A8 - 월별!$A7) -> 69.032258 | R7: =SUMIFS(일별!Q:Q, 일별!$A:$A, ">="&월별!$A7, 일별!$A:$A, "<"&월별!$A8) -> 2737 | S7: =R7/(월별!$A8 - 월별!$A7) -> 88.290323 | T7: =SUMIFS(일별!S:S, 일별!$A:$A, ">="&월별!$A7, 일별!$A:$A, "<"&월별!$A8) -> 0.31 | U7: =T7/(월별!$A8 - 월별!$A7) -> 0.01 | V7: =SUMIFS(일별!U:U, 일별!$A:$A, ">="&월별!$A7, 일별!$A:$A, "<"&월별!$A8) -> 0.39 | W7: =V7/(월별!$A8 - 월별!$A7) -> 0.012580645 | X7: =SUMIFS(일별!W:W, 일별!$A:$A, ">="&월별!$A7, 일별!$A:$A, "<"&월별!$A8) -> -70 | Y7: =X7/(월별!$A8 - 월별!$A7) -> -2.2580645 | Z7: =SUMIFS(일별!X:X, 일별!$A:$A, ">="&월별!$A7, 일별!$A:$A, "<"&월별!$A8) -> 1110819.6 | AA7: =SUMIFS(일별!Y:Y, 일별!$A:$A, ">="&월별!$A7, 일별!$A:$A, "<"&월별!$A8) -> 0 | AB7: =SUMIFS(일별!Z:Z, 일별!$A:$A, ">="&월별!$A7, 일별!$A:$A, "<"&월별!$A8) -> 0 | AC7: =SUMIFS(일별!AA:AA, 일별!$A:$A, ">="&월별!$A7, 일별!$A:$A, "<"&월별!$A8) -> 0 | AD7: =SUMIFS(일별!AB:AB, 일별!$A:$A, ">="&월별!$A7, 일별!$A:$A, "<"&월별!$A8) -> 0 | AE7: =SUMIFS(일별!AC:AC, 일별!$A:$A, ">="&월별!$A7, 일별!$A:$A, "<"&월별!$A8) -> 0 | AF7: =SUMIFS(일별!AD:AD, 일별!$A:$A, ">="&월별!$A7, 일별!$A:$A, "<"&월별!$A8) -> 176 | AG7: =SUMIFS(일별!AE:AE, 일별!$A:$A, ">="&월별!$A7, 일별!$A:$A, "<"&월별!$A8) -> 0 | AH7: =SUMIFS(일별!AF:AF, 일별!$A:$A, ">="&월별!$A7, 일별!$A:$A, "<"&월별!$A8) -> 0 | AI7: =SUMIFS(일별!AG:AG, 일별!$A:$A, ">="&월별!$A7, 일별!$A:$A, "<"&월별!$A8) -> 0 | AJ7: =SUMIFS(일별!AX:AX, 일별!$A:$A, ">="&월별!$A7, 일별!$A:$A, "<"&월별!$A8) -> 7059.714 | AK7: =SUMIFS(일별!AY:AY, 일별!$A:$A, ">="&월별!$A7, 일별!$A:$A, "<"&월별!$A8) -> 0 | AL7: =SUMIFS(일별!AZ:AZ, 일별!$A:$A, ">="&월별!$A7, 일별!$A:$A, "<"&월별!$A8) -> 0 | AM7: =SUMIFS(일별!BA:BA, 일별!$A:$A, ">="&월별!$A7, 일별!$A:$A, "<"&월별!$A8) -> 0 | AN7: =SUMIFS(일별!BB:BB, 일별!$A:$A, ">="&월별!$A7, 일별!$A:$A, "<"&월별!$A8) -> 0 | AO7: =SUMIFS(일별!BC:BC, 일별!$A:$A, ">="&월별!$A7, 일별!$A:$A, "<"&월별!$A8) -> 7059.714 | AP7: {=SUM(_xlfn._xlws.FILTER(일별!BH:CC, (일별!$A:$A >= 월별!$A7) * (일별!$A:$A < 월별!$A8), 0))} -> 0 | AQ7: =AP7/(월별!$A8 - 월별!$A7) -> 0 | AR7: {=SUM(_xlfn._xlws.FILTER(일별!CD:CY, (일별!$A:$A >= 월별!$A7) * (일별!$A:$A < 월별!$A8), 0))} -> #N/A | AS7: =AR7/(월별!$A8 - 월별!$A7) -> #N/A | AT7: {=SUM(_xlfn._xlws.FILTER(일별!CZ:DU, (일별!$A:$A >= 월별!$A7) * (일별!$A:$A < 월별!$A8), 0))} -> 0 | AU7: =AT7/(월별!$A8 - 월별!$A7) -> 0 | AV7: {=SUM(_xlfn._xlws.FILTER(일별!BH:BH, (일별!$A:$A >= 월별!$A7) * (일별!$A:$A < 월별!$A8), 0))} -> 0 | AW7: {=SUM(_xlfn._xlws.FILTER(일별!BI:BI, (일별!$A:$A >= 월별!$A7) * (일별!$A:$A < 월별!$A8), 0))} -> 0 | AX7: {=SUM(_xlfn._xlws.FILTER(일별!BJ:BJ, (일별!$A:$A >= 월별!$A7) * (일별!$A:$A < 월별!$A8), 0))} -> 0 | AY7: {=SUM(_xlfn._xlws.FILTER(일별!BK:BK, (일별!$A:$A >= 월별!$A7) * (일별!$A:$A < 월별!$A8), 0))} -> 0 | AZ7: {=SUM(_xlfn._xlws.FILTER(일별!BL:BL, (일별!$A:$A >= 월별!$A7) * (일별!$A:$A < 월별!$A8), 0))} -> 0 | BA7: {=SUM(_xlfn._xlws.FILTER(일별!BM:BM, (일별!$A:$A >= 월별!$A7) * (일별!$A:$A < 월별!$A8), 0))} -> 0 | BB7: {=SUM(_xlfn._xlws.FILTER(일별!BN:BN, (일별!$A:$A >= 월별!$A7) * (일별!$A:$A < 월별!$A8), 0))} -> 0 | BC7: {=SUM(_xlfn._xlws.FILTER(일별!BO:BO, (일별!$A:$A >= 월별!$A7) * (일별!$A:$A < 월별!$A8), 0))} -> 0 | BD7: {=SUM(_xlfn._xlws.FILTER(일별!BP:BP, (일별!$A:$A >= 월별!$A7) * (일별!$A:$A < 월별!$A8), 0))} -> 0 | BE7: {=SUM(_xlfn._xlws.FILTER(일별!BQ:BQ, (일별!$A:$A >= 월별!$A7) * (일별!$A:$A < 월별!$A8), 0))} -> 0 | BF7: {=SUM(_xlfn._xlws.FILTER(일별!BR:BR, (일별!$A:$A >= 월별!$A7) * (일별!$A:$A < 월별!$A8), 0))} -> 0 | BG7: {=SUM(_xlfn._xlws.FILTER(일별!BS:BS, (일별!$A:$A >= 월별!$A7) * (일별!$A:$A < 월별!$A8), 0))} -> 0 | BH7: {=SUM(_xlfn._xlws.FILTER(일별!BT:BT, (일별!$A:$A >= 월별!$A7) * (일별!$A:$A < 월별!$A8), 0))} -> 0 | BI7: {=SUM(_xlfn._xlws.FILTER(일별!BU:BU, (일별!$A:$A >= 월별!$A7) * (일별!$A:$A < 월별!$A8), 0))} -> 0 | BJ7: {=SUM(_xlfn._xlws.FILTER(일별!BV:BV, (일별!$A:$A >= 월별!$A7) * (일별!$A:$A < 월별!$A8), 0))} -> 0 | BK7: {=SUM(_xlfn._xlws.FILTER(일별!BW:BW, (일별!$A:$A >= 월별!$A7) * (일별!$A:$A < 월별!$A8), 0))} -> 0 | BL7: {=SUM(_xlfn._xlws.FILTER(일별!BX:BX, (일별!$A:$A >= 월별!$A7) * (일별!$A:$A < 월별!$A8), 0))} -> 0 | BM7: {=SUM(_xlfn._xlws.FILTER(일별!BY:BY, (일별!$A:$A >= 월별!$A7) * (일별!$A:$A < 월별!$A8), 0))} -> 0 | BN7: {=SUM(_xlfn._xlws.FILTER(일별!BZ:BZ, (일별!$A:$A >= 월별!$A7) * (일별!$A:$A < 월별!$A8), 0))} -> 0 | BO7: {=SUM(_xlfn._xlws.FILTER(일별!CA:CA, (일별!$A:$A >= 월별!$A7) * (일별!$A:$A < 월별!$A8), 0))} -> 0 | BP7: {=SUM(_xlfn._xlws.FILTER(일별!CB:CB, (일별!$A:$A >= 월별!$A7) * (일별!$A:$A < 월별!$A8), 0))} -> 0 | BQ7: {=SUM(_xlfn._xlws.FILTER(일별!CC:CC, (일별!$A:$A >= 월별!$A7) * (일별!$A:$A < 월별!$A8), 0))} -> 0 | BR7: {=SUM(_xlfn._xlws.FILTER(일별!CD:CD, (일별!$A:$A >= 월별!$A7) * (일별!$A:$A < 월별!$A8), 0))} -> #N/A | BS7: {=SUM(_xlfn._xlws.FILTER(일별!CE:CE, (일별!$A:$A >= 월별!$A7) * (일별!$A:$A < 월별!$A8), 0))} -> #N/A | BT7: {=SUM(_xlfn._xlws.FILTER(일별!CF:CF, (일별!$A:$A >= 월별!$A7) * (일별!$A:$A < 월별!$A8), 0))} -> #N/A | BU7: {=SUM(_xlfn._xlws.FILTER(일별!CG:CG, (일별!$A:$A >= 월별!$A7) * (일별!$A:$A < 월별!$A8), 0))} -> #N/A | BV7: {=SUM(_xlfn._xlws.FILTER(일별!CH:CH, (일별!$A:$A >= 월별!$A7) * (일별!$A:$A < 월별!$A8), 0))} -> #N/A | BW7: {=SUM(_xlfn._xlws.FILTER(일별!CI:CI, (일별!$A:$A >= 월별!$A7) * (일별!$A:$A < 월별!$A8), 0))} -> #N/A | BX7: {=SUM(_xlfn._xlws.FILTER(일별!CJ:CJ, (일별!$A:$A >= 월별!$A7) * (일별!$A:$A < 월별!$A8), 0))} -> #N/A | BY7: {=SUM(_xlfn._xlws.FILTER(일별!CK:CK, (일별!$A:$A >= 월별!$A7) * (일별!$A:$A < 월별!$A8), 0))} -> #N/A | BZ7: {=SUM(_xlfn._xlws.FILTER(일별!CL:CL, (일별!$A:$A >= 월별!$A7) * (일별!$A:$A < 월별!$A8), 0))} -> #N/A | CA7: {=SUM(_xlfn._xlws.FILTER(일별!CM:CM, (일별!$A:$A >= 월별!$A7) * (일별!$A:$A < 월별!$A8), 0))} -> #N/A | CB7: {=SUM(_xlfn._xlws.FILTER(일별!CN:CN, (일별!$A:$A >= 월별!$A7) * (일별!$A:$A < 월별!$A8), 0))} -> #N/A | CC7: {=SUM(_xlfn._xlws.FILTER(일별!CO:CO, (일별!$A:$A >= 월별!$A7) * (일별!$A:$A < 월별!$A8), 0))} -> #N/A | CD7: {=SUM(_xlfn._xlws.FILTER(일별!CP:CP, (일별!$A:$A >= 월별!$A7) * (일별!$A:$A < 월별!$A8), 0))} -> #N/A | CE7: {=SUM(_xlfn._xlws.FILTER(일별!CQ:CQ, (일별!$A:$A >= 월별!$A7) * (일별!$A:$A < 월별!$A8), 0))} -> #N/A | CF7: {=SUM(_xlfn._xlws.FILTER(일별!CR:CR, (일별!$A:$A >= 월별!$A7) * (일별!$A:$A < 월별!$A8), 0))} -> #N/A | CG7: {=SUM(_xlfn._xlws.FILTER(일별!CS:CS, (일별!$A:$A >= 월별!$A7) * (일별!$A:$A < 월별!$A8), 0))} -> #N/A | CH7: {=SUM(_xlfn._xlws.FILTER(일별!CT:CT, (일별!$A:$A >= 월별!$A7) * (일별!$A:$A < 월별!$A8), 0))} -> #N/A | CI7: {=SUM(_xlfn._xlws.FILTER(일별!CU:CU, (일별!$A:$A >= 월별!$A7) * (일별!$A:$A < 월별!$A8), 0))} -> #N/A | CJ7: {=SUM(_xlfn._xlws.FILTER(일별!CV:CV, (일별!$A:$A >= 월별!$A7) * (일별!$A:$A < 월별!$A8), 0))} -> #N/A | CK7: {=SUM(_xlfn._xlws.FILTER(일별!CW:CW, (일별!$A:$A >= 월별!$A7) * (일별!$A:$A < 월별!$A8), 0))} -> #N/A | CL7: {=SUM(_xlfn._xlws.FILTER(일별!CX:CX, (일별!$A:$A >= 월별!$A7) * (일별!$A:$A < 월별!$A8), 0))} -> #N/A | CM7: {=SUM(_xlfn._xlws.FILTER(일별!CY:CY, (일별!$A:$A >= 월별!$A7) * (일별!$A:$A < 월별!$A8), 0))} -> #N/A | CN7: {=SUM(_xlfn._xlws.FILTER(일별!CZ:CZ, (일별!$A:$A >= 월별!$A7) * (일별!$A:$A < 월별!$A8), 0))} -> 0 | CO7: {=SUM(_xlfn._xlws.FILTER(일별!DA:DA, (일별!$A:$A >= 월별!$A7) * (일별!$A:$A < 월별!$A8), 0))} -> 0 | CP7: {=SUM(_xlfn._xlws.FILTER(일별!DB:DB, (일별!$A:$A >= 월별!$A7) * (일별!$A:$A < 월별!$A8), 0))} -> 0 | CQ7: {=SUM(_xlfn._xlws.FILTER(일별!DC:DC, (일별!$A:$A >= 월별!$A7) * (일별!$A:$A < 월별!$A8), 0))} -> 0 | CR7: {=SUM(_xlfn._xlws.FILTER(일별!DD:DD, (일별!$A:$A >= 월별!$A7) * (일별!$A:$A < 월별!$A8), 0))} -> 0 | CS7: {=SUM(_xlfn._xlws.FILTER(일별!DE:DE, (일별!$A:$A >= 월별!$A7) * (일별!$A:$A < 월별!$A8), 0))} -> 0 | CT7: {=SUM(_xlfn._xlws.FILTER(일별!DF:DF, (일별!$A:$A >= 월별!$A7) * (일별!$A:$A < 월별!$A8), 0))} -> 0 | CU7: {=SUM(_xlfn._xlws.FILTER(일별!DG:DG, (일별!$A:$A >= 월별!$A7) * (일별!$A:$A < 월별!$A8), 0))} -> 0 | CV7: {=SUM(_xlfn._xlws.FILTER(일별!DH:DH, (일별!$A:$A >= 월별!$A7) * (일별!$A:$A < 월별!$A8), 0))} -> 0 | CW7: {=SUM(_xlfn._xlws.FILTER(일별!DI:DI, (일별!$A:$A >= 월별!$A7) * (일별!$A:$A < 월별!$A8), 0))} -> 0 | CX7: {=SUM(_xlfn._xlws.FILTER(일별!DJ:DJ, (일별!$A:$A >= 월별!$A7) * (일별!$A:$A < 월별!$A8), 0))} -> 0 | CY7: {=SUM(_xlfn._xlws.FILTER(일별!DK:DK, (일별!$A:$A >= 월별!$A7) * (일별!$A:$A < 월별!$A8), 0))} -> 0 | CZ7: {=SUM(_xlfn._xlws.FILTER(일별!DL:DL, (일별!$A:$A >= 월별!$A7) * (일별!$A:$A < 월별!$A8), 0))} -> 0 | DA7: {=SUM(_xlfn._xlws.FILTER(일별!DM:DM, (일별!$A:$A >= 월별!$A7) * (일별!$A:$A < 월별!$A8), 0))} -> 0 | DB7: {=SUM(_xlfn._xlws.FILTER(일별!DN:DN, (일별!$A:$A >= 월별!$A7) * (일별!$A:$A < 월별!$A8), 0))} -> 0 | DC7: {=SUM(_xlfn._xlws.FILTER(일별!DO:DO, (일별!$A:$A >= 월별!$A7) * (일별!$A:$A < 월별!$A8), 0))} -> 0 | DD7: {=SUM(_xlfn._xlws.FILTER(일별!DP:DP, (일별!$A:$A >= 월별!$A7) * (일별!$A:$A < 월별!$A8), 0))} -> 0 | DE7: {=SUM(_xlfn._xlws.FILTER(일별!DQ:DQ, (일별!$A:$A >= 월별!$A7) * (일별!$A:$A < 월별!$A8), 0))} -> 0 | DF7: {=SUM(_xlfn._xlws.FILTER(일별!DR:DR, (일별!$A:$A >= 월별!$A7) * (일별!$A:$A < 월별!$A8), 0))} -> 0 | DG7: {=SUM(_xlfn._xlws.FILTER(일별!DS:DS, (일별!$A:$A >= 월별!$A7) * (일별!$A:$A < 월별!$A8), 0))} -> 0 | DH7: {=SUM(_xlfn._xlws.FILTER(일별!DT:DT, (일별!$A:$A >= 월별!$A7) * (일별!$A:$A < 월별!$A8), 0))} -> 0 | DI7: {=SUM(_xlfn._xlws.FILTER(일별!DU:DU, (일별!$A:$A >= 월별!$A7) * (일별!$A:$A < 월별!$A8), 0))} -> 0
A8: 46113 | B8: =SUMIFS(일별!$C:$C, 일별!$A:$A, ">="&월별!$A8, 일별!$A:$A, "<"&월별!$A9) -> 0 | C8: =B8/(월별!$A9 - 월별!$A8) -> 0 | D8: =SUMIFS(일별!E:E, 일별!$A:$A, ">="&월별!$A8, 일별!$A:$A, "<"&월별!$A9) -> 122 | E8: =D8/(월별!$A9 - 월별!$A8) -> 4.0666667 | F8: =SUMIFS(일별!G:G, 일별!$A:$A, ">="&월별!$A8, 일별!$A:$A, "<"&월별!$A9) -> 117 | G8: =F8/(월별!$A9 - 월별!$A8) -> 3.9 | H8: =D8+F8 -> 239 | I8: =E8+G8 -> 7.9666667 | J8: =SUMIFS(일별!I:I, 일별!$A:$A, ">="&월별!$A8, 일별!$A:$A, "<"&월별!$A9) -> 23.19 | K8: =J8/(월별!$A9 - 월별!$A8) -> 0.773 | L8: =SUMIFS(일별!K:K, 일별!$A:$A, ">="&월별!$A8, 일별!$A:$A, "<"&월별!$A9) -> 7.89 | M8: =L8/(월별!$A9 - 월별!$A8) -> 0.263 | N8: =SUMIFS(일별!M:M, 일별!$A:$A, ">="&월별!$A8, 일별!$A:$A, "<"&월별!$A9) -> 5.7 | O8: =N8/(월별!$A9 - 월별!$A8) -> 0.19 | P8: =SUMIFS(일별!O:O, 일별!$A:$A, ">="&월별!$A8, 일별!$A:$A, "<"&월별!$A9) -> 502 | Q8: =P8/(월별!$A9 - 월별!$A8) -> 16.733333 | R8: =SUMIFS(일별!Q:Q, 일별!$A:$A, ">="&월별!$A8, 일별!$A:$A, "<"&월별!$A9) -> 558 | S8: =R8/(월별!$A9 - 월별!$A8) -> 18.6 | T8: =SUMIFS(일별!S:S, 일별!$A:$A, ">="&월별!$A8, 일별!$A:$A, "<"&월별!$A9) -> -0.01 | U8: =T8/(월별!$A9 - 월별!$A8) -> -0.00033333333 | V8: =SUMIFS(일별!U:U, 일별!$A:$A, ">="&월별!$A8, 일별!$A:$A, "<"&월별!$A9) -> 0.15 | W8: =V8/(월별!$A9 - 월별!$A8) -> 0.005 | X8: =SUMIFS(일별!W:W, 일별!$A:$A, ">="&월별!$A8, 일별!$A:$A, "<"&월별!$A9) -> -577 | Y8: =X8/(월별!$A9 - 월별!$A8) -> -19.233333 | Z8: =SUMIFS(일별!X:X, 일별!$A:$A, ">="&월별!$A8, 일별!$A:$A, "<"&월별!$A9) -> 21451.94 | AA8: =SUMIFS(일별!Y:Y, 일별!$A:$A, ">="&월별!$A8, 일별!$A:$A, "<"&월별!$A9) -> 0 | AB8: =SUMIFS(일별!Z:Z, 일별!$A:$A, ">="&월별!$A8, 일별!$A:$A, "<"&월별!$A9) -> 0 | AC8: =SUMIFS(일별!AA:AA, 일별!$A:$A, ">="&월별!$A8, 일별!$A:$A, "<"&월별!$A9) -> 0 | AD8: =SUMIFS(일별!AB:AB, 일별!$A:$A, ">="&월별!$A8, 일별!$A:$A, "<"&월별!$A9) -> 0 | AE8: =SUMIFS(일별!AC:AC, 일별!$A:$A, ">="&월별!$A8, 일별!$A:$A, "<"&월별!$A9) -> 0 | AF8: =SUMIFS(일별!AD:AD, 일별!$A:$A, ">="&월별!$A8, 일별!$A:$A, "<"&월별!$A9) -> 12 | AG8: =SUMIFS(일별!AE:AE, 일별!$A:$A, ">="&월별!$A8, 일별!$A:$A, "<"&월별!$A9) -> 0 | AH8: =SUMIFS(일별!AF:AF, 일별!$A:$A, ">="&월별!$A8, 일별!$A:$A, "<"&월별!$A9) -> 0 | AI8: =SUMIFS(일별!AG:AG, 일별!$A:$A, ">="&월별!$A8, 일별!$A:$A, "<"&월별!$A9) -> 0 | AJ8: =SUMIFS(일별!AX:AX, 일별!$A:$A, ">="&월별!$A8, 일별!$A:$A, "<"&월별!$A9) -> 114 | AK8: =SUMIFS(일별!AY:AY, 일별!$A:$A, ">="&월별!$A8, 일별!$A:$A, "<"&월별!$A9) -> 0 | AL8: =SUMIFS(일별!AZ:AZ, 일별!$A:$A, ">="&월별!$A8, 일별!$A:$A, "<"&월별!$A9) -> 0 | AM8: =SUMIFS(일별!BA:BA, 일별!$A:$A, ">="&월별!$A8, 일별!$A:$A, "<"&월별!$A9) -> 0 | AN8: =SUMIFS(일별!BB:BB, 일별!$A:$A, ">="&월별!$A8, 일별!$A:$A, "<"&월별!$A9) -> 0 | AO8: =SUMIFS(일별!BC:BC, 일별!$A:$A, ">="&월별!$A8, 일별!$A:$A, "<"&월별!$A9) -> 114 | AP8: {=SUM(_xlfn._xlws.FILTER(일별!BH:CC, (일별!$A:$A >= 월별!$A8) * (일별!$A:$A < 월별!$A9), 0))} -> 0 | AQ8: =AP8/(월별!$A9 - 월별!$A8) -> 0 | AR8: {=SUM(_xlfn._xlws.FILTER(일별!CD:CY, (일별!$A:$A >= 월별!$A8) * (일별!$A:$A < 월별!$A9), 0))} -> 0 | AS8: =AR8/(월별!$A9 - 월별!$A8) -> 0 | AT8: {=SUM(_xlfn._xlws.FILTER(일별!CZ:DU, (일별!$A:$A >= 월별!$A8) * (일별!$A:$A < 월별!$A9), 0))} -> 0 | AU8: =AT8/(월별!$A9 - 월별!$A8) -> 0 | AV8: {=SUM(_xlfn._xlws.FILTER(일별!BH:BH, (일별!$A:$A >= 월별!$A8) * (일별!$A:$A < 월별!$A9), 0))} -> 0 | AW8: {=SUM(_xlfn._xlws.FILTER(일별!BI:BI, (일별!$A:$A >= 월별!$A8) * (일별!$A:$A < 월별!$A9), 0))} -> 0 | AX8: {=SUM(_xlfn._xlws.FILTER(일별!BJ:BJ, (일별!$A:$A >= 월별!$A8) * (일별!$A:$A < 월별!$A9), 0))} -> 0 | AY8: {=SUM(_xlfn._xlws.FILTER(일별!BK:BK, (일별!$A:$A >= 월별!$A8) * (일별!$A:$A < 월별!$A9), 0))} -> 0 | AZ8: {=SUM(_xlfn._xlws.FILTER(일별!BL:BL, (일별!$A:$A >= 월별!$A8) * (일별!$A:$A < 월별!$A9), 0))} -> 0 | BA8: {=SUM(_xlfn._xlws.FILTER(일별!BM:BM, (일별!$A:$A >= 월별!$A8) * (일별!$A:$A < 월별!$A9), 0))} -> 0 | BB8: {=SUM(_xlfn._xlws.FILTER(일별!BN:BN, (일별!$A:$A >= 월별!$A8) * (일별!$A:$A < 월별!$A9), 0))} -> 0 | BC8: {=SUM(_xlfn._xlws.FILTER(일별!BO:BO, (일별!$A:$A >= 월별!$A8) * (일별!$A:$A < 월별!$A9), 0))} -> 0 | BD8: {=SUM(_xlfn._xlws.FILTER(일별!BP:BP, (일별!$A:$A >= 월별!$A8) * (일별!$A:$A < 월별!$A9), 0))} -> 0 | BE8: {=SUM(_xlfn._xlws.FILTER(일별!BQ:BQ, (일별!$A:$A >= 월별!$A8) * (일별!$A:$A < 월별!$A9), 0))} -> 0 | BF8: {=SUM(_xlfn._xlws.FILTER(일별!BR:BR, (일별!$A:$A >= 월별!$A8) * (일별!$A:$A < 월별!$A9), 0))} -> 0 | BG8: {=SUM(_xlfn._xlws.FILTER(일별!BS:BS, (일별!$A:$A >= 월별!$A8) * (일별!$A:$A < 월별!$A9), 0))} -> 0 | BH8: {=SUM(_xlfn._xlws.FILTER(일별!BT:BT, (일별!$A:$A >= 월별!$A8) * (일별!$A:$A < 월별!$A9), 0))} -> 0 | BI8: {=SUM(_xlfn._xlws.FILTER(일별!BU:BU, (일별!$A:$A >= 월별!$A8) * (일별!$A:$A < 월별!$A9), 0))} -> 0 | BJ8: {=SUM(_xlfn._xlws.FILTER(일별!BV:BV, (일별!$A:$A >= 월별!$A8) * (일별!$A:$A < 월별!$A9), 0))} -> 0 | BK8: {=SUM(_xlfn._xlws.FILTER(일별!BW:BW, (일별!$A:$A >= 월별!$A8) * (일별!$A:$A < 월별!$A9), 0))} -> 0 | BL8: {=SUM(_xlfn._xlws.FILTER(일별!BX:BX, (일별!$A:$A >= 월별!$A8) * (일별!$A:$A < 월별!$A9), 0))} -> 0 | BM8: {=SUM(_xlfn._xlws.FILTER(일별!BY:BY, (일별!$A:$A >= 월별!$A8) * (일별!$A:$A < 월별!$A9), 0))} -> 0 | BN8: {=SUM(_xlfn._xlws.FILTER(일별!BZ:BZ, (일별!$A:$A >= 월별!$A8) * (일별!$A:$A < 월별!$A9), 0))} -> 0 | BO8: {=SUM(_xlfn._xlws.FILTER(일별!CA:CA, (일별!$A:$A >= 월별!$A8) * (일별!$A:$A < 월별!$A9), 0))} -> 0 | BP8: {=SUM(_xlfn._xlws.FILTER(일별!CB:CB, (일별!$A:$A >= 월별!$A8) * (일별!$A:$A < 월별!$A9), 0))} -> 0 | BQ8: {=SUM(_xlfn._xlws.FILTER(일별!CC:CC, (일별!$A:$A >= 월별!$A8) * (일별!$A:$A < 월별!$A9), 0))} -> 0 | BR8: {=SUM(_xlfn._xlws.FILTER(일별!CD:CD, (일별!$A:$A >= 월별!$A8) * (일별!$A:$A < 월별!$A9), 0))} -> 0 | BS8: {=SUM(_xlfn._xlws.FILTER(일별!CE:CE, (일별!$A:$A >= 월별!$A8) * (일별!$A:$A < 월별!$A9), 0))} -> 0 | BT8: {=SUM(_xlfn._xlws.FILTER(일별!CF:CF, (일별!$A:$A >= 월별!$A8) * (일별!$A:$A < 월별!$A9), 0))} -> 0 | BU8: {=SUM(_xlfn._xlws.FILTER(일별!CG:CG, (일별!$A:$A >= 월별!$A8) * (일별!$A:$A < 월별!$A9), 0))} -> 0 | BV8: {=SUM(_xlfn._xlws.FILTER(일별!CH:CH, (일별!$A:$A >= 월별!$A8) * (일별!$A:$A < 월별!$A9), 0))} -> 0 | BW8: {=SUM(_xlfn._xlws.FILTER(일별!CI:CI, (일별!$A:$A >= 월별!$A8) * (일별!$A:$A < 월별!$A9), 0))} -> 0 | BX8: {=SUM(_xlfn._xlws.FILTER(일별!CJ:CJ, (일별!$A:$A >= 월별!$A8) * (일별!$A:$A < 월별!$A9), 0))} -> 0 | BY8: {=SUM(_xlfn._xlws.FILTER(일별!CK:CK, (일별!$A:$A >= 월별!$A8) * (일별!$A:$A < 월별!$A9), 0))} -> 0 | BZ8: {=SUM(_xlfn._xlws.FILTER(일별!CL:CL, (일별!$A:$A >= 월별!$A8) * (일별!$A:$A < 월별!$A9), 0))} -> 0 | CA8: {=SUM(_xlfn._xlws.FILTER(일별!CM:CM, (일별!$A:$A >= 월별!$A8) * (일별!$A:$A < 월별!$A9), 0))} -> 0 | CB8: {=SUM(_xlfn._xlws.FILTER(일별!CN:CN, (일별!$A:$A >= 월별!$A8) * (일별!$A:$A < 월별!$A9), 0))} -> 0 | CC8: {=SUM(_xlfn._xlws.FILTER(일별!CO:CO, (일별!$A:$A >= 월별!$A8) * (일별!$A:$A < 월별!$A9), 0))} -> 0 | CD8: {=SUM(_xlfn._xlws.FILTER(일별!CP:CP, (일별!$A:$A >= 월별!$A8) * (일별!$A:$A < 월별!$A9), 0))} -> 0 | CE8: {=SUM(_xlfn._xlws.FILTER(일별!CQ:CQ, (일별!$A:$A >= 월별!$A8) * (일별!$A:$A < 월별!$A9), 0))} -> 0 | CF8: {=SUM(_xlfn._xlws.FILTER(일별!CR:CR, (일별!$A:$A >= 월별!$A8) * (일별!$A:$A < 월별!$A9), 0))} -> 0 | CG8: {=SUM(_xlfn._xlws.FILTER(일별!CS:CS, (일별!$A:$A >= 월별!$A8) * (일별!$A:$A < 월별!$A9), 0))} -> 0 | CH8: {=SUM(_xlfn._xlws.FILTER(일별!CT:CT, (일별!$A:$A >= 월별!$A8) * (일별!$A:$A < 월별!$A9), 0))} -> 0 | CI8: {=SUM(_xlfn._xlws.FILTER(일별!CU:CU, (일별!$A:$A >= 월별!$A8) * (일별!$A:$A < 월별!$A9), 0))} -> 0 | CJ8: {=SUM(_xlfn._xlws.FILTER(일별!CV:CV, (일별!$A:$A >= 월별!$A8) * (일별!$A:$A < 월별!$A9), 0))} -> 0 | CK8: {=SUM(_xlfn._xlws.FILTER(일별!CW:CW, (일별!$A:$A >= 월별!$A8) * (일별!$A:$A < 월별!$A9), 0))} -> 0 | CL8: {=SUM(_xlfn._xlws.FILTER(일별!CX:CX, (일별!$A:$A >= 월별!$A8) * (일별!$A:$A < 월별!$A9), 0))} -> 0 | CM8: {=SUM(_xlfn._xlws.FILTER(일별!CY:CY, (일별!$A:$A >= 월별!$A8) * (일별!$A:$A < 월별!$A9), 0))} -> 0 | CN8: {=SUM(_xlfn._xlws.FILTER(일별!CZ:CZ, (일별!$A:$A >= 월별!$A8) * (일별!$A:$A < 월별!$A9), 0))} -> 0 | CO8: {=SUM(_xlfn._xlws.FILTER(일별!DA:DA, (일별!$A:$A >= 월별!$A8) * (일별!$A:$A < 월별!$A9), 0))} -> 0 | CP8: {=SUM(_xlfn._xlws.FILTER(일별!DB:DB, (일별!$A:$A >= 월별!$A8) * (일별!$A:$A < 월별!$A9), 0))} -> 0 | CQ8: {=SUM(_xlfn._xlws.FILTER(일별!DC:DC, (일별!$A:$A >= 월별!$A8) * (일별!$A:$A < 월별!$A9), 0))} -> 0 | CR8: {=SUM(_xlfn._xlws.FILTER(일별!DD:DD, (일별!$A:$A >= 월별!$A8) * (일별!$A:$A < 월별!$A9), 0))} -> 0 | CS8: {=SUM(_xlfn._xlws.FILTER(일별!DE:DE, (일별!$A:$A >= 월별!$A8) * (일별!$A:$A < 월별!$A9), 0))} -> 0 | CT8: {=SUM(_xlfn._xlws.FILTER(일별!DF:DF, (일별!$A:$A >= 월별!$A8) * (일별!$A:$A < 월별!$A9), 0))} -> 0 | CU8: {=SUM(_xlfn._xlws.FILTER(일별!DG:DG, (일별!$A:$A >= 월별!$A8) * (일별!$A:$A < 월별!$A9), 0))} -> 0 | CV8: {=SUM(_xlfn._xlws.FILTER(일별!DH:DH, (일별!$A:$A >= 월별!$A8) * (일별!$A:$A < 월별!$A9), 0))} -> 0 | CW8: {=SUM(_xlfn._xlws.FILTER(일별!DI:DI, (일별!$A:$A >= 월별!$A8) * (일별!$A:$A < 월별!$A9), 0))} -> 0 | CX8: {=SUM(_xlfn._xlws.FILTER(일별!DJ:DJ, (일별!$A:$A >= 월별!$A8) * (일별!$A:$A < 월별!$A9), 0))} -> 0 | CY8: {=SUM(_xlfn._xlws.FILTER(일별!DK:DK, (일별!$A:$A >= 월별!$A8) * (일별!$A:$A < 월별!$A9), 0))} -> 0 | CZ8: {=SUM(_xlfn._xlws.FILTER(일별!DL:DL, (일별!$A:$A >= 월별!$A8) * (일별!$A:$A < 월별!$A9), 0))} -> 0 | DA8: {=SUM(_xlfn._xlws.FILTER(일별!DM:DM, (일별!$A:$A >= 월별!$A8) * (일별!$A:$A < 월별!$A9), 0))} -> 0 | DB8: {=SUM(_xlfn._xlws.FILTER(일별!DN:DN, (일별!$A:$A >= 월별!$A8) * (일별!$A:$A < 월별!$A9), 0))} -> 0 | DC8: {=SUM(_xlfn._xlws.FILTER(일별!DO:DO, (일별!$A:$A >= 월별!$A8) * (일별!$A:$A < 월별!$A9), 0))} -> 0 | DD8: {=SUM(_xlfn._xlws.FILTER(일별!DP:DP, (일별!$A:$A >= 월별!$A8) * (일별!$A:$A < 월별!$A9), 0))} -> 0 | DE8: {=SUM(_xlfn._xlws.FILTER(일별!DQ:DQ, (일별!$A:$A >= 월별!$A8) * (일별!$A:$A < 월별!$A9), 0))} -> 0 | DF8: {=SUM(_xlfn._xlws.FILTER(일별!DR:DR, (일별!$A:$A >= 월별!$A8) * (일별!$A:$A < 월별!$A9), 0))} -> 0 | DG8: {=SUM(_xlfn._xlws.FILTER(일별!DS:DS, (일별!$A:$A >= 월별!$A8) * (일별!$A:$A < 월별!$A9), 0))} -> 0 | DH8: {=SUM(_xlfn._xlws.FILTER(일별!DT:DT, (일별!$A:$A >= 월별!$A8) * (일별!$A:$A < 월별!$A9), 0))} -> 0 | DI8: {=SUM(_xlfn._xlws.FILTER(일별!DU:DU, (일별!$A:$A >= 월별!$A8) * (일별!$A:$A < 월별!$A9), 0))} -> 0
A9: 46143 | B9: =SUMIFS(일별!$C:$C, 일별!$A:$A, ">="&월별!$A9, 일별!$A:$A, "<"&월별!$A10) -> 0 | C9: =B9/(월별!$A10 - 월별!$A9) -> 0 | D9: =SUMIFS(일별!E:E, 일별!$A:$A, ">="&월별!$A9, 일별!$A:$A, "<"&월별!$A10) -> 0 | E9: =D9/(월별!$A10 - 월별!$A9) -> 0 | F9: =SUMIFS(일별!G:G, 일별!$A:$A, ">="&월별!$A9, 일별!$A:$A, "<"&월별!$A10) -> 0 | G9: =F9/(월별!$A10 - 월별!$A9) -> 0 | H9: =D9+F9 -> 0 | I9: =E9+G9 -> 0 | J9: =SUMIFS(일별!I:I, 일별!$A:$A, ">="&월별!$A9, 일별!$A:$A, "<"&월별!$A10) -> 0 | K9: =J9/(월별!$A10 - 월별!$A9) -> 0 | L9: =SUMIFS(일별!K:K, 일별!$A:$A, ">="&월별!$A9, 일별!$A:$A, "<"&월별!$A10) -> 0 | M9: =L9/(월별!$A10 - 월별!$A9) -> 0 | N9: =SUMIFS(일별!M:M, 일별!$A:$A, ">="&월별!$A9, 일별!$A:$A, "<"&월별!$A10) -> 0 | O9: =N9/(월별!$A10 - 월별!$A9) -> 0 | P9: =SUMIFS(일별!O:O, 일별!$A:$A, ">="&월별!$A9, 일별!$A:$A, "<"&월별!$A10) -> 0 | Q9: =P9/(월별!$A10 - 월별!$A9) -> 0 | R9: =SUMIFS(일별!Q:Q, 일별!$A:$A, ">="&월별!$A9, 일별!$A:$A, "<"&월별!$A10) -> 0 | S9: =R9/(월별!$A10 - 월별!$A9) -> 0 | T9: =SUMIFS(일별!S:S, 일별!$A:$A, ">="&월별!$A9, 일별!$A:$A, "<"&월별!$A10) -> 0 | U9: =T9/(월별!$A10 - 월별!$A9) -> 0 | V9: =SUMIFS(일별!U:U, 일별!$A:$A, ">="&월별!$A9, 일별!$A:$A, "<"&월별!$A10) -> 0 | W9: =V9/(월별!$A10 - 월별!$A9) -> 0 | X9: =SUMIFS(일별!W:W, 일별!$A:$A, ">="&월별!$A9, 일별!$A:$A, "<"&월별!$A10) -> 0 | Y9: =X9/(월별!$A10 - 월별!$A9) -> 0 | Z9: =SUMIFS(일별!X:X, 일별!$A:$A, ">="&월별!$A9, 일별!$A:$A, "<"&월별!$A10) -> 0 | AA9: =SUMIFS(일별!Y:Y, 일별!$A:$A, ">="&월별!$A9, 일별!$A:$A, "<"&월별!$A10) -> 0 | AB9: =SUMIFS(일별!Z:Z, 일별!$A:$A, ">="&월별!$A9, 일별!$A:$A, "<"&월별!$A10) -> 0 | AC9: =SUMIFS(일별!AA:AA, 일별!$A:$A, ">="&월별!$A9, 일별!$A:$A, "<"&월별!$A10) -> 0 | AD9: =SUMIFS(일별!AB:AB, 일별!$A:$A, ">="&월별!$A9, 일별!$A:$A, "<"&월별!$A10) -> 0 | AE9: =SUMIFS(일별!AC:AC, 일별!$A:$A, ">="&월별!$A9, 일별!$A:$A, "<"&월별!$A10) -> 0 | AF9: =SUMIFS(일별!AD:AD, 일별!$A:$A, ">="&월별!$A9, 일별!$A:$A, "<"&월별!$A10) -> 0 | AG9: =SUMIFS(일별!AE:AE, 일별!$A:$A, ">="&월별!$A9, 일별!$A:$A, "<"&월별!$A10) -> 0 | AH9: =SUMIFS(일별!AF:AF, 일별!$A:$A, ">="&월별!$A9, 일별!$A:$A, "<"&월별!$A10) -> 0 | AI9: =SUMIFS(일별!AG:AG, 일별!$A:$A, ">="&월별!$A9, 일별!$A:$A, "<"&월별!$A10) -> 0 | AJ9: =SUMIFS(일별!AX:AX, 일별!$A:$A, ">="&월별!$A9, 일별!$A:$A, "<"&월별!$A10) -> 0 | AK9: =SUMIFS(일별!AY:AY, 일별!$A:$A, ">="&월별!$A9, 일별!$A:$A, "<"&월별!$A10) -> 0 | AL9: =SUMIFS(일별!AZ:AZ, 일별!$A:$A, ">="&월별!$A9, 일별!$A:$A, "<"&월별!$A10) -> 0 | AM9: =SUMIFS(일별!BA:BA, 일별!$A:$A, ">="&월별!$A9, 일별!$A:$A, "<"&월별!$A10) -> 0 | AN9: =SUMIFS(일별!BB:BB, 일별!$A:$A, ">="&월별!$A9, 일별!$A:$A, "<"&월별!$A10) -> 0 | AO9: =SUMIFS(일별!BC:BC, 일별!$A:$A, ">="&월별!$A9, 일별!$A:$A, "<"&월별!$A10) -> 0 | AP9: {=SUM(_xlfn._xlws.FILTER(일별!BH:CC, (일별!$A:$A >= 월별!$A9) * (일별!$A:$A < 월별!$A10), 0))} -> 0 | AQ9: =AP9/(월별!$A10 - 월별!$A9) -> 0 | AR9: {=SUM(_xlfn._xlws.FILTER(일별!CD:CY, (일별!$A:$A >= 월별!$A9) * (일별!$A:$A < 월별!$A10), 0))} -> 0 | AS9: =AR9/(월별!$A10 - 월별!$A9) -> 0 | AT9: {=SUM(_xlfn._xlws.FILTER(일별!CZ:DU, (일별!$A:$A >= 월별!$A9) * (일별!$A:$A < 월별!$A10), 0))} -> 0 | AU9: =AT9/(월별!$A10 - 월별!$A9) -> 0 | AV9: {=SUM(_xlfn._xlws.FILTER(일별!BH:BH, (일별!$A:$A >= 월별!$A9) * (일별!$A:$A < 월별!$A10), 0))} -> 0 | AW9: {=SUM(_xlfn._xlws.FILTER(일별!BI:BI, (일별!$A:$A >= 월별!$A9) * (일별!$A:$A < 월별!$A10), 0))} -> 0 | AX9: {=SUM(_xlfn._xlws.FILTER(일별!BJ:BJ, (일별!$A:$A >= 월별!$A9) * (일별!$A:$A < 월별!$A10), 0))} -> 0 | AY9: {=SUM(_xlfn._xlws.FILTER(일별!BK:BK, (일별!$A:$A >= 월별!$A9) * (일별!$A:$A < 월별!$A10), 0))} -> 0 | AZ9: {=SUM(_xlfn._xlws.FILTER(일별!BL:BL, (일별!$A:$A >= 월별!$A9) * (일별!$A:$A < 월별!$A10), 0))} -> 0 | BA9: {=SUM(_xlfn._xlws.FILTER(일별!BM:BM, (일별!$A:$A >= 월별!$A9) * (일별!$A:$A < 월별!$A10), 0))} -> 0 | BB9: {=SUM(_xlfn._xlws.FILTER(일별!BN:BN, (일별!$A:$A >= 월별!$A9) * (일별!$A:$A < 월별!$A10), 0))} -> 0 | BC9: {=SUM(_xlfn._xlws.FILTER(일별!BO:BO, (일별!$A:$A >= 월별!$A9) * (일별!$A:$A < 월별!$A10), 0))} -> 0 | BD9: {=SUM(_xlfn._xlws.FILTER(일별!BP:BP, (일별!$A:$A >= 월별!$A9) * (일별!$A:$A < 월별!$A10), 0))} -> 0 | BE9: {=SUM(_xlfn._xlws.FILTER(일별!BQ:BQ, (일별!$A:$A >= 월별!$A9) * (일별!$A:$A < 월별!$A10), 0))} -> 0 | BF9: {=SUM(_xlfn._xlws.FILTER(일별!BR:BR, (일별!$A:$A >= 월별!$A9) * (일별!$A:$A < 월별!$A10), 0))} -> 0 | BG9: {=SUM(_xlfn._xlws.FILTER(일별!BS:BS, (일별!$A:$A >= 월별!$A9) * (일별!$A:$A < 월별!$A10), 0))} -> 0 | BH9: {=SUM(_xlfn._xlws.FILTER(일별!BT:BT, (일별!$A:$A >= 월별!$A9) * (일별!$A:$A < 월별!$A10), 0))} -> 0 | BI9: {=SUM(_xlfn._xlws.FILTER(일별!BU:BU, (일별!$A:$A >= 월별!$A9) * (일별!$A:$A < 월별!$A10), 0))} -> 0 | BJ9: {=SUM(_xlfn._xlws.FILTER(일별!BV:BV, (일별!$A:$A >= 월별!$A9) * (일별!$A:$A < 월별!$A10), 0))} -> 0 | BK9: {=SUM(_xlfn._xlws.FILTER(일별!BW:BW, (일별!$A:$A >= 월별!$A9) * (일별!$A:$A < 월별!$A10), 0))} -> 0 | BL9: {=SUM(_xlfn._xlws.FILTER(일별!BX:BX, (일별!$A:$A >= 월별!$A9) * (일별!$A:$A < 월별!$A10), 0))} -> 0 | BM9: {=SUM(_xlfn._xlws.FILTER(일별!BY:BY, (일별!$A:$A >= 월별!$A9) * (일별!$A:$A < 월별!$A10), 0))} -> 0 | BN9: {=SUM(_xlfn._xlws.FILTER(일별!BZ:BZ, (일별!$A:$A >= 월별!$A9) * (일별!$A:$A < 월별!$A10), 0))} -> 0 | BO9: {=SUM(_xlfn._xlws.FILTER(일별!CA:CA, (일별!$A:$A >= 월별!$A9) * (일별!$A:$A < 월별!$A10), 0))} -> 0 | BP9: {=SUM(_xlfn._xlws.FILTER(일별!CB:CB, (일별!$A:$A >= 월별!$A9) * (일별!$A:$A < 월별!$A10), 0))} -> 0 | BQ9: {=SUM(_xlfn._xlws.FILTER(일별!CC:CC, (일별!$A:$A >= 월별!$A9) * (일별!$A:$A < 월별!$A10), 0))} -> 0 | BR9: {=SUM(_xlfn._xlws.FILTER(일별!CD:CD, (일별!$A:$A >= 월별!$A9) * (일별!$A:$A < 월별!$A10), 0))} -> 0 | BS9: {=SUM(_xlfn._xlws.FILTER(일별!CE:CE, (일별!$A:$A >= 월별!$A9) * (일별!$A:$A < 월별!$A10), 0))} -> 0 | BT9: {=SUM(_xlfn._xlws.FILTER(일별!CF:CF, (일별!$A:$A >= 월별!$A9) * (일별!$A:$A < 월별!$A10), 0))} -> 0 | BU9: {=SUM(_xlfn._xlws.FILTER(일별!CG:CG, (일별!$A:$A >= 월별!$A9) * (일별!$A:$A < 월별!$A10), 0))} -> 0 | BV9: {=SUM(_xlfn._xlws.FILTER(일별!CH:CH, (일별!$A:$A >= 월별!$A9) * (일별!$A:$A < 월별!$A10), 0))} -> 0 | BW9: {=SUM(_xlfn._xlws.FILTER(일별!CI:CI, (일별!$A:$A >= 월별!$A9) * (일별!$A:$A < 월별!$A10), 0))} -> 0 | BX9: {=SUM(_xlfn._xlws.FILTER(일별!CJ:CJ, (일별!$A:$A >= 월별!$A9) * (일별!$A:$A < 월별!$A10), 0))} -> 0 | BY9: {=SUM(_xlfn._xlws.FILTER(일별!CK:CK, (일별!$A:$A >= 월별!$A9) * (일별!$A:$A < 월별!$A10), 0))} -> 0 | BZ9: {=SUM(_xlfn._xlws.FILTER(일별!CL:CL, (일별!$A:$A >= 월별!$A9) * (일별!$A:$A < 월별!$A10), 0))} -> 0 | CA9: {=SUM(_xlfn._xlws.FILTER(일별!CM:CM, (일별!$A:$A >= 월별!$A9) * (일별!$A:$A < 월별!$A10), 0))} -> 0 | CB9: {=SUM(_xlfn._xlws.FILTER(일별!CN:CN, (일별!$A:$A >= 월별!$A9) * (일별!$A:$A < 월별!$A10), 0))} -> 0 | CC9: {=SUM(_xlfn._xlws.FILTER(일별!CO:CO, (일별!$A:$A >= 월별!$A9) * (일별!$A:$A < 월별!$A10), 0))} -> 0 | CD9: {=SUM(_xlfn._xlws.FILTER(일별!CP:CP, (일별!$A:$A >= 월별!$A9) * (일별!$A:$A < 월별!$A10), 0))} -> 0 | CE9: {=SUM(_xlfn._xlws.FILTER(일별!CQ:CQ, (일별!$A:$A >= 월별!$A9) * (일별!$A:$A < 월별!$A10), 0))} -> 0 | CF9: {=SUM(_xlfn._xlws.FILTER(일별!CR:CR, (일별!$A:$A >= 월별!$A9) * (일별!$A:$A < 월별!$A10), 0))} -> 0 | CG9: {=SUM(_xlfn._xlws.FILTER(일별!CS:CS, (일별!$A:$A >= 월별!$A9) * (일별!$A:$A < 월별!$A10), 0))} -> 0 | CH9: {=SUM(_xlfn._xlws.FILTER(일별!CT:CT, (일별!$A:$A >= 월별!$A9) * (일별!$A:$A < 월별!$A10), 0))} -> 0 | CI9: {=SUM(_xlfn._xlws.FILTER(일별!CU:CU, (일별!$A:$A >= 월별!$A9) * (일별!$A:$A < 월별!$A10), 0))} -> 0 | CJ9: {=SUM(_xlfn._xlws.FILTER(일별!CV:CV, (일별!$A:$A >= 월별!$A9) * (일별!$A:$A < 월별!$A10), 0))} -> 0 | CK9: {=SUM(_xlfn._xlws.FILTER(일별!CW:CW, (일별!$A:$A >= 월별!$A9) * (일별!$A:$A < 월별!$A10), 0))} -> 0 | CL9: {=SUM(_xlfn._xlws.FILTER(일별!CX:CX, (일별!$A:$A >= 월별!$A9) * (일별!$A:$A < 월별!$A10), 0))} -> 0 | CM9: {=SUM(_xlfn._xlws.FILTER(일별!CY:CY, (일별!$A:$A >= 월별!$A9) * (일별!$A:$A < 월별!$A10), 0))} -> 0 | CN9: {=SUM(_xlfn._xlws.FILTER(일별!CZ:CZ, (일별!$A:$A >= 월별!$A9) * (일별!$A:$A < 월별!$A10), 0))} -> 0 | CO9: {=SUM(_xlfn._xlws.FILTER(일별!DA:DA, (일별!$A:$A >= 월별!$A9) * (일별!$A:$A < 월별!$A10), 0))} -> 0 | CP9: {=SUM(_xlfn._xlws.FILTER(일별!DB:DB, (일별!$A:$A >= 월별!$A9) * (일별!$A:$A < 월별!$A10), 0))} -> 0 | CQ9: {=SUM(_xlfn._xlws.FILTER(일별!DC:DC, (일별!$A:$A >= 월별!$A9) * (일별!$A:$A < 월별!$A10), 0))} -> 0 | CR9: {=SUM(_xlfn._xlws.FILTER(일별!DD:DD, (일별!$A:$A >= 월별!$A9) * (일별!$A:$A < 월별!$A10), 0))} -> 0 | CS9: {=SUM(_xlfn._xlws.FILTER(일별!DE:DE, (일별!$A:$A >= 월별!$A9) * (일별!$A:$A < 월별!$A10), 0))} -> 0 | CT9: {=SUM(_xlfn._xlws.FILTER(일별!DF:DF, (일별!$A:$A >= 월별!$A9) * (일별!$A:$A < 월별!$A10), 0))} -> 0 | CU9: {=SUM(_xlfn._xlws.FILTER(일별!DG:DG, (일별!$A:$A >= 월별!$A9) * (일별!$A:$A < 월별!$A10), 0))} -> 0 | CV9: {=SUM(_xlfn._xlws.FILTER(일별!DH:DH, (일별!$A:$A >= 월별!$A9) * (일별!$A:$A < 월별!$A10), 0))} -> 0 | CW9: {=SUM(_xlfn._xlws.FILTER(일별!DI:DI, (일별!$A:$A >= 월별!$A9) * (일별!$A:$A < 월별!$A10), 0))} -> 0 | CX9: {=SUM(_xlfn._xlws.FILTER(일별!DJ:DJ, (일별!$A:$A >= 월별!$A9) * (일별!$A:$A < 월별!$A10), 0))} -> 0 | CY9: {=SUM(_xlfn._xlws.FILTER(일별!DK:DK, (일별!$A:$A >= 월별!$A9) * (일별!$A:$A < 월별!$A10), 0))} -> 0 | CZ9: {=SUM(_xlfn._xlws.FILTER(일별!DL:DL, (일별!$A:$A >= 월별!$A9) * (일별!$A:$A < 월별!$A10), 0))} -> 0 | DA9: {=SUM(_xlfn._xlws.FILTER(일별!DM:DM, (일별!$A:$A >= 월별!$A9) * (일별!$A:$A < 월별!$A10), 0))} -> 0 | DB9: {=SUM(_xlfn._xlws.FILTER(일별!DN:DN, (일별!$A:$A >= 월별!$A9) * (일별!$A:$A < 월별!$A10), 0))} -> 0 | DC9: {=SUM(_xlfn._xlws.FILTER(일별!DO:DO, (일별!$A:$A >= 월별!$A9) * (일별!$A:$A < 월별!$A10), 0))} -> 0 | DD9: {=SUM(_xlfn._xlws.FILTER(일별!DP:DP, (일별!$A:$A >= 월별!$A9) * (일별!$A:$A < 월별!$A10), 0))} -> 0 | DE9: {=SUM(_xlfn._xlws.FILTER(일별!DQ:DQ, (일별!$A:$A >= 월별!$A9) * (일별!$A:$A < 월별!$A10), 0))} -> 0 | DF9: {=SUM(_xlfn._xlws.FILTER(일별!DR:DR, (일별!$A:$A >= 월별!$A9) * (일별!$A:$A < 월별!$A10), 0))} -> 0 | DG9: {=SUM(_xlfn._xlws.FILTER(일별!DS:DS, (일별!$A:$A >= 월별!$A9) * (일별!$A:$A < 월별!$A10), 0))} -> 0 | DH9: {=SUM(_xlfn._xlws.FILTER(일별!DT:DT, (일별!$A:$A >= 월별!$A9) * (일별!$A:$A < 월별!$A10), 0))} -> 0 | DI9: {=SUM(_xlfn._xlws.FILTER(일별!DU:DU, (일별!$A:$A >= 월별!$A9) * (일별!$A:$A < 월별!$A10), 0))} -> 0
A10: 46174 | B10: =SUMIFS(일별!$C:$C, 일별!$A:$A, ">="&월별!$A10, 일별!$A:$A, "<"&월별!$A11) -> 0 | C10: =B10/(월별!$A11 - 월별!$A10) -> 0 | D10: =SUMIFS(일별!E:E, 일별!$A:$A, ">="&월별!$A10, 일별!$A:$A, "<"&월별!$A11) -> 0 | E10: =D10/(월별!$A11 - 월별!$A10) -> 0 | F10: =SUMIFS(일별!G:G, 일별!$A:$A, ">="&월별!$A10, 일별!$A:$A, "<"&월별!$A11) -> 0 | G10: =F10/(월별!$A11 - 월별!$A10) -> 0 | H10: =D10+F10 -> 0 | I10: =E10+G10 -> 0 | J10: =SUMIFS(일별!I:I, 일별!$A:$A, ">="&월별!$A10, 일별!$A:$A, "<"&월별!$A11) -> 0 | K10: =J10/(월별!$A11 - 월별!$A10) -> 0 | L10: =SUMIFS(일별!K:K, 일별!$A:$A, ">="&월별!$A10, 일별!$A:$A, "<"&월별!$A11) -> 0 | M10: =L10/(월별!$A11 - 월별!$A10) -> 0 | N10: =SUMIFS(일별!M:M, 일별!$A:$A, ">="&월별!$A10, 일별!$A:$A, "<"&월별!$A11) -> 0 | O10: =N10/(월별!$A11 - 월별!$A10) -> 0 | P10: =SUMIFS(일별!O:O, 일별!$A:$A, ">="&월별!$A10, 일별!$A:$A, "<"&월별!$A11) -> 0 | Q10: =P10/(월별!$A11 - 월별!$A10) -> 0 | R10: =SUMIFS(일별!Q:Q, 일별!$A:$A, ">="&월별!$A10, 일별!$A:$A, "<"&월별!$A11) -> 0 | S10: =R10/(월별!$A11 - 월별!$A10) -> 0 | T10: =SUMIFS(일별!S:S, 일별!$A:$A, ">="&월별!$A10, 일별!$A:$A, "<"&월별!$A11) -> 0 | U10: =T10/(월별!$A11 - 월별!$A10) -> 0 | V10: =SUMIFS(일별!U:U, 일별!$A:$A, ">="&월별!$A10, 일별!$A:$A, "<"&월별!$A11) -> 0 | W10: =V10/(월별!$A11 - 월별!$A10) -> 0 | X10: =SUMIFS(일별!W:W, 일별!$A:$A, ">="&월별!$A10, 일별!$A:$A, "<"&월별!$A11) -> 0 | Y10: =X10/(월별!$A11 - 월별!$A10) -> 0 | Z10: =SUMIFS(일별!X:X, 일별!$A:$A, ">="&월별!$A10, 일별!$A:$A, "<"&월별!$A11) -> 0 | AA10: =SUMIFS(일별!Y:Y, 일별!$A:$A, ">="&월별!$A10, 일별!$A:$A, "<"&월별!$A11) -> 0 | AB10: =SUMIFS(일별!Z:Z, 일별!$A:$A, ">="&월별!$A10, 일별!$A:$A, "<"&월별!$A11) -> 0 | AC10: =SUMIFS(일별!AA:AA, 일별!$A:$A, ">="&월별!$A10, 일별!$A:$A, "<"&월별!$A11) -> 0 | AD10: =SUMIFS(일별!AB:AB, 일별!$A:$A, ">="&월별!$A10, 일별!$A:$A, "<"&월별!$A11) -> 0 | AE10: =SUMIFS(일별!AC:AC, 일별!$A:$A, ">="&월별!$A10, 일별!$A:$A, "<"&월별!$A11) -> 0 | AF10: =SUMIFS(일별!AD:AD, 일별!$A:$A, ">="&월별!$A10, 일별!$A:$A, "<"&월별!$A11) -> 0 | AG10: =SUMIFS(일별!AE:AE, 일별!$A:$A, ">="&월별!$A10, 일별!$A:$A, "<"&월별!$A11) -> 0 | AH10: =SUMIFS(일별!AF:AF, 일별!$A:$A, ">="&월별!$A10, 일별!$A:$A, "<"&월별!$A11) -> 0 | AI10: =SUMIFS(일별!AG:AG, 일별!$A:$A, ">="&월별!$A10, 일별!$A:$A, "<"&월별!$A11) -> 0 | AJ10: =SUMIFS(일별!AX:AX, 일별!$A:$A, ">="&월별!$A10, 일별!$A:$A, "<"&월별!$A11) -> 0 | AK10: =SUMIFS(일별!AY:AY, 일별!$A:$A, ">="&월별!$A10, 일별!$A:$A, "<"&월별!$A11) -> 0 | AL10: =SUMIFS(일별!AZ:AZ, 일별!$A:$A, ">="&월별!$A10, 일별!$A:$A, "<"&월별!$A11) -> 0 | AM10: =SUMIFS(일별!BA:BA, 일별!$A:$A, ">="&월별!$A10, 일별!$A:$A, "<"&월별!$A11) -> 0 | AN10: =SUMIFS(일별!BB:BB, 일별!$A:$A, ">="&월별!$A10, 일별!$A:$A, "<"&월별!$A11) -> 0 | AO10: =SUMIFS(일별!BC:BC, 일별!$A:$A, ">="&월별!$A10, 일별!$A:$A, "<"&월별!$A11) -> 0 | AP10: {=SUM(_xlfn._xlws.FILTER(일별!BH:CC, (일별!$A:$A >= 월별!$A10) * (일별!$A:$A < 월별!$A11), 0))} -> 0 | AQ10: =AP10/(월별!$A11 - 월별!$A10) -> 0 | AR10: {=SUM(_xlfn._xlws.FILTER(일별!CD:CY, (일별!$A:$A >= 월별!$A10) * (일별!$A:$A < 월별!$A11), 0))} -> 0 | AS10: =AR10/(월별!$A11 - 월별!$A10) -> 0 | AT10: {=SUM(_xlfn._xlws.FILTER(일별!CZ:DU, (일별!$A:$A >= 월별!$A10) * (일별!$A:$A < 월별!$A11), 0))} -> 0 | AU10: =AT10/(월별!$A11 - 월별!$A10) -> 0 | AV10: {=SUM(_xlfn._xlws.FILTER(일별!BH:BH, (일별!$A:$A >= 월별!$A10) * (일별!$A:$A < 월별!$A11), 0))} -> 0 | AW10: {=SUM(_xlfn._xlws.FILTER(일별!BI:BI, (일별!$A:$A >= 월별!$A10) * (일별!$A:$A < 월별!$A11), 0))} -> 0 | AX10: {=SUM(_xlfn._xlws.FILTER(일별!BJ:BJ, (일별!$A:$A >= 월별!$A10) * (일별!$A:$A < 월별!$A11), 0))} -> 0 | AY10: {=SUM(_xlfn._xlws.FILTER(일별!BK:BK, (일별!$A:$A >= 월별!$A10) * (일별!$A:$A < 월별!$A11), 0))} -> 0 | AZ10: {=SUM(_xlfn._xlws.FILTER(일별!BL:BL, (일별!$A:$A >= 월별!$A10) * (일별!$A:$A < 월별!$A11), 0))} -> 0 | BA10: {=SUM(_xlfn._xlws.FILTER(일별!BM:BM, (일별!$A:$A >= 월별!$A10) * (일별!$A:$A < 월별!$A11), 0))} -> 0 | BB10: {=SUM(_xlfn._xlws.FILTER(일별!BN:BN, (일별!$A:$A >= 월별!$A10) * (일별!$A:$A < 월별!$A11), 0))} -> 0 | BC10: {=SUM(_xlfn._xlws.FILTER(일별!BO:BO, (일별!$A:$A >= 월별!$A10) * (일별!$A:$A < 월별!$A11), 0))} -> 0 | BD10: {=SUM(_xlfn._xlws.FILTER(일별!BP:BP, (일별!$A:$A >= 월별!$A10) * (일별!$A:$A < 월별!$A11), 0))} -> 0 | BE10: {=SUM(_xlfn._xlws.FILTER(일별!BQ:BQ, (일별!$A:$A >= 월별!$A10) * (일별!$A:$A < 월별!$A11), 0))} -> 0 | BF10: {=SUM(_xlfn._xlws.FILTER(일별!BR:BR, (일별!$A:$A >= 월별!$A10) * (일별!$A:$A < 월별!$A11), 0))} -> 0 | BG10: {=SUM(_xlfn._xlws.FILTER(일별!BS:BS, (일별!$A:$A >= 월별!$A10) * (일별!$A:$A < 월별!$A11), 0))} -> 0 | BH10: {=SUM(_xlfn._xlws.FILTER(일별!BT:BT, (일별!$A:$A >= 월별!$A10) * (일별!$A:$A < 월별!$A11), 0))} -> 0 | BI10: {=SUM(_xlfn._xlws.FILTER(일별!BU:BU, (일별!$A:$A >= 월별!$A10) * (일별!$A:$A < 월별!$A11), 0))} -> 0 | BJ10: {=SUM(_xlfn._xlws.FILTER(일별!BV:BV, (일별!$A:$A >= 월별!$A10) * (일별!$A:$A < 월별!$A11), 0))} -> 0 | BK10: {=SUM(_xlfn._xlws.FILTER(일별!BW:BW, (일별!$A:$A >= 월별!$A10) * (일별!$A:$A < 월별!$A11), 0))} -> 0 | BL10: {=SUM(_xlfn._xlws.FILTER(일별!BX:BX, (일별!$A:$A >= 월별!$A10) * (일별!$A:$A < 월별!$A11), 0))} -> 0 | BM10: {=SUM(_xlfn._xlws.FILTER(일별!BY:BY, (일별!$A:$A >= 월별!$A10) * (일별!$A:$A < 월별!$A11), 0))} -> 0 | BN10: {=SUM(_xlfn._xlws.FILTER(일별!BZ:BZ, (일별!$A:$A >= 월별!$A10) * (일별!$A:$A < 월별!$A11), 0))} -> 0 | BO10: {=SUM(_xlfn._xlws.FILTER(일별!CA:CA, (일별!$A:$A >= 월별!$A10) * (일별!$A:$A < 월별!$A11), 0))} -> 0 | BP10: {=SUM(_xlfn._xlws.FILTER(일별!CB:CB, (일별!$A:$A >= 월별!$A10) * (일별!$A:$A < 월별!$A11), 0))} -> 0 | BQ10: {=SUM(_xlfn._xlws.FILTER(일별!CC:CC, (일별!$A:$A >= 월별!$A10) * (일별!$A:$A < 월별!$A11), 0))} -> 0 | BR10: {=SUM(_xlfn._xlws.FILTER(일별!CD:CD, (일별!$A:$A >= 월별!$A10) * (일별!$A:$A < 월별!$A11), 0))} -> 0 | BS10: {=SUM(_xlfn._xlws.FILTER(일별!CE:CE, (일별!$A:$A >= 월별!$A10) * (일별!$A:$A < 월별!$A11), 0))} -> 0 | BT10: {=SUM(_xlfn._xlws.FILTER(일별!CF:CF, (일별!$A:$A >= 월별!$A10) * (일별!$A:$A < 월별!$A11), 0))} -> 0 | BU10: {=SUM(_xlfn._xlws.FILTER(일별!CG:CG, (일별!$A:$A >= 월별!$A10) * (일별!$A:$A < 월별!$A11), 0))} -> 0 | BV10: {=SUM(_xlfn._xlws.FILTER(일별!CH:CH, (일별!$A:$A >= 월별!$A10) * (일별!$A:$A < 월별!$A11), 0))} -> 0 | BW10: {=SUM(_xlfn._xlws.FILTER(일별!CI:CI, (일별!$A:$A >= 월별!$A10) * (일별!$A:$A < 월별!$A11), 0))} -> 0 | BX10: {=SUM(_xlfn._xlws.FILTER(일별!CJ:CJ, (일별!$A:$A >= 월별!$A10) * (일별!$A:$A < 월별!$A11), 0))} -> 0 | BY10: {=SUM(_xlfn._xlws.FILTER(일별!CK:CK, (일별!$A:$A >= 월별!$A10) * (일별!$A:$A < 월별!$A11), 0))} -> 0 | BZ10: {=SUM(_xlfn._xlws.FILTER(일별!CL:CL, (일별!$A:$A >= 월별!$A10) * (일별!$A:$A < 월별!$A11), 0))} -> 0 | CA10: {=SUM(_xlfn._xlws.FILTER(일별!CM:CM, (일별!$A:$A >= 월별!$A10) * (일별!$A:$A < 월별!$A11), 0))} -> 0 | CB10: {=SUM(_xlfn._xlws.FILTER(일별!CN:CN, (일별!$A:$A >= 월별!$A10) * (일별!$A:$A < 월별!$A11), 0))} -> 0 | CC10: {=SUM(_xlfn._xlws.FILTER(일별!CO:CO, (일별!$A:$A >= 월별!$A10) * (일별!$A:$A < 월별!$A11), 0))} -> 0 | CD10: {=SUM(_xlfn._xlws.FILTER(일별!CP:CP, (일별!$A:$A >= 월별!$A10) * (일별!$A:$A < 월별!$A11), 0))} -> 0 | CE10: {=SUM(_xlfn._xlws.FILTER(일별!CQ:CQ, (일별!$A:$A >= 월별!$A10) * (일별!$A:$A < 월별!$A11), 0))} -> 0 | CF10: {=SUM(_xlfn._xlws.FILTER(일별!CR:CR, (일별!$A:$A >= 월별!$A10) * (일별!$A:$A < 월별!$A11), 0))} -> 0 | CG10: {=SUM(_xlfn._xlws.FILTER(일별!CS:CS, (일별!$A:$A >= 월별!$A10) * (일별!$A:$A < 월별!$A11), 0))} -> 0 | CH10: {=SUM(_xlfn._xlws.FILTER(일별!CT:CT, (일별!$A:$A >= 월별!$A10) * (일별!$A:$A < 월별!$A11), 0))} -> 0 | CI10: {=SUM(_xlfn._xlws.FILTER(일별!CU:CU, (일별!$A:$A >= 월별!$A10) * (일별!$A:$A < 월별!$A11), 0))} -> 0 | CJ10: {=SUM(_xlfn._xlws.FILTER(일별!CV:CV, (일별!$A:$A >= 월별!$A10) * (일별!$A:$A < 월별!$A11), 0))} -> 0 | CK10: {=SUM(_xlfn._xlws.FILTER(일별!CW:CW, (일별!$A:$A >= 월별!$A10) * (일별!$A:$A < 월별!$A11), 0))} -> 0 | CL10: {=SUM(_xlfn._xlws.FILTER(일별!CX:CX, (일별!$A:$A >= 월별!$A10) * (일별!$A:$A < 월별!$A11), 0))} -> 0 | CM10: {=SUM(_xlfn._xlws.FILTER(일별!CY:CY, (일별!$A:$A >= 월별!$A10) * (일별!$A:$A < 월별!$A11), 0))} -> 0 | CN10: {=SUM(_xlfn._xlws.FILTER(일별!CZ:CZ, (일별!$A:$A >= 월별!$A10) * (일별!$A:$A < 월별!$A11), 0))} -> 0 | CO10: {=SUM(_xlfn._xlws.FILTER(일별!DA:DA, (일별!$A:$A >= 월별!$A10) * (일별!$A:$A < 월별!$A11), 0))} -> 0 | CP10: {=SUM(_xlfn._xlws.FILTER(일별!DB:DB, (일별!$A:$A >= 월별!$A10) * (일별!$A:$A < 월별!$A11), 0))} -> 0 | CQ10: {=SUM(_xlfn._xlws.FILTER(일별!DC:DC, (일별!$A:$A >= 월별!$A10) * (일별!$A:$A < 월별!$A11), 0))} -> 0 | CR10: {=SUM(_xlfn._xlws.FILTER(일별!DD:DD, (일별!$A:$A >= 월별!$A10) * (일별!$A:$A < 월별!$A11), 0))} -> 0 | CS10: {=SUM(_xlfn._xlws.FILTER(일별!DE:DE, (일별!$A:$A >= 월별!$A10) * (일별!$A:$A < 월별!$A11), 0))} -> 0 | CT10: {=SUM(_xlfn._xlws.FILTER(일별!DF:DF, (일별!$A:$A >= 월별!$A10) * (일별!$A:$A < 월별!$A11), 0))} -> 0 | CU10: {=SUM(_xlfn._xlws.FILTER(일별!DG:DG, (일별!$A:$A >= 월별!$A10) * (일별!$A:$A < 월별!$A11), 0))} -> 0 | CV10: {=SUM(_xlfn._xlws.FILTER(일별!DH:DH, (일별!$A:$A >= 월별!$A10) * (일별!$A:$A < 월별!$A11), 0))} -> 0 | CW10: {=SUM(_xlfn._xlws.FILTER(일별!DI:DI, (일별!$A:$A >= 월별!$A10) * (일별!$A:$A < 월별!$A11), 0))} -> 0 | CX10: {=SUM(_xlfn._xlws.FILTER(일별!DJ:DJ, (일별!$A:$A >= 월별!$A10) * (일별!$A:$A < 월별!$A11), 0))} -> 0 | CY10: {=SUM(_xlfn._xlws.FILTER(일별!DK:DK, (일별!$A:$A >= 월별!$A10) * (일별!$A:$A < 월별!$A11), 0))} -> 0 | CZ10: {=SUM(_xlfn._xlws.FILTER(일별!DL:DL, (일별!$A:$A >= 월별!$A10) * (일별!$A:$A < 월별!$A11), 0))} -> 0 | DA10: {=SUM(_xlfn._xlws.FILTER(일별!DM:DM, (일별!$A:$A >= 월별!$A10) * (일별!$A:$A < 월별!$A11), 0))} -> 0 | DB10: {=SUM(_xlfn._xlws.FILTER(일별!DN:DN, (일별!$A:$A >= 월별!$A10) * (일별!$A:$A < 월별!$A11), 0))} -> 0 | DC10: {=SUM(_xlfn._xlws.FILTER(일별!DO:DO, (일별!$A:$A >= 월별!$A10) * (일별!$A:$A < 월별!$A11), 0))} -> 0 | DD10: {=SUM(_xlfn._xlws.FILTER(일별!DP:DP, (일별!$A:$A >= 월별!$A10) * (일별!$A:$A < 월별!$A11), 0))} -> 0 | DE10: {=SUM(_xlfn._xlws.FILTER(일별!DQ:DQ, (일별!$A:$A >= 월별!$A10) * (일별!$A:$A < 월별!$A11), 0))} -> 0 | DF10: {=SUM(_xlfn._xlws.FILTER(일별!DR:DR, (일별!$A:$A >= 월별!$A10) * (일별!$A:$A < 월별!$A11), 0))} -> 0 | DG10: {=SUM(_xlfn._xlws.FILTER(일별!DS:DS, (일별!$A:$A >= 월별!$A10) * (일별!$A:$A < 월별!$A11), 0))} -> 0 | DH10: {=SUM(_xlfn._xlws.FILTER(일별!DT:DT, (일별!$A:$A >= 월별!$A10) * (일별!$A:$A < 월별!$A11), 0))} -> 0 | DI10: {=SUM(_xlfn._xlws.FILTER(일별!DU:DU, (일별!$A:$A >= 월별!$A10) * (일별!$A:$A < 월별!$A11), 0))} -> 0
A11: 46204 | B11: =SUMIFS(일별!$C:$C, 일별!$A:$A, ">="&월별!$A11, 일별!$A:$A, "<"&월별!$A12) -> 0 | C11: =B11/(월별!$A12 - 월별!$A11) -> 0 | D11: =SUMIFS(일별!E:E, 일별!$A:$A, ">="&월별!$A11, 일별!$A:$A, "<"&월별!$A12) -> 0 | E11: =D11/(월별!$A12 - 월별!$A11) -> 0 | F11: =SUMIFS(일별!G:G, 일별!$A:$A, ">="&월별!$A11, 일별!$A:$A, "<"&월별!$A12) -> 0 | G11: =F11/(월별!$A12 - 월별!$A11) -> 0 | H11: =D11+F11 -> 0 | I11: =E11+G11 -> 0 | J11: =SUMIFS(일별!I:I, 일별!$A:$A, ">="&월별!$A11, 일별!$A:$A, "<"&월별!$A12) -> 0 | K11: =J11/(월별!$A12 - 월별!$A11) -> 0 | L11: =SUMIFS(일별!K:K, 일별!$A:$A, ">="&월별!$A11, 일별!$A:$A, "<"&월별!$A12) -> 0 | M11: =L11/(월별!$A12 - 월별!$A11) -> 0 | N11: =SUMIFS(일별!M:M, 일별!$A:$A, ">="&월별!$A11, 일별!$A:$A, "<"&월별!$A12) -> 0 | O11: =N11/(월별!$A12 - 월별!$A11) -> 0 | P11: =SUMIFS(일별!O:O, 일별!$A:$A, ">="&월별!$A11, 일별!$A:$A, "<"&월별!$A12) -> 0 | Q11: =P11/(월별!$A12 - 월별!$A11) -> 0 | R11: =SUMIFS(일별!Q:Q, 일별!$A:$A, ">="&월별!$A11, 일별!$A:$A, "<"&월별!$A12) -> 0 | S11: =R11/(월별!$A12 - 월별!$A11) -> 0 | T11: =SUMIFS(일별!S:S, 일별!$A:$A, ">="&월별!$A11, 일별!$A:$A, "<"&월별!$A12) -> 0 | U11: =T11/(월별!$A12 - 월별!$A11) -> 0 | V11: =SUMIFS(일별!U:U, 일별!$A:$A, ">="&월별!$A11, 일별!$A:$A, "<"&월별!$A12) -> 0 | W11: =V11/(월별!$A12 - 월별!$A11) -> 0 | X11: =SUMIFS(일별!W:W, 일별!$A:$A, ">="&월별!$A11, 일별!$A:$A, "<"&월별!$A12) -> 0 | Y11: =X11/(월별!$A12 - 월별!$A11) -> 0 | Z11: =SUMIFS(일별!X:X, 일별!$A:$A, ">="&월별!$A11, 일별!$A:$A, "<"&월별!$A12) -> 0 | AA11: =SUMIFS(일별!Y:Y, 일별!$A:$A, ">="&월별!$A11, 일별!$A:$A, "<"&월별!$A12) -> 0 | AB11: =SUMIFS(일별!Z:Z, 일별!$A:$A, ">="&월별!$A11, 일별!$A:$A, "<"&월별!$A12) -> 0 | AC11: =SUMIFS(일별!AA:AA, 일별!$A:$A, ">="&월별!$A11, 일별!$A:$A, "<"&월별!$A12) -> 0 | AD11: =SUMIFS(일별!AB:AB, 일별!$A:$A, ">="&월별!$A11, 일별!$A:$A, "<"&월별!$A12) -> 0 | AE11: =SUMIFS(일별!AC:AC, 일별!$A:$A, ">="&월별!$A11, 일별!$A:$A, "<"&월별!$A12) -> 0 | AF11: =SUMIFS(일별!AD:AD, 일별!$A:$A, ">="&월별!$A11, 일별!$A:$A, "<"&월별!$A12) -> 0 | AG11: =SUMIFS(일별!AE:AE, 일별!$A:$A, ">="&월별!$A11, 일별!$A:$A, "<"&월별!$A12) -> 0 | AH11: =SUMIFS(일별!AF:AF, 일별!$A:$A, ">="&월별!$A11, 일별!$A:$A, "<"&월별!$A12) -> 0 | AI11: =SUMIFS(일별!AG:AG, 일별!$A:$A, ">="&월별!$A11, 일별!$A:$A, "<"&월별!$A12) -> 0 | AJ11: =SUMIFS(일별!AX:AX, 일별!$A:$A, ">="&월별!$A11, 일별!$A:$A, "<"&월별!$A12) -> 0 | AK11: =SUMIFS(일별!AY:AY, 일별!$A:$A, ">="&월별!$A11, 일별!$A:$A, "<"&월별!$A12) -> 0 | AL11: =SUMIFS(일별!AZ:AZ, 일별!$A:$A, ">="&월별!$A11, 일별!$A:$A, "<"&월별!$A12) -> 0 | AM11: =SUMIFS(일별!BA:BA, 일별!$A:$A, ">="&월별!$A11, 일별!$A:$A, "<"&월별!$A12) -> 0 | AN11: =SUMIFS(일별!BB:BB, 일별!$A:$A, ">="&월별!$A11, 일별!$A:$A, "<"&월별!$A12) -> 0 | AO11: =SUMIFS(일별!BC:BC, 일별!$A:$A, ">="&월별!$A11, 일별!$A:$A, "<"&월별!$A12) -> 0 | AP11: {=SUM(_xlfn._xlws.FILTER(일별!BH:CC, (일별!$A:$A >= 월별!$A11) * (일별!$A:$A < 월별!$A12), 0))} -> 0 | AQ11: =AP11/(월별!$A12 - 월별!$A11) -> 0 | AR11: {=SUM(_xlfn._xlws.FILTER(일별!CD:CY, (일별!$A:$A >= 월별!$A11) * (일별!$A:$A < 월별!$A12), 0))} -> 0 | AS11: =AR11/(월별!$A12 - 월별!$A11) -> 0 | AT11: {=SUM(_xlfn._xlws.FILTER(일별!CZ:DU, (일별!$A:$A >= 월별!$A11) * (일별!$A:$A < 월별!$A12), 0))} -> 0 | AU11: =AT11/(월별!$A12 - 월별!$A11) -> 0 | AV11: {=SUM(_xlfn._xlws.FILTER(일별!BH:BH, (일별!$A:$A >= 월별!$A11) * (일별!$A:$A < 월별!$A12), 0))} -> 0 | AW11: {=SUM(_xlfn._xlws.FILTER(일별!BI:BI, (일별!$A:$A >= 월별!$A11) * (일별!$A:$A < 월별!$A12), 0))} -> 0 | AX11: {=SUM(_xlfn._xlws.FILTER(일별!BJ:BJ, (일별!$A:$A >= 월별!$A11) * (일별!$A:$A < 월별!$A12), 0))} -> 0 | AY11: {=SUM(_xlfn._xlws.FILTER(일별!BK:BK, (일별!$A:$A >= 월별!$A11) * (일별!$A:$A < 월별!$A12), 0))} -> 0 | AZ11: {=SUM(_xlfn._xlws.FILTER(일별!BL:BL, (일별!$A:$A >= 월별!$A11) * (일별!$A:$A < 월별!$A12), 0))} -> 0 | BA11: {=SUM(_xlfn._xlws.FILTER(일별!BM:BM, (일별!$A:$A >= 월별!$A11) * (일별!$A:$A < 월별!$A12), 0))} -> 0 | BB11: {=SUM(_xlfn._xlws.FILTER(일별!BN:BN, (일별!$A:$A >= 월별!$A11) * (일별!$A:$A < 월별!$A12), 0))} -> 0 | BC11: {=SUM(_xlfn._xlws.FILTER(일별!BO:BO, (일별!$A:$A >= 월별!$A11) * (일별!$A:$A < 월별!$A12), 0))} -> 0 | BD11: {=SUM(_xlfn._xlws.FILTER(일별!BP:BP, (일별!$A:$A >= 월별!$A11) * (일별!$A:$A < 월별!$A12), 0))} -> 0 | BE11: {=SUM(_xlfn._xlws.FILTER(일별!BQ:BQ, (일별!$A:$A >= 월별!$A11) * (일별!$A:$A < 월별!$A12), 0))} -> 0 | BF11: {=SUM(_xlfn._xlws.FILTER(일별!BR:BR, (일별!$A:$A >= 월별!$A11) * (일별!$A:$A < 월별!$A12), 0))} -> 0 | BG11: {=SUM(_xlfn._xlws.FILTER(일별!BS:BS, (일별!$A:$A >= 월별!$A11) * (일별!$A:$A < 월별!$A12), 0))} -> 0 | BH11: {=SUM(_xlfn._xlws.FILTER(일별!BT:BT, (일별!$A:$A >= 월별!$A11) * (일별!$A:$A < 월별!$A12), 0))} -> 0 | BI11: {=SUM(_xlfn._xlws.FILTER(일별!BU:BU, (일별!$A:$A >= 월별!$A11) * (일별!$A:$A < 월별!$A12), 0))} -> 0 | BJ11: {=SUM(_xlfn._xlws.FILTER(일별!BV:BV, (일별!$A:$A >= 월별!$A11) * (일별!$A:$A < 월별!$A12), 0))} -> 0 | BK11: {=SUM(_xlfn._xlws.FILTER(일별!BW:BW, (일별!$A:$A >= 월별!$A11) * (일별!$A:$A < 월별!$A12), 0))} -> 0 | BL11: {=SUM(_xlfn._xlws.FILTER(일별!BX:BX, (일별!$A:$A >= 월별!$A11) * (일별!$A:$A < 월별!$A12), 0))} -> 0 | BM11: {=SUM(_xlfn._xlws.FILTER(일별!BY:BY, (일별!$A:$A >= 월별!$A11) * (일별!$A:$A < 월별!$A12), 0))} -> 0 | BN11: {=SUM(_xlfn._xlws.FILTER(일별!BZ:BZ, (일별!$A:$A >= 월별!$A11) * (일별!$A:$A < 월별!$A12), 0))} -> 0 | BO11: {=SUM(_xlfn._xlws.FILTER(일별!CA:CA, (일별!$A:$A >= 월별!$A11) * (일별!$A:$A < 월별!$A12), 0))} -> 0 | BP11: {=SUM(_xlfn._xlws.FILTER(일별!CB:CB, (일별!$A:$A >= 월별!$A11) * (일별!$A:$A < 월별!$A12), 0))} -> 0 | BQ11: {=SUM(_xlfn._xlws.FILTER(일별!CC:CC, (일별!$A:$A >= 월별!$A11) * (일별!$A:$A < 월별!$A12), 0))} -> 0 | BR11: {=SUM(_xlfn._xlws.FILTER(일별!CD:CD, (일별!$A:$A >= 월별!$A11) * (일별!$A:$A < 월별!$A12), 0))} -> 0 | BS11: {=SUM(_xlfn._xlws.FILTER(일별!CE:CE, (일별!$A:$A >= 월별!$A11) * (일별!$A:$A < 월별!$A12), 0))} -> 0 | BT11: {=SUM(_xlfn._xlws.FILTER(일별!CF:CF, (일별!$A:$A >= 월별!$A11) * (일별!$A:$A < 월별!$A12), 0))} -> 0 | BU11: {=SUM(_xlfn._xlws.FILTER(일별!CG:CG, (일별!$A:$A >= 월별!$A11) * (일별!$A:$A < 월별!$A12), 0))} -> 0 | BV11: {=SUM(_xlfn._xlws.FILTER(일별!CH:CH, (일별!$A:$A >= 월별!$A11) * (일별!$A:$A < 월별!$A12), 0))} -> 0 | BW11: {=SUM(_xlfn._xlws.FILTER(일별!CI:CI, (일별!$A:$A >= 월별!$A11) * (일별!$A:$A < 월별!$A12), 0))} -> 0 | BX11: {=SUM(_xlfn._xlws.FILTER(일별!CJ:CJ, (일별!$A:$A >= 월별!$A11) * (일별!$A:$A < 월별!$A12), 0))} -> 0 | BY11: {=SUM(_xlfn._xlws.FILTER(일별!CK:CK, (일별!$A:$A >= 월별!$A11) * (일별!$A:$A < 월별!$A12), 0))} -> 0 | BZ11: {=SUM(_xlfn._xlws.FILTER(일별!CL:CL, (일별!$A:$A >= 월별!$A11) * (일별!$A:$A < 월별!$A12), 0))} -> 0 | CA11: {=SUM(_xlfn._xlws.FILTER(일별!CM:CM, (일별!$A:$A >= 월별!$A11) * (일별!$A:$A < 월별!$A12), 0))} -> 0 | CB11: {=SUM(_xlfn._xlws.FILTER(일별!CN:CN, (일별!$A:$A >= 월별!$A11) * (일별!$A:$A < 월별!$A12), 0))} -> 0 | CC11: {=SUM(_xlfn._xlws.FILTER(일별!CO:CO, (일별!$A:$A >= 월별!$A11) * (일별!$A:$A < 월별!$A12), 0))} -> 0 | CD11: {=SUM(_xlfn._xlws.FILTER(일별!CP:CP, (일별!$A:$A >= 월별!$A11) * (일별!$A:$A < 월별!$A12), 0))} -> 0 | CE11: {=SUM(_xlfn._xlws.FILTER(일별!CQ:CQ, (일별!$A:$A >= 월별!$A11) * (일별!$A:$A < 월별!$A12), 0))} -> 0 | CF11: {=SUM(_xlfn._xlws.FILTER(일별!CR:CR, (일별!$A:$A >= 월별!$A11) * (일별!$A:$A < 월별!$A12), 0))} -> 0 | CG11: {=SUM(_xlfn._xlws.FILTER(일별!CS:CS, (일별!$A:$A >= 월별!$A11) * (일별!$A:$A < 월별!$A12), 0))} -> 0 | CH11: {=SUM(_xlfn._xlws.FILTER(일별!CT:CT, (일별!$A:$A >= 월별!$A11) * (일별!$A:$A < 월별!$A12), 0))} -> 0 | CI11: {=SUM(_xlfn._xlws.FILTER(일별!CU:CU, (일별!$A:$A >= 월별!$A11) * (일별!$A:$A < 월별!$A12), 0))} -> 0 | CJ11: {=SUM(_xlfn._xlws.FILTER(일별!CV:CV, (일별!$A:$A >= 월별!$A11) * (일별!$A:$A < 월별!$A12), 0))} -> 0 | CK11: {=SUM(_xlfn._xlws.FILTER(일별!CW:CW, (일별!$A:$A >= 월별!$A11) * (일별!$A:$A < 월별!$A12), 0))} -> 0 | CL11: {=SUM(_xlfn._xlws.FILTER(일별!CX:CX, (일별!$A:$A >= 월별!$A11) * (일별!$A:$A < 월별!$A12), 0))} -> 0 | CM11: {=SUM(_xlfn._xlws.FILTER(일별!CY:CY, (일별!$A:$A >= 월별!$A11) * (일별!$A:$A < 월별!$A12), 0))} -> 0 | CN11: {=SUM(_xlfn._xlws.FILTER(일별!CZ:CZ, (일별!$A:$A >= 월별!$A11) * (일별!$A:$A < 월별!$A12), 0))} -> 0 | CO11: {=SUM(_xlfn._xlws.FILTER(일별!DA:DA, (일별!$A:$A >= 월별!$A11) * (일별!$A:$A < 월별!$A12), 0))} -> 0 | CP11: {=SUM(_xlfn._xlws.FILTER(일별!DB:DB, (일별!$A:$A >= 월별!$A11) * (일별!$A:$A < 월별!$A12), 0))} -> 0 | CQ11: {=SUM(_xlfn._xlws.FILTER(일별!DC:DC, (일별!$A:$A >= 월별!$A11) * (일별!$A:$A < 월별!$A12), 0))} -> 0 | CR11: {=SUM(_xlfn._xlws.FILTER(일별!DD:DD, (일별!$A:$A >= 월별!$A11) * (일별!$A:$A < 월별!$A12), 0))} -> 0 | CS11: {=SUM(_xlfn._xlws.FILTER(일별!DE:DE, (일별!$A:$A >= 월별!$A11) * (일별!$A:$A < 월별!$A12), 0))} -> 0 | CT11: {=SUM(_xlfn._xlws.FILTER(일별!DF:DF, (일별!$A:$A >= 월별!$A11) * (일별!$A:$A < 월별!$A12), 0))} -> 0 | CU11: {=SUM(_xlfn._xlws.FILTER(일별!DG:DG, (일별!$A:$A >= 월별!$A11) * (일별!$A:$A < 월별!$A12), 0))} -> 0 | CV11: {=SUM(_xlfn._xlws.FILTER(일별!DH:DH, (일별!$A:$A >= 월별!$A11) * (일별!$A:$A < 월별!$A12), 0))} -> 0 | CW11: {=SUM(_xlfn._xlws.FILTER(일별!DI:DI, (일별!$A:$A >= 월별!$A11) * (일별!$A:$A < 월별!$A12), 0))} -> 0 | CX11: {=SUM(_xlfn._xlws.FILTER(일별!DJ:DJ, (일별!$A:$A >= 월별!$A11) * (일별!$A:$A < 월별!$A12), 0))} -> 0 | CY11: {=SUM(_xlfn._xlws.FILTER(일별!DK:DK, (일별!$A:$A >= 월별!$A11) * (일별!$A:$A < 월별!$A12), 0))} -> 0 | CZ11: {=SUM(_xlfn._xlws.FILTER(일별!DL:DL, (일별!$A:$A >= 월별!$A11) * (일별!$A:$A < 월별!$A12), 0))} -> 0 | DA11: {=SUM(_xlfn._xlws.FILTER(일별!DM:DM, (일별!$A:$A >= 월별!$A11) * (일별!$A:$A < 월별!$A12), 0))} -> 0 | DB11: {=SUM(_xlfn._xlws.FILTER(일별!DN:DN, (일별!$A:$A >= 월별!$A11) * (일별!$A:$A < 월별!$A12), 0))} -> 0 | DC11: {=SUM(_xlfn._xlws.FILTER(일별!DO:DO, (일별!$A:$A >= 월별!$A11) * (일별!$A:$A < 월별!$A12), 0))} -> 0 | DD11: {=SUM(_xlfn._xlws.FILTER(일별!DP:DP, (일별!$A:$A >= 월별!$A11) * (일별!$A:$A < 월별!$A12), 0))} -> 0 | DE11: {=SUM(_xlfn._xlws.FILTER(일별!DQ:DQ, (일별!$A:$A >= 월별!$A11) * (일별!$A:$A < 월별!$A12), 0))} -> 0 | DF11: {=SUM(_xlfn._xlws.FILTER(일별!DR:DR, (일별!$A:$A >= 월별!$A11) * (일별!$A:$A < 월별!$A12), 0))} -> 0 | DG11: {=SUM(_xlfn._xlws.FILTER(일별!DS:DS, (일별!$A:$A >= 월별!$A11) * (일별!$A:$A < 월별!$A12), 0))} -> 0 | DH11: {=SUM(_xlfn._xlws.FILTER(일별!DT:DT, (일별!$A:$A >= 월별!$A11) * (일별!$A:$A < 월별!$A12), 0))} -> 0 | DI11: {=SUM(_xlfn._xlws.FILTER(일별!DU:DU, (일별!$A:$A >= 월별!$A11) * (일별!$A:$A < 월별!$A12), 0))} -> 0
A12: 46235 | B12: =SUMIFS(일별!$C:$C, 일별!$A:$A, ">="&월별!$A12, 일별!$A:$A, "<"&월별!$A13) -> 0 | C12: =B12/(월별!$A13 - 월별!$A12) -> 0 | D12: =SUMIFS(일별!E:E, 일별!$A:$A, ">="&월별!$A12, 일별!$A:$A, "<"&월별!$A13) -> 0 | E12: =D12/(월별!$A13 - 월별!$A12) -> 0 | F12: =SUMIFS(일별!G:G, 일별!$A:$A, ">="&월별!$A12, 일별!$A:$A, "<"&월별!$A13) -> 0 | G12: =F12/(월별!$A13 - 월별!$A12) -> 0 | H12: =D12+F12 -> 0 | I12: =E12+G12 -> 0 | J12: =SUMIFS(일별!I:I, 일별!$A:$A, ">="&월별!$A12, 일별!$A:$A, "<"&월별!$A13) -> 0 | K12: =J12/(월별!$A13 - 월별!$A12) -> 0 | L12: =SUMIFS(일별!K:K, 일별!$A:$A, ">="&월별!$A12, 일별!$A:$A, "<"&월별!$A13) -> 0 | M12: =L12/(월별!$A13 - 월별!$A12) -> 0 | N12: =SUMIFS(일별!M:M, 일별!$A:$A, ">="&월별!$A12, 일별!$A:$A, "<"&월별!$A13) -> 0 | O12: =N12/(월별!$A13 - 월별!$A12) -> 0 | P12: =SUMIFS(일별!O:O, 일별!$A:$A, ">="&월별!$A12, 일별!$A:$A, "<"&월별!$A13) -> 0 | Q12: =P12/(월별!$A13 - 월별!$A12) -> 0 | R12: =SUMIFS(일별!Q:Q, 일별!$A:$A, ">="&월별!$A12, 일별!$A:$A, "<"&월별!$A13) -> 0 | S12: =R12/(월별!$A13 - 월별!$A12) -> 0 | T12: =SUMIFS(일별!S:S, 일별!$A:$A, ">="&월별!$A12, 일별!$A:$A, "<"&월별!$A13) -> 0 | U12: =T12/(월별!$A13 - 월별!$A12) -> 0 | V12: =SUMIFS(일별!U:U, 일별!$A:$A, ">="&월별!$A12, 일별!$A:$A, "<"&월별!$A13) -> 0 | W12: =V12/(월별!$A13 - 월별!$A12) -> 0 | X12: =SUMIFS(일별!W:W, 일별!$A:$A, ">="&월별!$A12, 일별!$A:$A, "<"&월별!$A13) -> 0 | Y12: =X12/(월별!$A13 - 월별!$A12) -> 0 | Z12: =SUMIFS(일별!X:X, 일별!$A:$A, ">="&월별!$A12, 일별!$A:$A, "<"&월별!$A13) -> 0 | AA12: =SUMIFS(일별!Y:Y, 일별!$A:$A, ">="&월별!$A12, 일별!$A:$A, "<"&월별!$A13) -> 0 | AB12: =SUMIFS(일별!Z:Z, 일별!$A:$A, ">="&월별!$A12, 일별!$A:$A, "<"&월별!$A13) -> 0 | AC12: =SUMIFS(일별!AA:AA, 일별!$A:$A, ">="&월별!$A12, 일별!$A:$A, "<"&월별!$A13) -> 0 | AD12: =SUMIFS(일별!AB:AB, 일별!$A:$A, ">="&월별!$A12, 일별!$A:$A, "<"&월별!$A13) -> 0 | AE12: =SUMIFS(일별!AC:AC, 일별!$A:$A, ">="&월별!$A12, 일별!$A:$A, "<"&월별!$A13) -> 0 | AF12: =SUMIFS(일별!AD:AD, 일별!$A:$A, ">="&월별!$A12, 일별!$A:$A, "<"&월별!$A13) -> 0 | AG12: =SUMIFS(일별!AE:AE, 일별!$A:$A, ">="&월별!$A12, 일별!$A:$A, "<"&월별!$A13) -> 0 | AH12: =SUMIFS(일별!AF:AF, 일별!$A:$A, ">="&월별!$A12, 일별!$A:$A, "<"&월별!$A13) -> 0 | AI12: =SUMIFS(일별!AG:AG, 일별!$A:$A, ">="&월별!$A12, 일별!$A:$A, "<"&월별!$A13) -> 0 | AJ12: =SUMIFS(일별!AX:AX, 일별!$A:$A, ">="&월별!$A12, 일별!$A:$A, "<"&월별!$A13) -> 0 | AK12: =SUMIFS(일별!AY:AY, 일별!$A:$A, ">="&월별!$A12, 일별!$A:$A, "<"&월별!$A13) -> 0 | AL12: =SUMIFS(일별!AZ:AZ, 일별!$A:$A, ">="&월별!$A12, 일별!$A:$A, "<"&월별!$A13) -> 0 | AM12: =SUMIFS(일별!BA:BA, 일별!$A:$A, ">="&월별!$A12, 일별!$A:$A, "<"&월별!$A13) -> 0 | AN12: =SUMIFS(일별!BB:BB, 일별!$A:$A, ">="&월별!$A12, 일별!$A:$A, "<"&월별!$A13) -> 0 | AO12: =SUMIFS(일별!BC:BC, 일별!$A:$A, ">="&월별!$A12, 일별!$A:$A, "<"&월별!$A13) -> 0 | AP12: {=SUM(_xlfn._xlws.FILTER(일별!BH:CC, (일별!$A:$A >= 월별!$A12) * (일별!$A:$A < 월별!$A13), 0))} -> 0 | AQ12: =AP12/(월별!$A13 - 월별!$A12) -> 0 | AR12: {=SUM(_xlfn._xlws.FILTER(일별!CD:CY, (일별!$A:$A >= 월별!$A12) * (일별!$A:$A < 월별!$A13), 0))} -> 0 | AS12: =AR12/(월별!$A13 - 월별!$A12) -> 0 | AT12: {=SUM(_xlfn._xlws.FILTER(일별!CZ:DU, (일별!$A:$A >= 월별!$A12) * (일별!$A:$A < 월별!$A13), 0))} -> 0 | AU12: =AT12/(월별!$A13 - 월별!$A12) -> 0 | AV12: {=SUM(_xlfn._xlws.FILTER(일별!BH:BH, (일별!$A:$A >= 월별!$A12) * (일별!$A:$A < 월별!$A13), 0))} -> 0 | AW12: {=SUM(_xlfn._xlws.FILTER(일별!BI:BI, (일별!$A:$A >= 월별!$A12) * (일별!$A:$A < 월별!$A13), 0))} -> 0 | AX12: {=SUM(_xlfn._xlws.FILTER(일별!BJ:BJ, (일별!$A:$A >= 월별!$A12) * (일별!$A:$A < 월별!$A13), 0))} -> 0 | AY12: {=SUM(_xlfn._xlws.FILTER(일별!BK:BK, (일별!$A:$A >= 월별!$A12) * (일별!$A:$A < 월별!$A13), 0))} -> 0 | AZ12: {=SUM(_xlfn._xlws.FILTER(일별!BL:BL, (일별!$A:$A >= 월별!$A12) * (일별!$A:$A < 월별!$A13), 0))} -> 0 | BA12: {=SUM(_xlfn._xlws.FILTER(일별!BM:BM, (일별!$A:$A >= 월별!$A12) * (일별!$A:$A < 월별!$A13), 0))} -> 0 | BB12: {=SUM(_xlfn._xlws.FILTER(일별!BN:BN, (일별!$A:$A >= 월별!$A12) * (일별!$A:$A < 월별!$A13), 0))} -> 0 | BC12: {=SUM(_xlfn._xlws.FILTER(일별!BO:BO, (일별!$A:$A >= 월별!$A12) * (일별!$A:$A < 월별!$A13), 0))} -> 0 | BD12: {=SUM(_xlfn._xlws.FILTER(일별!BP:BP, (일별!$A:$A >= 월별!$A12) * (일별!$A:$A < 월별!$A13), 0))} -> 0 | BE12: {=SUM(_xlfn._xlws.FILTER(일별!BQ:BQ, (일별!$A:$A >= 월별!$A12) * (일별!$A:$A < 월별!$A13), 0))} -> 0 | BF12: {=SUM(_xlfn._xlws.FILTER(일별!BR:BR, (일별!$A:$A >= 월별!$A12) * (일별!$A:$A < 월별!$A13), 0))} -> 0 | BG12: {=SUM(_xlfn._xlws.FILTER(일별!BS:BS, (일별!$A:$A >= 월별!$A12) * (일별!$A:$A < 월별!$A13), 0))} -> 0 | BH12: {=SUM(_xlfn._xlws.FILTER(일별!BT:BT, (일별!$A:$A >= 월별!$A12) * (일별!$A:$A < 월별!$A13), 0))} -> 0 | BI12: {=SUM(_xlfn._xlws.FILTER(일별!BU:BU, (일별!$A:$A >= 월별!$A12) * (일별!$A:$A < 월별!$A13), 0))} -> 0 | BJ12: {=SUM(_xlfn._xlws.FILTER(일별!BV:BV, (일별!$A:$A >= 월별!$A12) * (일별!$A:$A < 월별!$A13), 0))} -> 0 | BK12: {=SUM(_xlfn._xlws.FILTER(일별!BW:BW, (일별!$A:$A >= 월별!$A12) * (일별!$A:$A < 월별!$A13), 0))} -> 0 | BL12: {=SUM(_xlfn._xlws.FILTER(일별!BX:BX, (일별!$A:$A >= 월별!$A12) * (일별!$A:$A < 월별!$A13), 0))} -> 0 | BM12: {=SUM(_xlfn._xlws.FILTER(일별!BY:BY, (일별!$A:$A >= 월별!$A12) * (일별!$A:$A < 월별!$A13), 0))} -> 0 | BN12: {=SUM(_xlfn._xlws.FILTER(일별!BZ:BZ, (일별!$A:$A >= 월별!$A12) * (일별!$A:$A < 월별!$A13), 0))} -> 0 | BO12: {=SUM(_xlfn._xlws.FILTER(일별!CA:CA, (일별!$A:$A >= 월별!$A12) * (일별!$A:$A < 월별!$A13), 0))} -> 0 | BP12: {=SUM(_xlfn._xlws.FILTER(일별!CB:CB, (일별!$A:$A >= 월별!$A12) * (일별!$A:$A < 월별!$A13), 0))} -> 0 | BQ12: {=SUM(_xlfn._xlws.FILTER(일별!CC:CC, (일별!$A:$A >= 월별!$A12) * (일별!$A:$A < 월별!$A13), 0))} -> 0 | BR12: {=SUM(_xlfn._xlws.FILTER(일별!CD:CD, (일별!$A:$A >= 월별!$A12) * (일별!$A:$A < 월별!$A13), 0))} -> 0 | BS12: {=SUM(_xlfn._xlws.FILTER(일별!CE:CE, (일별!$A:$A >= 월별!$A12) * (일별!$A:$A < 월별!$A13), 0))} -> 0 | BT12: {=SUM(_xlfn._xlws.FILTER(일별!CF:CF, (일별!$A:$A >= 월별!$A12) * (일별!$A:$A < 월별!$A13), 0))} -> 0 | BU12: {=SUM(_xlfn._xlws.FILTER(일별!CG:CG, (일별!$A:$A >= 월별!$A12) * (일별!$A:$A < 월별!$A13), 0))} -> 0 | BV12: {=SUM(_xlfn._xlws.FILTER(일별!CH:CH, (일별!$A:$A >= 월별!$A12) * (일별!$A:$A < 월별!$A13), 0))} -> 0 | BW12: {=SUM(_xlfn._xlws.FILTER(일별!CI:CI, (일별!$A:$A >= 월별!$A12) * (일별!$A:$A < 월별!$A13), 0))} -> 0 | BX12: {=SUM(_xlfn._xlws.FILTER(일별!CJ:CJ, (일별!$A:$A >= 월별!$A12) * (일별!$A:$A < 월별!$A13), 0))} -> 0 | BY12: {=SUM(_xlfn._xlws.FILTER(일별!CK:CK, (일별!$A:$A >= 월별!$A12) * (일별!$A:$A < 월별!$A13), 0))} -> 0 | BZ12: {=SUM(_xlfn._xlws.FILTER(일별!CL:CL, (일별!$A:$A >= 월별!$A12) * (일별!$A:$A < 월별!$A13), 0))} -> 0 | CA12: {=SUM(_xlfn._xlws.FILTER(일별!CM:CM, (일별!$A:$A >= 월별!$A12) * (일별!$A:$A < 월별!$A13), 0))} -> 0 | CB12: {=SUM(_xlfn._xlws.FILTER(일별!CN:CN, (일별!$A:$A >= 월별!$A12) * (일별!$A:$A < 월별!$A13), 0))} -> 0 | CC12: {=SUM(_xlfn._xlws.FILTER(일별!CO:CO, (일별!$A:$A >= 월별!$A12) * (일별!$A:$A < 월별!$A13), 0))} -> 0 | CD12: {=SUM(_xlfn._xlws.FILTER(일별!CP:CP, (일별!$A:$A >= 월별!$A12) * (일별!$A:$A < 월별!$A13), 0))} -> 0 | CE12: {=SUM(_xlfn._xlws.FILTER(일별!CQ:CQ, (일별!$A:$A >= 월별!$A12) * (일별!$A:$A < 월별!$A13), 0))} -> 0 | CF12: {=SUM(_xlfn._xlws.FILTER(일별!CR:CR, (일별!$A:$A >= 월별!$A12) * (일별!$A:$A < 월별!$A13), 0))} -> 0 | CG12: {=SUM(_xlfn._xlws.FILTER(일별!CS:CS, (일별!$A:$A >= 월별!$A12) * (일별!$A:$A < 월별!$A13), 0))} -> 0 | CH12: {=SUM(_xlfn._xlws.FILTER(일별!CT:CT, (일별!$A:$A >= 월별!$A12) * (일별!$A:$A < 월별!$A13), 0))} -> 0 | CI12: {=SUM(_xlfn._xlws.FILTER(일별!CU:CU, (일별!$A:$A >= 월별!$A12) * (일별!$A:$A < 월별!$A13), 0))} -> 0 | CJ12: {=SUM(_xlfn._xlws.FILTER(일별!CV:CV, (일별!$A:$A >= 월별!$A12) * (일별!$A:$A < 월별!$A13), 0))} -> 0 | CK12: {=SUM(_xlfn._xlws.FILTER(일별!CW:CW, (일별!$A:$A >= 월별!$A12) * (일별!$A:$A < 월별!$A13), 0))} -> 0 | CL12: {=SUM(_xlfn._xlws.FILTER(일별!CX:CX, (일별!$A:$A >= 월별!$A12) * (일별!$A:$A < 월별!$A13), 0))} -> 0 | CM12: {=SUM(_xlfn._xlws.FILTER(일별!CY:CY, (일별!$A:$A >= 월별!$A12) * (일별!$A:$A < 월별!$A13), 0))} -> 0 | CN12: {=SUM(_xlfn._xlws.FILTER(일별!CZ:CZ, (일별!$A:$A >= 월별!$A12) * (일별!$A:$A < 월별!$A13), 0))} -> 0 | CO12: {=SUM(_xlfn._xlws.FILTER(일별!DA:DA, (일별!$A:$A >= 월별!$A12) * (일별!$A:$A < 월별!$A13), 0))} -> 0 | CP12: {=SUM(_xlfn._xlws.FILTER(일별!DB:DB, (일별!$A:$A >= 월별!$A12) * (일별!$A:$A < 월별!$A13), 0))} -> 0 | CQ12: {=SUM(_xlfn._xlws.FILTER(일별!DC:DC, (일별!$A:$A >= 월별!$A12) * (일별!$A:$A < 월별!$A13), 0))} -> 0 | CR12: {=SUM(_xlfn._xlws.FILTER(일별!DD:DD, (일별!$A:$A >= 월별!$A12) * (일별!$A:$A < 월별!$A13), 0))} -> 0 | CS12: {=SUM(_xlfn._xlws.FILTER(일별!DE:DE, (일별!$A:$A >= 월별!$A12) * (일별!$A:$A < 월별!$A13), 0))} -> 0 | CT12: {=SUM(_xlfn._xlws.FILTER(일별!DF:DF, (일별!$A:$A >= 월별!$A12) * (일별!$A:$A < 월별!$A13), 0))} -> 0 | CU12: {=SUM(_xlfn._xlws.FILTER(일별!DG:DG, (일별!$A:$A >= 월별!$A12) * (일별!$A:$A < 월별!$A13), 0))} -> 0 | CV12: {=SUM(_xlfn._xlws.FILTER(일별!DH:DH, (일별!$A:$A >= 월별!$A12) * (일별!$A:$A < 월별!$A13), 0))} -> 0 | CW12: {=SUM(_xlfn._xlws.FILTER(일별!DI:DI, (일별!$A:$A >= 월별!$A12) * (일별!$A:$A < 월별!$A13), 0))} -> 0 | CX12: {=SUM(_xlfn._xlws.FILTER(일별!DJ:DJ, (일별!$A:$A >= 월별!$A12) * (일별!$A:$A < 월별!$A13), 0))} -> 0 | CY12: {=SUM(_xlfn._xlws.FILTER(일별!DK:DK, (일별!$A:$A >= 월별!$A12) * (일별!$A:$A < 월별!$A13), 0))} -> 0 | CZ12: {=SUM(_xlfn._xlws.FILTER(일별!DL:DL, (일별!$A:$A >= 월별!$A12) * (일별!$A:$A < 월별!$A13), 0))} -> 0 | DA12: {=SUM(_xlfn._xlws.FILTER(일별!DM:DM, (일별!$A:$A >= 월별!$A12) * (일별!$A:$A < 월별!$A13), 0))} -> 0 | DB12: {=SUM(_xlfn._xlws.FILTER(일별!DN:DN, (일별!$A:$A >= 월별!$A12) * (일별!$A:$A < 월별!$A13), 0))} -> 0 | DC12: {=SUM(_xlfn._xlws.FILTER(일별!DO:DO, (일별!$A:$A >= 월별!$A12) * (일별!$A:$A < 월별!$A13), 0))} -> 0 | DD12: {=SUM(_xlfn._xlws.FILTER(일별!DP:DP, (일별!$A:$A >= 월별!$A12) * (일별!$A:$A < 월별!$A13), 0))} -> 0 | DE12: {=SUM(_xlfn._xlws.FILTER(일별!DQ:DQ, (일별!$A:$A >= 월별!$A12) * (일별!$A:$A < 월별!$A13), 0))} -> 0 | DF12: {=SUM(_xlfn._xlws.FILTER(일별!DR:DR, (일별!$A:$A >= 월별!$A12) * (일별!$A:$A < 월별!$A13), 0))} -> 0 | DG12: {=SUM(_xlfn._xlws.FILTER(일별!DS:DS, (일별!$A:$A >= 월별!$A12) * (일별!$A:$A < 월별!$A13), 0))} -> 0 | DH12: {=SUM(_xlfn._xlws.FILTER(일별!DT:DT, (일별!$A:$A >= 월별!$A12) * (일별!$A:$A < 월별!$A13), 0))} -> 0 | DI12: {=SUM(_xlfn._xlws.FILTER(일별!DU:DU, (일별!$A:$A >= 월별!$A12) * (일별!$A:$A < 월별!$A13), 0))} -> 0
A13: 46266 | B13: =SUMIFS(일별!$C:$C, 일별!$A:$A, ">="&월별!$A13, 일별!$A:$A, "<"&월별!$A14) -> 0 | C13: =B13/(월별!$A14 - 월별!$A13) -> 0 | D13: =SUMIFS(일별!E:E, 일별!$A:$A, ">="&월별!$A13, 일별!$A:$A, "<"&월별!$A14) -> 0 | E13: =D13/(월별!$A14 - 월별!$A13) -> 0 | F13: =SUMIFS(일별!G:G, 일별!$A:$A, ">="&월별!$A13, 일별!$A:$A, "<"&월별!$A14) -> 0 | G13: =F13/(월별!$A14 - 월별!$A13) -> 0 | H13: =D13+F13 -> 0 | I13: =E13+G13 -> 0 | J13: =SUMIFS(일별!I:I, 일별!$A:$A, ">="&월별!$A13, 일별!$A:$A, "<"&월별!$A14) -> 0 | K13: =J13/(월별!$A14 - 월별!$A13) -> 0 | L13: =SUMIFS(일별!K:K, 일별!$A:$A, ">="&월별!$A13, 일별!$A:$A, "<"&월별!$A14) -> 0 | M13: =L13/(월별!$A14 - 월별!$A13) -> 0 | N13: =SUMIFS(일별!M:M, 일별!$A:$A, ">="&월별!$A13, 일별!$A:$A, "<"&월별!$A14) -> 0 | O13: =N13/(월별!$A14 - 월별!$A13) -> 0 | P13: =SUMIFS(일별!O:O, 일별!$A:$A, ">="&월별!$A13, 일별!$A:$A, "<"&월별!$A14) -> 0 | Q13: =P13/(월별!$A14 - 월별!$A13) -> 0 | R13: =SUMIFS(일별!Q:Q, 일별!$A:$A, ">="&월별!$A13, 일별!$A:$A, "<"&월별!$A14) -> 0 | S13: =R13/(월별!$A14 - 월별!$A13) -> 0 | T13: =SUMIFS(일별!S:S, 일별!$A:$A, ">="&월별!$A13, 일별!$A:$A, "<"&월별!$A14) -> 0 | U13: =T13/(월별!$A14 - 월별!$A13) -> 0 | V13: =SUMIFS(일별!U:U, 일별!$A:$A, ">="&월별!$A13, 일별!$A:$A, "<"&월별!$A14) -> 0 | W13: =V13/(월별!$A14 - 월별!$A13) -> 0 | X13: =SUMIFS(일별!W:W, 일별!$A:$A, ">="&월별!$A13, 일별!$A:$A, "<"&월별!$A14) -> 0 | Y13: =X13/(월별!$A14 - 월별!$A13) -> 0 | Z13: =SUMIFS(일별!X:X, 일별!$A:$A, ">="&월별!$A13, 일별!$A:$A, "<"&월별!$A14) -> 0 | AA13: =SUMIFS(일별!Y:Y, 일별!$A:$A, ">="&월별!$A13, 일별!$A:$A, "<"&월별!$A14) -> 0 | AB13: =SUMIFS(일별!Z:Z, 일별!$A:$A, ">="&월별!$A13, 일별!$A:$A, "<"&월별!$A14) -> 0 | AC13: =SUMIFS(일별!AA:AA, 일별!$A:$A, ">="&월별!$A13, 일별!$A:$A, "<"&월별!$A14) -> 0 | AD13: =SUMIFS(일별!AB:AB, 일별!$A:$A, ">="&월별!$A13, 일별!$A:$A, "<"&월별!$A14) -> 0 | AE13: =SUMIFS(일별!AC:AC, 일별!$A:$A, ">="&월별!$A13, 일별!$A:$A, "<"&월별!$A14) -> 0 | AF13: =SUMIFS(일별!AD:AD, 일별!$A:$A, ">="&월별!$A13, 일별!$A:$A, "<"&월별!$A14) -> 0 | AG13: =SUMIFS(일별!AE:AE, 일별!$A:$A, ">="&월별!$A13, 일별!$A:$A, "<"&월별!$A14) -> 0 | AH13: =SUMIFS(일별!AF:AF, 일별!$A:$A, ">="&월별!$A13, 일별!$A:$A, "<"&월별!$A14) -> 0 | AI13: =SUMIFS(일별!AG:AG, 일별!$A:$A, ">="&월별!$A13, 일별!$A:$A, "<"&월별!$A14) -> 0 | AJ13: =SUMIFS(일별!AX:AX, 일별!$A:$A, ">="&월별!$A13, 일별!$A:$A, "<"&월별!$A14) -> 0 | AK13: =SUMIFS(일별!AY:AY, 일별!$A:$A, ">="&월별!$A13, 일별!$A:$A, "<"&월별!$A14) -> 0 | AL13: =SUMIFS(일별!AZ:AZ, 일별!$A:$A, ">="&월별!$A13, 일별!$A:$A, "<"&월별!$A14) -> 0 | AM13: =SUMIFS(일별!BA:BA, 일별!$A:$A, ">="&월별!$A13, 일별!$A:$A, "<"&월별!$A14) -> 0 | AN13: =SUMIFS(일별!BB:BB, 일별!$A:$A, ">="&월별!$A13, 일별!$A:$A, "<"&월별!$A14) -> 0 | AO13: =SUMIFS(일별!BC:BC, 일별!$A:$A, ">="&월별!$A13, 일별!$A:$A, "<"&월별!$A14) -> 0 | AP13: {=SUM(_xlfn._xlws.FILTER(일별!BH:CC, (일별!$A:$A >= 월별!$A13) * (일별!$A:$A < 월별!$A14), 0))} -> 0 | AQ13: =AP13/(월별!$A14 - 월별!$A13) -> 0 | AR13: {=SUM(_xlfn._xlws.FILTER(일별!CD:CY, (일별!$A:$A >= 월별!$A13) * (일별!$A:$A < 월별!$A14), 0))} -> 0 | AS13: =AR13/(월별!$A14 - 월별!$A13) -> 0 | AT13: {=SUM(_xlfn._xlws.FILTER(일별!CZ:DU, (일별!$A:$A >= 월별!$A13) * (일별!$A:$A < 월별!$A14), 0))} -> 0 | AU13: =AT13/(월별!$A14 - 월별!$A13) -> 0 | AV13: {=SUM(_xlfn._xlws.FILTER(일별!BH:BH, (일별!$A:$A >= 월별!$A13) * (일별!$A:$A < 월별!$A14), 0))} -> 0 | AW13: {=SUM(_xlfn._xlws.FILTER(일별!BI:BI, (일별!$A:$A >= 월별!$A13) * (일별!$A:$A < 월별!$A14), 0))} -> 0 | AX13: {=SUM(_xlfn._xlws.FILTER(일별!BJ:BJ, (일별!$A:$A >= 월별!$A13) * (일별!$A:$A < 월별!$A14), 0))} -> 0 | AY13: {=SUM(_xlfn._xlws.FILTER(일별!BK:BK, (일별!$A:$A >= 월별!$A13) * (일별!$A:$A < 월별!$A14), 0))} -> 0 | AZ13: {=SUM(_xlfn._xlws.FILTER(일별!BL:BL, (일별!$A:$A >= 월별!$A13) * (일별!$A:$A < 월별!$A14), 0))} -> 0 | BA13: {=SUM(_xlfn._xlws.FILTER(일별!BM:BM, (일별!$A:$A >= 월별!$A13) * (일별!$A:$A < 월별!$A14), 0))} -> 0 | BB13: {=SUM(_xlfn._xlws.FILTER(일별!BN:BN, (일별!$A:$A >= 월별!$A13) * (일별!$A:$A < 월별!$A14), 0))} -> 0 | BC13: {=SUM(_xlfn._xlws.FILTER(일별!BO:BO, (일별!$A:$A >= 월별!$A13) * (일별!$A:$A < 월별!$A14), 0))} -> 0 | BD13: {=SUM(_xlfn._xlws.FILTER(일별!BP:BP, (일별!$A:$A >= 월별!$A13) * (일별!$A:$A < 월별!$A14), 0))} -> 0 | BE13: {=SUM(_xlfn._xlws.FILTER(일별!BQ:BQ, (일별!$A:$A >= 월별!$A13) * (일별!$A:$A < 월별!$A14), 0))} -> 0 | BF13: {=SUM(_xlfn._xlws.FILTER(일별!BR:BR, (일별!$A:$A >= 월별!$A13) * (일별!$A:$A < 월별!$A14), 0))} -> 0 | BG13: {=SUM(_xlfn._xlws.FILTER(일별!BS:BS, (일별!$A:$A >= 월별!$A13) * (일별!$A:$A < 월별!$A14), 0))} -> 0 | BH13: {=SUM(_xlfn._xlws.FILTER(일별!BT:BT, (일별!$A:$A >= 월별!$A13) * (일별!$A:$A < 월별!$A14), 0))} -> 0 | BI13: {=SUM(_xlfn._xlws.FILTER(일별!BU:BU, (일별!$A:$A >= 월별!$A13) * (일별!$A:$A < 월별!$A14), 0))} -> 0 | BJ13: {=SUM(_xlfn._xlws.FILTER(일별!BV:BV, (일별!$A:$A >= 월별!$A13) * (일별!$A:$A < 월별!$A14), 0))} -> 0 | BK13: {=SUM(_xlfn._xlws.FILTER(일별!BW:BW, (일별!$A:$A >= 월별!$A13) * (일별!$A:$A < 월별!$A14), 0))} -> 0 | BL13: {=SUM(_xlfn._xlws.FILTER(일별!BX:BX, (일별!$A:$A >= 월별!$A13) * (일별!$A:$A < 월별!$A14), 0))} -> 0 | BM13: {=SUM(_xlfn._xlws.FILTER(일별!BY:BY, (일별!$A:$A >= 월별!$A13) * (일별!$A:$A < 월별!$A14), 0))} -> 0 | BN13: {=SUM(_xlfn._xlws.FILTER(일별!BZ:BZ, (일별!$A:$A >= 월별!$A13) * (일별!$A:$A < 월별!$A14), 0))} -> 0 | BO13: {=SUM(_xlfn._xlws.FILTER(일별!CA:CA, (일별!$A:$A >= 월별!$A13) * (일별!$A:$A < 월별!$A14), 0))} -> 0 | BP13: {=SUM(_xlfn._xlws.FILTER(일별!CB:CB, (일별!$A:$A >= 월별!$A13) * (일별!$A:$A < 월별!$A14), 0))} -> 0 | BQ13: {=SUM(_xlfn._xlws.FILTER(일별!CC:CC, (일별!$A:$A >= 월별!$A13) * (일별!$A:$A < 월별!$A14), 0))} -> 0 | BR13: {=SUM(_xlfn._xlws.FILTER(일별!CD:CD, (일별!$A:$A >= 월별!$A13) * (일별!$A:$A < 월별!$A14), 0))} -> 0 | BS13: {=SUM(_xlfn._xlws.FILTER(일별!CE:CE, (일별!$A:$A >= 월별!$A13) * (일별!$A:$A < 월별!$A14), 0))} -> 0 | BT13: {=SUM(_xlfn._xlws.FILTER(일별!CF:CF, (일별!$A:$A >= 월별!$A13) * (일별!$A:$A < 월별!$A14), 0))} -> 0 | BU13: {=SUM(_xlfn._xlws.FILTER(일별!CG:CG, (일별!$A:$A >= 월별!$A13) * (일별!$A:$A < 월별!$A14), 0))} -> 0 | BV13: {=SUM(_xlfn._xlws.FILTER(일별!CH:CH, (일별!$A:$A >= 월별!$A13) * (일별!$A:$A < 월별!$A14), 0))} -> 0 | BW13: {=SUM(_xlfn._xlws.FILTER(일별!CI:CI, (일별!$A:$A >= 월별!$A13) * (일별!$A:$A < 월별!$A14), 0))} -> 0 | BX13: {=SUM(_xlfn._xlws.FILTER(일별!CJ:CJ, (일별!$A:$A >= 월별!$A13) * (일별!$A:$A < 월별!$A14), 0))} -> 0 | BY13: {=SUM(_xlfn._xlws.FILTER(일별!CK:CK, (일별!$A:$A >= 월별!$A13) * (일별!$A:$A < 월별!$A14), 0))} -> 0 | BZ13: {=SUM(_xlfn._xlws.FILTER(일별!CL:CL, (일별!$A:$A >= 월별!$A13) * (일별!$A:$A < 월별!$A14), 0))} -> 0 | CA13: {=SUM(_xlfn._xlws.FILTER(일별!CM:CM, (일별!$A:$A >= 월별!$A13) * (일별!$A:$A < 월별!$A14), 0))} -> 0 | CB13: {=SUM(_xlfn._xlws.FILTER(일별!CN:CN, (일별!$A:$A >= 월별!$A13) * (일별!$A:$A < 월별!$A14), 0))} -> 0 | CC13: {=SUM(_xlfn._xlws.FILTER(일별!CO:CO, (일별!$A:$A >= 월별!$A13) * (일별!$A:$A < 월별!$A14), 0))} -> 0 | CD13: {=SUM(_xlfn._xlws.FILTER(일별!CP:CP, (일별!$A:$A >= 월별!$A13) * (일별!$A:$A < 월별!$A14), 0))} -> 0 | CE13: {=SUM(_xlfn._xlws.FILTER(일별!CQ:CQ, (일별!$A:$A >= 월별!$A13) * (일별!$A:$A < 월별!$A14), 0))} -> 0 | CF13: {=SUM(_xlfn._xlws.FILTER(일별!CR:CR, (일별!$A:$A >= 월별!$A13) * (일별!$A:$A < 월별!$A14), 0))} -> 0 | CG13: {=SUM(_xlfn._xlws.FILTER(일별!CS:CS, (일별!$A:$A >= 월별!$A13) * (일별!$A:$A < 월별!$A14), 0))} -> 0 | CH13: {=SUM(_xlfn._xlws.FILTER(일별!CT:CT, (일별!$A:$A >= 월별!$A13) * (일별!$A:$A < 월별!$A14), 0))} -> 0 | CI13: {=SUM(_xlfn._xlws.FILTER(일별!CU:CU, (일별!$A:$A >= 월별!$A13) * (일별!$A:$A < 월별!$A14), 0))} -> 0 | CJ13: {=SUM(_xlfn._xlws.FILTER(일별!CV:CV, (일별!$A:$A >= 월별!$A13) * (일별!$A:$A < 월별!$A14), 0))} -> 0 | CK13: {=SUM(_xlfn._xlws.FILTER(일별!CW:CW, (일별!$A:$A >= 월별!$A13) * (일별!$A:$A < 월별!$A14), 0))} -> 0 | CL13: {=SUM(_xlfn._xlws.FILTER(일별!CX:CX, (일별!$A:$A >= 월별!$A13) * (일별!$A:$A < 월별!$A14), 0))} -> 0 | CM13: {=SUM(_xlfn._xlws.FILTER(일별!CY:CY, (일별!$A:$A >= 월별!$A13) * (일별!$A:$A < 월별!$A14), 0))} -> 0 | CN13: {=SUM(_xlfn._xlws.FILTER(일별!CZ:CZ, (일별!$A:$A >= 월별!$A13) * (일별!$A:$A < 월별!$A14), 0))} -> 0 | CO13: {=SUM(_xlfn._xlws.FILTER(일별!DA:DA, (일별!$A:$A >= 월별!$A13) * (일별!$A:$A < 월별!$A14), 0))} -> 0 | CP13: {=SUM(_xlfn._xlws.FILTER(일별!DB:DB, (일별!$A:$A >= 월별!$A13) * (일별!$A:$A < 월별!$A14), 0))} -> 0 | CQ13: {=SUM(_xlfn._xlws.FILTER(일별!DC:DC, (일별!$A:$A >= 월별!$A13) * (일별!$A:$A < 월별!$A14), 0))} -> 0 | CR13: {=SUM(_xlfn._xlws.FILTER(일별!DD:DD, (일별!$A:$A >= 월별!$A13) * (일별!$A:$A < 월별!$A14), 0))} -> 0 | CS13: {=SUM(_xlfn._xlws.FILTER(일별!DE:DE, (일별!$A:$A >= 월별!$A13) * (일별!$A:$A < 월별!$A14), 0))} -> 0 | CT13: {=SUM(_xlfn._xlws.FILTER(일별!DF:DF, (일별!$A:$A >= 월별!$A13) * (일별!$A:$A < 월별!$A14), 0))} -> 0 | CU13: {=SUM(_xlfn._xlws.FILTER(일별!DG:DG, (일별!$A:$A >= 월별!$A13) * (일별!$A:$A < 월별!$A14), 0))} -> 0 | CV13: {=SUM(_xlfn._xlws.FILTER(일별!DH:DH, (일별!$A:$A >= 월별!$A13) * (일별!$A:$A < 월별!$A14), 0))} -> 0 | CW13: {=SUM(_xlfn._xlws.FILTER(일별!DI:DI, (일별!$A:$A >= 월별!$A13) * (일별!$A:$A < 월별!$A14), 0))} -> 0 | CX13: {=SUM(_xlfn._xlws.FILTER(일별!DJ:DJ, (일별!$A:$A >= 월별!$A13) * (일별!$A:$A < 월별!$A14), 0))} -> 0 | CY13: {=SUM(_xlfn._xlws.FILTER(일별!DK:DK, (일별!$A:$A >= 월별!$A13) * (일별!$A:$A < 월별!$A14), 0))} -> 0 | CZ13: {=SUM(_xlfn._xlws.FILTER(일별!DL:DL, (일별!$A:$A >= 월별!$A13) * (일별!$A:$A < 월별!$A14), 0))} -> 0 | DA13: {=SUM(_xlfn._xlws.FILTER(일별!DM:DM, (일별!$A:$A >= 월별!$A13) * (일별!$A:$A < 월별!$A14), 0))} -> 0 | DB13: {=SUM(_xlfn._xlws.FILTER(일별!DN:DN, (일별!$A:$A >= 월별!$A13) * (일별!$A:$A < 월별!$A14), 0))} -> 0 | DC13: {=SUM(_xlfn._xlws.FILTER(일별!DO:DO, (일별!$A:$A >= 월별!$A13) * (일별!$A:$A < 월별!$A14), 0))} -> 0 | DD13: {=SUM(_xlfn._xlws.FILTER(일별!DP:DP, (일별!$A:$A >= 월별!$A13) * (일별!$A:$A < 월별!$A14), 0))} -> 0 | DE13: {=SUM(_xlfn._xlws.FILTER(일별!DQ:DQ, (일별!$A:$A >= 월별!$A13) * (일별!$A:$A < 월별!$A14), 0))} -> 0 | DF13: {=SUM(_xlfn._xlws.FILTER(일별!DR:DR, (일별!$A:$A >= 월별!$A13) * (일별!$A:$A < 월별!$A14), 0))} -> 0 | DG13: {=SUM(_xlfn._xlws.FILTER(일별!DS:DS, (일별!$A:$A >= 월별!$A13) * (일별!$A:$A < 월별!$A14), 0))} -> 0 | DH13: {=SUM(_xlfn._xlws.FILTER(일별!DT:DT, (일별!$A:$A >= 월별!$A13) * (일별!$A:$A < 월별!$A14), 0))} -> 0 | DI13: {=SUM(_xlfn._xlws.FILTER(일별!DU:DU, (일별!$A:$A >= 월별!$A13) * (일별!$A:$A < 월별!$A14), 0))} -> 0
A14: 46296 | B14: =SUMIFS(일별!$C:$C, 일별!$A:$A, ">="&월별!$A14, 일별!$A:$A, "<"&월별!$A15) -> 0 | C14: =B14/(월별!$A15 - 월별!$A14) -> 0 | D14: =SUMIFS(일별!E:E, 일별!$A:$A, ">="&월별!$A14, 일별!$A:$A, "<"&월별!$A15) -> 0 | E14: =D14/(월별!$A15 - 월별!$A14) -> 0 | F14: =SUMIFS(일별!G:G, 일별!$A:$A, ">="&월별!$A14, 일별!$A:$A, "<"&월별!$A15) -> 0 | G14: =F14/(월별!$A15 - 월별!$A14) -> 0 | H14: =D14+F14 -> 0 | I14: =E14+G14 -> 0 | J14: =SUMIFS(일별!I:I, 일별!$A:$A, ">="&월별!$A14, 일별!$A:$A, "<"&월별!$A15) -> 0 | K14: =J14/(월별!$A15 - 월별!$A14) -> 0 | L14: =SUMIFS(일별!K:K, 일별!$A:$A, ">="&월별!$A14, 일별!$A:$A, "<"&월별!$A15) -> 0 | M14: =L14/(월별!$A15 - 월별!$A14) -> 0 | N14: =SUMIFS(일별!M:M, 일별!$A:$A, ">="&월별!$A14, 일별!$A:$A, "<"&월별!$A15) -> 0 | O14: =N14/(월별!$A15 - 월별!$A14) -> 0 | P14: =SUMIFS(일별!O:O, 일별!$A:$A, ">="&월별!$A14, 일별!$A:$A, "<"&월별!$A15) -> 0 | Q14: =P14/(월별!$A15 - 월별!$A14) -> 0 | R14: =SUMIFS(일별!Q:Q, 일별!$A:$A, ">="&월별!$A14, 일별!$A:$A, "<"&월별!$A15) -> 0 | S14: =R14/(월별!$A15 - 월별!$A14) -> 0 | T14: =SUMIFS(일별!S:S, 일별!$A:$A, ">="&월별!$A14, 일별!$A:$A, "<"&월별!$A15) -> 0 | U14: =T14/(월별!$A15 - 월별!$A14) -> 0 | V14: =SUMIFS(일별!U:U, 일별!$A:$A, ">="&월별!$A14, 일별!$A:$A, "<"&월별!$A15) -> 0 | W14: =V14/(월별!$A15 - 월별!$A14) -> 0 | X14: =SUMIFS(일별!W:W, 일별!$A:$A, ">="&월별!$A14, 일별!$A:$A, "<"&월별!$A15) -> 0 | Y14: =X14/(월별!$A15 - 월별!$A14) -> 0 | Z14: =SUMIFS(일별!X:X, 일별!$A:$A, ">="&월별!$A14, 일별!$A:$A, "<"&월별!$A15) -> 0 | AA14: =SUMIFS(일별!Y:Y, 일별!$A:$A, ">="&월별!$A14, 일별!$A:$A, "<"&월별!$A15) -> 0 | AB14: =SUMIFS(일별!Z:Z, 일별!$A:$A, ">="&월별!$A14, 일별!$A:$A, "<"&월별!$A15) -> 0 | AC14: =SUMIFS(일별!AA:AA, 일별!$A:$A, ">="&월별!$A14, 일별!$A:$A, "<"&월별!$A15) -> 0 | AD14: =SUMIFS(일별!AB:AB, 일별!$A:$A, ">="&월별!$A14, 일별!$A:$A, "<"&월별!$A15) -> 0 | AE14: =SUMIFS(일별!AC:AC, 일별!$A:$A, ">="&월별!$A14, 일별!$A:$A, "<"&월별!$A15) -> 0 | AF14: =SUMIFS(일별!AD:AD, 일별!$A:$A, ">="&월별!$A14, 일별!$A:$A, "<"&월별!$A15) -> 0 | AG14: =SUMIFS(일별!AE:AE, 일별!$A:$A, ">="&월별!$A14, 일별!$A:$A, "<"&월별!$A15) -> 0 | AH14: =SUMIFS(일별!AF:AF, 일별!$A:$A, ">="&월별!$A14, 일별!$A:$A, "<"&월별!$A15) -> 0 | AI14: =SUMIFS(일별!AG:AG, 일별!$A:$A, ">="&월별!$A14, 일별!$A:$A, "<"&월별!$A15) -> 0 | AJ14: =SUMIFS(일별!AX:AX, 일별!$A:$A, ">="&월별!$A14, 일별!$A:$A, "<"&월별!$A15) -> 0 | AK14: =SUMIFS(일별!AY:AY, 일별!$A:$A, ">="&월별!$A14, 일별!$A:$A, "<"&월별!$A15) -> 0 | AL14: =SUMIFS(일별!AZ:AZ, 일별!$A:$A, ">="&월별!$A14, 일별!$A:$A, "<"&월별!$A15) -> 0 | AM14: =SUMIFS(일별!BA:BA, 일별!$A:$A, ">="&월별!$A14, 일별!$A:$A, "<"&월별!$A15) -> 0 | AN14: =SUMIFS(일별!BB:BB, 일별!$A:$A, ">="&월별!$A14, 일별!$A:$A, "<"&월별!$A15) -> 0 | AO14: =SUMIFS(일별!BC:BC, 일별!$A:$A, ">="&월별!$A14, 일별!$A:$A, "<"&월별!$A15) -> 0 | AP14: {=SUM(_xlfn._xlws.FILTER(일별!BH:CC, (일별!$A:$A >= 월별!$A14) * (일별!$A:$A < 월별!$A15), 0))} -> 0 | AQ14: =AP14/(월별!$A15 - 월별!$A14) -> 0 | AR14: {=SUM(_xlfn._xlws.FILTER(일별!CD:CY, (일별!$A:$A >= 월별!$A14) * (일별!$A:$A < 월별!$A15), 0))} -> 0 | AS14: =AR14/(월별!$A15 - 월별!$A14) -> 0 | AT14: {=SUM(_xlfn._xlws.FILTER(일별!CZ:DU, (일별!$A:$A >= 월별!$A14) * (일별!$A:$A < 월별!$A15), 0))} -> 0 | AU14: =AT14/(월별!$A15 - 월별!$A14) -> 0 | AV14: {=SUM(_xlfn._xlws.FILTER(일별!BH:BH, (일별!$A:$A >= 월별!$A14) * (일별!$A:$A < 월별!$A15), 0))} -> 0 | AW14: {=SUM(_xlfn._xlws.FILTER(일별!BI:BI, (일별!$A:$A >= 월별!$A14) * (일별!$A:$A < 월별!$A15), 0))} -> 0 | AX14: {=SUM(_xlfn._xlws.FILTER(일별!BJ:BJ, (일별!$A:$A >= 월별!$A14) * (일별!$A:$A < 월별!$A15), 0))} -> 0 | AY14: {=SUM(_xlfn._xlws.FILTER(일별!BK:BK, (일별!$A:$A >= 월별!$A14) * (일별!$A:$A < 월별!$A15), 0))} -> 0 | AZ14: {=SUM(_xlfn._xlws.FILTER(일별!BL:BL, (일별!$A:$A >= 월별!$A14) * (일별!$A:$A < 월별!$A15), 0))} -> 0 | BA14: {=SUM(_xlfn._xlws.FILTER(일별!BM:BM, (일별!$A:$A >= 월별!$A14) * (일별!$A:$A < 월별!$A15), 0))} -> 0 | BB14: {=SUM(_xlfn._xlws.FILTER(일별!BN:BN, (일별!$A:$A >= 월별!$A14) * (일별!$A:$A < 월별!$A15), 0))} -> 0 | BC14: {=SUM(_xlfn._xlws.FILTER(일별!BO:BO, (일별!$A:$A >= 월별!$A14) * (일별!$A:$A < 월별!$A15), 0))} -> 0 | BD14: {=SUM(_xlfn._xlws.FILTER(일별!BP:BP, (일별!$A:$A >= 월별!$A14) * (일별!$A:$A < 월별!$A15), 0))} -> 0 | BE14: {=SUM(_xlfn._xlws.FILTER(일별!BQ:BQ, (일별!$A:$A >= 월별!$A14) * (일별!$A:$A < 월별!$A15), 0))} -> 0 | BF14: {=SUM(_xlfn._xlws.FILTER(일별!BR:BR, (일별!$A:$A >= 월별!$A14) * (일별!$A:$A < 월별!$A15), 0))} -> 0 | BG14: {=SUM(_xlfn._xlws.FILTER(일별!BS:BS, (일별!$A:$A >= 월별!$A14) * (일별!$A:$A < 월별!$A15), 0))} -> 0 | BH14: {=SUM(_xlfn._xlws.FILTER(일별!BT:BT, (일별!$A:$A >= 월별!$A14) * (일별!$A:$A < 월별!$A15), 0))} -> 0 | BI14: {=SUM(_xlfn._xlws.FILTER(일별!BU:BU, (일별!$A:$A >= 월별!$A14) * (일별!$A:$A < 월별!$A15), 0))} -> 0 | BJ14: {=SUM(_xlfn._xlws.FILTER(일별!BV:BV, (일별!$A:$A >= 월별!$A14) * (일별!$A:$A < 월별!$A15), 0))} -> 0 | BK14: {=SUM(_xlfn._xlws.FILTER(일별!BW:BW, (일별!$A:$A >= 월별!$A14) * (일별!$A:$A < 월별!$A15), 0))} -> 0 | BL14: {=SUM(_xlfn._xlws.FILTER(일별!BX:BX, (일별!$A:$A >= 월별!$A14) * (일별!$A:$A < 월별!$A15), 0))} -> 0 | BM14: {=SUM(_xlfn._xlws.FILTER(일별!BY:BY, (일별!$A:$A >= 월별!$A14) * (일별!$A:$A < 월별!$A15), 0))} -> 0 | BN14: {=SUM(_xlfn._xlws.FILTER(일별!BZ:BZ, (일별!$A:$A >= 월별!$A14) * (일별!$A:$A < 월별!$A15), 0))} -> 0 | BO14: {=SUM(_xlfn._xlws.FILTER(일별!CA:CA, (일별!$A:$A >= 월별!$A14) * (일별!$A:$A < 월별!$A15), 0))} -> 0 | BP14: {=SUM(_xlfn._xlws.FILTER(일별!CB:CB, (일별!$A:$A >= 월별!$A14) * (일별!$A:$A < 월별!$A15), 0))} -> 0 | BQ14: {=SUM(_xlfn._xlws.FILTER(일별!CC:CC, (일별!$A:$A >= 월별!$A14) * (일별!$A:$A < 월별!$A15), 0))} -> 0 | BR14: {=SUM(_xlfn._xlws.FILTER(일별!CD:CD, (일별!$A:$A >= 월별!$A14) * (일별!$A:$A < 월별!$A15), 0))} -> 0 | BS14: {=SUM(_xlfn._xlws.FILTER(일별!CE:CE, (일별!$A:$A >= 월별!$A14) * (일별!$A:$A < 월별!$A15), 0))} -> 0 | BT14: {=SUM(_xlfn._xlws.FILTER(일별!CF:CF, (일별!$A:$A >= 월별!$A14) * (일별!$A:$A < 월별!$A15), 0))} -> 0 | BU14: {=SUM(_xlfn._xlws.FILTER(일별!CG:CG, (일별!$A:$A >= 월별!$A14) * (일별!$A:$A < 월별!$A15), 0))} -> 0 | BV14: {=SUM(_xlfn._xlws.FILTER(일별!CH:CH, (일별!$A:$A >= 월별!$A14) * (일별!$A:$A < 월별!$A15), 0))} -> 0 | BW14: {=SUM(_xlfn._xlws.FILTER(일별!CI:CI, (일별!$A:$A >= 월별!$A14) * (일별!$A:$A < 월별!$A15), 0))} -> 0 | BX14: {=SUM(_xlfn._xlws.FILTER(일별!CJ:CJ, (일별!$A:$A >= 월별!$A14) * (일별!$A:$A < 월별!$A15), 0))} -> 0 | BY14: {=SUM(_xlfn._xlws.FILTER(일별!CK:CK, (일별!$A:$A >= 월별!$A14) * (일별!$A:$A < 월별!$A15), 0))} -> 0 | BZ14: {=SUM(_xlfn._xlws.FILTER(일별!CL:CL, (일별!$A:$A >= 월별!$A14) * (일별!$A:$A < 월별!$A15), 0))} -> 0 | CA14: {=SUM(_xlfn._xlws.FILTER(일별!CM:CM, (일별!$A:$A >= 월별!$A14) * (일별!$A:$A < 월별!$A15), 0))} -> 0 | CB14: {=SUM(_xlfn._xlws.FILTER(일별!CN:CN, (일별!$A:$A >= 월별!$A14) * (일별!$A:$A < 월별!$A15), 0))} -> 0 | CC14: {=SUM(_xlfn._xlws.FILTER(일별!CO:CO, (일별!$A:$A >= 월별!$A14) * (일별!$A:$A < 월별!$A15), 0))} -> 0 | CD14: {=SUM(_xlfn._xlws.FILTER(일별!CP:CP, (일별!$A:$A >= 월별!$A14) * (일별!$A:$A < 월별!$A15), 0))} -> 0 | CE14: {=SUM(_xlfn._xlws.FILTER(일별!CQ:CQ, (일별!$A:$A >= 월별!$A14) * (일별!$A:$A < 월별!$A15), 0))} -> 0 | CF14: {=SUM(_xlfn._xlws.FILTER(일별!CR:CR, (일별!$A:$A >= 월별!$A14) * (일별!$A:$A < 월별!$A15), 0))} -> 0 | CG14: {=SUM(_xlfn._xlws.FILTER(일별!CS:CS, (일별!$A:$A >= 월별!$A14) * (일별!$A:$A < 월별!$A15), 0))} -> 0 | CH14: {=SUM(_xlfn._xlws.FILTER(일별!CT:CT, (일별!$A:$A >= 월별!$A14) * (일별!$A:$A < 월별!$A15), 0))} -> 0 | CI14: {=SUM(_xlfn._xlws.FILTER(일별!CU:CU, (일별!$A:$A >= 월별!$A14) * (일별!$A:$A < 월별!$A15), 0))} -> 0 | CJ14: {=SUM(_xlfn._xlws.FILTER(일별!CV:CV, (일별!$A:$A >= 월별!$A14) * (일별!$A:$A < 월별!$A15), 0))} -> 0 | CK14: {=SUM(_xlfn._xlws.FILTER(일별!CW:CW, (일별!$A:$A >= 월별!$A14) * (일별!$A:$A < 월별!$A15), 0))} -> 0 | CL14: {=SUM(_xlfn._xlws.FILTER(일별!CX:CX, (일별!$A:$A >= 월별!$A14) * (일별!$A:$A < 월별!$A15), 0))} -> 0 | CM14: {=SUM(_xlfn._xlws.FILTER(일별!CY:CY, (일별!$A:$A >= 월별!$A14) * (일별!$A:$A < 월별!$A15), 0))} -> 0 | CN14: {=SUM(_xlfn._xlws.FILTER(일별!CZ:CZ, (일별!$A:$A >= 월별!$A14) * (일별!$A:$A < 월별!$A15), 0))} -> 0 | CO14: {=SUM(_xlfn._xlws.FILTER(일별!DA:DA, (일별!$A:$A >= 월별!$A14) * (일별!$A:$A < 월별!$A15), 0))} -> 0 | CP14: {=SUM(_xlfn._xlws.FILTER(일별!DB:DB, (일별!$A:$A >= 월별!$A14) * (일별!$A:$A < 월별!$A15), 0))} -> 0 | CQ14: {=SUM(_xlfn._xlws.FILTER(일별!DC:DC, (일별!$A:$A >= 월별!$A14) * (일별!$A:$A < 월별!$A15), 0))} -> 0 | CR14: {=SUM(_xlfn._xlws.FILTER(일별!DD:DD, (일별!$A:$A >= 월별!$A14) * (일별!$A:$A < 월별!$A15), 0))} -> 0 | CS14: {=SUM(_xlfn._xlws.FILTER(일별!DE:DE, (일별!$A:$A >= 월별!$A14) * (일별!$A:$A < 월별!$A15), 0))} -> 0 | CT14: {=SUM(_xlfn._xlws.FILTER(일별!DF:DF, (일별!$A:$A >= 월별!$A14) * (일별!$A:$A < 월별!$A15), 0))} -> 0 | CU14: {=SUM(_xlfn._xlws.FILTER(일별!DG:DG, (일별!$A:$A >= 월별!$A14) * (일별!$A:$A < 월별!$A15), 0))} -> 0 | CV14: {=SUM(_xlfn._xlws.FILTER(일별!DH:DH, (일별!$A:$A >= 월별!$A14) * (일별!$A:$A < 월별!$A15), 0))} -> 0 | CW14: {=SUM(_xlfn._xlws.FILTER(일별!DI:DI, (일별!$A:$A >= 월별!$A14) * (일별!$A:$A < 월별!$A15), 0))} -> 0 | CX14: {=SUM(_xlfn._xlws.FILTER(일별!DJ:DJ, (일별!$A:$A >= 월별!$A14) * (일별!$A:$A < 월별!$A15), 0))} -> 0 | CY14: {=SUM(_xlfn._xlws.FILTER(일별!DK:DK, (일별!$A:$A >= 월별!$A14) * (일별!$A:$A < 월별!$A15), 0))} -> 0 | CZ14: {=SUM(_xlfn._xlws.FILTER(일별!DL:DL, (일별!$A:$A >= 월별!$A14) * (일별!$A:$A < 월별!$A15), 0))} -> 0 | DA14: {=SUM(_xlfn._xlws.FILTER(일별!DM:DM, (일별!$A:$A >= 월별!$A14) * (일별!$A:$A < 월별!$A15), 0))} -> 0 | DB14: {=SUM(_xlfn._xlws.FILTER(일별!DN:DN, (일별!$A:$A >= 월별!$A14) * (일별!$A:$A < 월별!$A15), 0))} -> 0 | DC14: {=SUM(_xlfn._xlws.FILTER(일별!DO:DO, (일별!$A:$A >= 월별!$A14) * (일별!$A:$A < 월별!$A15), 0))} -> 0 | DD14: {=SUM(_xlfn._xlws.FILTER(일별!DP:DP, (일별!$A:$A >= 월별!$A14) * (일별!$A:$A < 월별!$A15), 0))} -> 0 | DE14: {=SUM(_xlfn._xlws.FILTER(일별!DQ:DQ, (일별!$A:$A >= 월별!$A14) * (일별!$A:$A < 월별!$A15), 0))} -> 0 | DF14: {=SUM(_xlfn._xlws.FILTER(일별!DR:DR, (일별!$A:$A >= 월별!$A14) * (일별!$A:$A < 월별!$A15), 0))} -> 0 | DG14: {=SUM(_xlfn._xlws.FILTER(일별!DS:DS, (일별!$A:$A >= 월별!$A14) * (일별!$A:$A < 월별!$A15), 0))} -> 0 | DH14: {=SUM(_xlfn._xlws.FILTER(일별!DT:DT, (일별!$A:$A >= 월별!$A14) * (일별!$A:$A < 월별!$A15), 0))} -> 0 | DI14: {=SUM(_xlfn._xlws.FILTER(일별!DU:DU, (일별!$A:$A >= 월별!$A14) * (일별!$A:$A < 월별!$A15), 0))} -> 0
A15: 46327 | B15: =SUMIFS(일별!$C:$C, 일별!$A:$A, ">="&월별!$A15, 일별!$A:$A, "<"&월별!$A16) -> 0 | C15: =B15/(월별!$A16 - 월별!$A15) -> 0 | D15: =SUMIFS(일별!E:E, 일별!$A:$A, ">="&월별!$A15, 일별!$A:$A, "<"&월별!$A16) -> 0 | E15: =D15/(월별!$A16 - 월별!$A15) -> 0 | F15: =SUMIFS(일별!G:G, 일별!$A:$A, ">="&월별!$A15, 일별!$A:$A, "<"&월별!$A16) -> 0 | G15: =F15/(월별!$A16 - 월별!$A15) -> 0 | H15: =D15+F15 -> 0 | I15: =E15+G15 -> 0 | J15: =SUMIFS(일별!I:I, 일별!$A:$A, ">="&월별!$A15, 일별!$A:$A, "<"&월별!$A16) -> 0 | K15: =J15/(월별!$A16 - 월별!$A15) -> 0 | L15: =SUMIFS(일별!K:K, 일별!$A:$A, ">="&월별!$A15, 일별!$A:$A, "<"&월별!$A16) -> 0 | M15: =L15/(월별!$A16 - 월별!$A15) -> 0 | N15: =SUMIFS(일별!M:M, 일별!$A:$A, ">="&월별!$A15, 일별!$A:$A, "<"&월별!$A16) -> 0 | O15: =N15/(월별!$A16 - 월별!$A15) -> 0 | P15: =SUMIFS(일별!O:O, 일별!$A:$A, ">="&월별!$A15, 일별!$A:$A, "<"&월별!$A16) -> 0 | Q15: =P15/(월별!$A16 - 월별!$A15) -> 0 | R15: =SUMIFS(일별!Q:Q, 일별!$A:$A, ">="&월별!$A15, 일별!$A:$A, "<"&월별!$A16) -> 0 | S15: =R15/(월별!$A16 - 월별!$A15) -> 0 | T15: =SUMIFS(일별!S:S, 일별!$A:$A, ">="&월별!$A15, 일별!$A:$A, "<"&월별!$A16) -> 0 | U15: =T15/(월별!$A16 - 월별!$A15) -> 0 | V15: =SUMIFS(일별!U:U, 일별!$A:$A, ">="&월별!$A15, 일별!$A:$A, "<"&월별!$A16) -> 0 | W15: =V15/(월별!$A16 - 월별!$A15) -> 0 | X15: =SUMIFS(일별!W:W, 일별!$A:$A, ">="&월별!$A15, 일별!$A:$A, "<"&월별!$A16) -> 0 | Y15: =X15/(월별!$A16 - 월별!$A15) -> 0 | Z15: =SUMIFS(일별!X:X, 일별!$A:$A, ">="&월별!$A15, 일별!$A:$A, "<"&월별!$A16) -> 0 | AA15: =SUMIFS(일별!Y:Y, 일별!$A:$A, ">="&월별!$A15, 일별!$A:$A, "<"&월별!$A16) -> 0 | AB15: =SUMIFS(일별!Z:Z, 일별!$A:$A, ">="&월별!$A15, 일별!$A:$A, "<"&월별!$A16) -> 0 | AC15: =SUMIFS(일별!AA:AA, 일별!$A:$A, ">="&월별!$A15, 일별!$A:$A, "<"&월별!$A16) -> 0 | AD15: =SUMIFS(일별!AB:AB, 일별!$A:$A, ">="&월별!$A15, 일별!$A:$A, "<"&월별!$A16) -> 0 | AE15: =SUMIFS(일별!AC:AC, 일별!$A:$A, ">="&월별!$A15, 일별!$A:$A, "<"&월별!$A16) -> 0 | AF15: =SUMIFS(일별!AD:AD, 일별!$A:$A, ">="&월별!$A15, 일별!$A:$A, "<"&월별!$A16) -> 0 | AG15: =SUMIFS(일별!AE:AE, 일별!$A:$A, ">="&월별!$A15, 일별!$A:$A, "<"&월별!$A16) -> 0 | AH15: =SUMIFS(일별!AF:AF, 일별!$A:$A, ">="&월별!$A15, 일별!$A:$A, "<"&월별!$A16) -> 0 | AI15: =SUMIFS(일별!AG:AG, 일별!$A:$A, ">="&월별!$A15, 일별!$A:$A, "<"&월별!$A16) -> 0 | AJ15: =SUMIFS(일별!AX:AX, 일별!$A:$A, ">="&월별!$A15, 일별!$A:$A, "<"&월별!$A16) -> 0 | AK15: =SUMIFS(일별!AY:AY, 일별!$A:$A, ">="&월별!$A15, 일별!$A:$A, "<"&월별!$A16) -> 0 | AL15: =SUMIFS(일별!AZ:AZ, 일별!$A:$A, ">="&월별!$A15, 일별!$A:$A, "<"&월별!$A16) -> 0 | AM15: =SUMIFS(일별!BA:BA, 일별!$A:$A, ">="&월별!$A15, 일별!$A:$A, "<"&월별!$A16) -> 0 | AN15: =SUMIFS(일별!BB:BB, 일별!$A:$A, ">="&월별!$A15, 일별!$A:$A, "<"&월별!$A16) -> 0 | AO15: =SUMIFS(일별!BC:BC, 일별!$A:$A, ">="&월별!$A15, 일별!$A:$A, "<"&월별!$A16) -> 0 | AP15: {=SUM(_xlfn._xlws.FILTER(일별!BH:CC, (일별!$A:$A >= 월별!$A15) * (일별!$A:$A < 월별!$A16), 0))} -> 0 | AQ15: =AP15/(월별!$A16 - 월별!$A15) -> 0 | AR15: {=SUM(_xlfn._xlws.FILTER(일별!CD:CY, (일별!$A:$A >= 월별!$A15) * (일별!$A:$A < 월별!$A16), 0))} -> 0 | AS15: =AR15/(월별!$A16 - 월별!$A15) -> 0 | AT15: {=SUM(_xlfn._xlws.FILTER(일별!CZ:DU, (일별!$A:$A >= 월별!$A15) * (일별!$A:$A < 월별!$A16), 0))} -> 0 | AU15: =AT15/(월별!$A16 - 월별!$A15) -> 0 | AV15: {=SUM(_xlfn._xlws.FILTER(일별!BH:BH, (일별!$A:$A >= 월별!$A15) * (일별!$A:$A < 월별!$A16), 0))} -> 0 | AW15: {=SUM(_xlfn._xlws.FILTER(일별!BI:BI, (일별!$A:$A >= 월별!$A15) * (일별!$A:$A < 월별!$A16), 0))} -> 0 | AX15: {=SUM(_xlfn._xlws.FILTER(일별!BJ:BJ, (일별!$A:$A >= 월별!$A15) * (일별!$A:$A < 월별!$A16), 0))} -> 0 | AY15: {=SUM(_xlfn._xlws.FILTER(일별!BK:BK, (일별!$A:$A >= 월별!$A15) * (일별!$A:$A < 월별!$A16), 0))} -> 0 | AZ15: {=SUM(_xlfn._xlws.FILTER(일별!BL:BL, (일별!$A:$A >= 월별!$A15) * (일별!$A:$A < 월별!$A16), 0))} -> 0 | BA15: {=SUM(_xlfn._xlws.FILTER(일별!BM:BM, (일별!$A:$A >= 월별!$A15) * (일별!$A:$A < 월별!$A16), 0))} -> 0 | BB15: {=SUM(_xlfn._xlws.FILTER(일별!BN:BN, (일별!$A:$A >= 월별!$A15) * (일별!$A:$A < 월별!$A16), 0))} -> 0 | BC15: {=SUM(_xlfn._xlws.FILTER(일별!BO:BO, (일별!$A:$A >= 월별!$A15) * (일별!$A:$A < 월별!$A16), 0))} -> 0 | BD15: {=SUM(_xlfn._xlws.FILTER(일별!BP:BP, (일별!$A:$A >= 월별!$A15) * (일별!$A:$A < 월별!$A16), 0))} -> 0 | BE15: {=SUM(_xlfn._xlws.FILTER(일별!BQ:BQ, (일별!$A:$A >= 월별!$A15) * (일별!$A:$A < 월별!$A16), 0))} -> 0 | BF15: {=SUM(_xlfn._xlws.FILTER(일별!BR:BR, (일별!$A:$A >= 월별!$A15) * (일별!$A:$A < 월별!$A16), 0))} -> 0 | BG15: {=SUM(_xlfn._xlws.FILTER(일별!BS:BS, (일별!$A:$A >= 월별!$A15) * (일별!$A:$A < 월별!$A16), 0))} -> 0 | BH15: {=SUM(_xlfn._xlws.FILTER(일별!BT:BT, (일별!$A:$A >= 월별!$A15) * (일별!$A:$A < 월별!$A16), 0))} -> 0 | BI15: {=SUM(_xlfn._xlws.FILTER(일별!BU:BU, (일별!$A:$A >= 월별!$A15) * (일별!$A:$A < 월별!$A16), 0))} -> 0 | BJ15: {=SUM(_xlfn._xlws.FILTER(일별!BV:BV, (일별!$A:$A >= 월별!$A15) * (일별!$A:$A < 월별!$A16), 0))} -> 0 | BK15: {=SUM(_xlfn._xlws.FILTER(일별!BW:BW, (일별!$A:$A >= 월별!$A15) * (일별!$A:$A < 월별!$A16), 0))} -> 0 | BL15: {=SUM(_xlfn._xlws.FILTER(일별!BX:BX, (일별!$A:$A >= 월별!$A15) * (일별!$A:$A < 월별!$A16), 0))} -> 0 | BM15: {=SUM(_xlfn._xlws.FILTER(일별!BY:BY, (일별!$A:$A >= 월별!$A15) * (일별!$A:$A < 월별!$A16), 0))} -> 0 | BN15: {=SUM(_xlfn._xlws.FILTER(일별!BZ:BZ, (일별!$A:$A >= 월별!$A15) * (일별!$A:$A < 월별!$A16), 0))} -> 0 | BO15: {=SUM(_xlfn._xlws.FILTER(일별!CA:CA, (일별!$A:$A >= 월별!$A15) * (일별!$A:$A < 월별!$A16), 0))} -> 0 | BP15: {=SUM(_xlfn._xlws.FILTER(일별!CB:CB, (일별!$A:$A >= 월별!$A15) * (일별!$A:$A < 월별!$A16), 0))} -> 0 | BQ15: {=SUM(_xlfn._xlws.FILTER(일별!CC:CC, (일별!$A:$A >= 월별!$A15) * (일별!$A:$A < 월별!$A16), 0))} -> 0 | BR15: {=SUM(_xlfn._xlws.FILTER(일별!CD:CD, (일별!$A:$A >= 월별!$A15) * (일별!$A:$A < 월별!$A16), 0))} -> 0 | BS15: {=SUM(_xlfn._xlws.FILTER(일별!CE:CE, (일별!$A:$A >= 월별!$A15) * (일별!$A:$A < 월별!$A16), 0))} -> 0 | BT15: {=SUM(_xlfn._xlws.FILTER(일별!CF:CF, (일별!$A:$A >= 월별!$A15) * (일별!$A:$A < 월별!$A16), 0))} -> 0 | BU15: {=SUM(_xlfn._xlws.FILTER(일별!CG:CG, (일별!$A:$A >= 월별!$A15) * (일별!$A:$A < 월별!$A16), 0))} -> 0 | BV15: {=SUM(_xlfn._xlws.FILTER(일별!CH:CH, (일별!$A:$A >= 월별!$A15) * (일별!$A:$A < 월별!$A16), 0))} -> 0 | BW15: {=SUM(_xlfn._xlws.FILTER(일별!CI:CI, (일별!$A:$A >= 월별!$A15) * (일별!$A:$A < 월별!$A16), 0))} -> 0 | BX15: {=SUM(_xlfn._xlws.FILTER(일별!CJ:CJ, (일별!$A:$A >= 월별!$A15) * (일별!$A:$A < 월별!$A16), 0))} -> 0 | BY15: {=SUM(_xlfn._xlws.FILTER(일별!CK:CK, (일별!$A:$A >= 월별!$A15) * (일별!$A:$A < 월별!$A16), 0))} -> 0 | BZ15: {=SUM(_xlfn._xlws.FILTER(일별!CL:CL, (일별!$A:$A >= 월별!$A15) * (일별!$A:$A < 월별!$A16), 0))} -> 0 | CA15: {=SUM(_xlfn._xlws.FILTER(일별!CM:CM, (일별!$A:$A >= 월별!$A15) * (일별!$A:$A < 월별!$A16), 0))} -> 0 | CB15: {=SUM(_xlfn._xlws.FILTER(일별!CN:CN, (일별!$A:$A >= 월별!$A15) * (일별!$A:$A < 월별!$A16), 0))} -> 0 | CC15: {=SUM(_xlfn._xlws.FILTER(일별!CO:CO, (일별!$A:$A >= 월별!$A15) * (일별!$A:$A < 월별!$A16), 0))} -> 0 | CD15: {=SUM(_xlfn._xlws.FILTER(일별!CP:CP, (일별!$A:$A >= 월별!$A15) * (일별!$A:$A < 월별!$A16), 0))} -> 0 | CE15: {=SUM(_xlfn._xlws.FILTER(일별!CQ:CQ, (일별!$A:$A >= 월별!$A15) * (일별!$A:$A < 월별!$A16), 0))} -> 0 | CF15: {=SUM(_xlfn._xlws.FILTER(일별!CR:CR, (일별!$A:$A >= 월별!$A15) * (일별!$A:$A < 월별!$A16), 0))} -> 0 | CG15: {=SUM(_xlfn._xlws.FILTER(일별!CS:CS, (일별!$A:$A >= 월별!$A15) * (일별!$A:$A < 월별!$A16), 0))} -> 0 | CH15: {=SUM(_xlfn._xlws.FILTER(일별!CT:CT, (일별!$A:$A >= 월별!$A15) * (일별!$A:$A < 월별!$A16), 0))} -> 0 | CI15: {=SUM(_xlfn._xlws.FILTER(일별!CU:CU, (일별!$A:$A >= 월별!$A15) * (일별!$A:$A < 월별!$A16), 0))} -> 0 | CJ15: {=SUM(_xlfn._xlws.FILTER(일별!CV:CV, (일별!$A:$A >= 월별!$A15) * (일별!$A:$A < 월별!$A16), 0))} -> 0 | CK15: {=SUM(_xlfn._xlws.FILTER(일별!CW:CW, (일별!$A:$A >= 월별!$A15) * (일별!$A:$A < 월별!$A16), 0))} -> 0 | CL15: {=SUM(_xlfn._xlws.FILTER(일별!CX:CX, (일별!$A:$A >= 월별!$A15) * (일별!$A:$A < 월별!$A16), 0))} -> 0 | CM15: {=SUM(_xlfn._xlws.FILTER(일별!CY:CY, (일별!$A:$A >= 월별!$A15) * (일별!$A:$A < 월별!$A16), 0))} -> 0 | CN15: {=SUM(_xlfn._xlws.FILTER(일별!CZ:CZ, (일별!$A:$A >= 월별!$A15) * (일별!$A:$A < 월별!$A16), 0))} -> 0 | CO15: {=SUM(_xlfn._xlws.FILTER(일별!DA:DA, (일별!$A:$A >= 월별!$A15) * (일별!$A:$A < 월별!$A16), 0))} -> 0 | CP15: {=SUM(_xlfn._xlws.FILTER(일별!DB:DB, (일별!$A:$A >= 월별!$A15) * (일별!$A:$A < 월별!$A16), 0))} -> 0 | CQ15: {=SUM(_xlfn._xlws.FILTER(일별!DC:DC, (일별!$A:$A >= 월별!$A15) * (일별!$A:$A < 월별!$A16), 0))} -> 0 | CR15: {=SUM(_xlfn._xlws.FILTER(일별!DD:DD, (일별!$A:$A >= 월별!$A15) * (일별!$A:$A < 월별!$A16), 0))} -> 0 | CS15: {=SUM(_xlfn._xlws.FILTER(일별!DE:DE, (일별!$A:$A >= 월별!$A15) * (일별!$A:$A < 월별!$A16), 0))} -> 0 | CT15: {=SUM(_xlfn._xlws.FILTER(일별!DF:DF, (일별!$A:$A >= 월별!$A15) * (일별!$A:$A < 월별!$A16), 0))} -> 0 | CU15: {=SUM(_xlfn._xlws.FILTER(일별!DG:DG, (일별!$A:$A >= 월별!$A15) * (일별!$A:$A < 월별!$A16), 0))} -> 0 | CV15: {=SUM(_xlfn._xlws.FILTER(일별!DH:DH, (일별!$A:$A >= 월별!$A15) * (일별!$A:$A < 월별!$A16), 0))} -> 0 | CW15: {=SUM(_xlfn._xlws.FILTER(일별!DI:DI, (일별!$A:$A >= 월별!$A15) * (일별!$A:$A < 월별!$A16), 0))} -> 0 | CX15: {=SUM(_xlfn._xlws.FILTER(일별!DJ:DJ, (일별!$A:$A >= 월별!$A15) * (일별!$A:$A < 월별!$A16), 0))} -> 0 | CY15: {=SUM(_xlfn._xlws.FILTER(일별!DK:DK, (일별!$A:$A >= 월별!$A15) * (일별!$A:$A < 월별!$A16), 0))} -> 0 | CZ15: {=SUM(_xlfn._xlws.FILTER(일별!DL:DL, (일별!$A:$A >= 월별!$A15) * (일별!$A:$A < 월별!$A16), 0))} -> 0 | DA15: {=SUM(_xlfn._xlws.FILTER(일별!DM:DM, (일별!$A:$A >= 월별!$A15) * (일별!$A:$A < 월별!$A16), 0))} -> 0 | DB15: {=SUM(_xlfn._xlws.FILTER(일별!DN:DN, (일별!$A:$A >= 월별!$A15) * (일별!$A:$A < 월별!$A16), 0))} -> 0 | DC15: {=SUM(_xlfn._xlws.FILTER(일별!DO:DO, (일별!$A:$A >= 월별!$A15) * (일별!$A:$A < 월별!$A16), 0))} -> 0 | DD15: {=SUM(_xlfn._xlws.FILTER(일별!DP:DP, (일별!$A:$A >= 월별!$A15) * (일별!$A:$A < 월별!$A16), 0))} -> 0 | DE15: {=SUM(_xlfn._xlws.FILTER(일별!DQ:DQ, (일별!$A:$A >= 월별!$A15) * (일별!$A:$A < 월별!$A16), 0))} -> 0 | DF15: {=SUM(_xlfn._xlws.FILTER(일별!DR:DR, (일별!$A:$A >= 월별!$A15) * (일별!$A:$A < 월별!$A16), 0))} -> 0 | DG15: {=SUM(_xlfn._xlws.FILTER(일별!DS:DS, (일별!$A:$A >= 월별!$A15) * (일별!$A:$A < 월별!$A16), 0))} -> 0 | DH15: {=SUM(_xlfn._xlws.FILTER(일별!DT:DT, (일별!$A:$A >= 월별!$A15) * (일별!$A:$A < 월별!$A16), 0))} -> 0 | DI15: {=SUM(_xlfn._xlws.FILTER(일별!DU:DU, (일별!$A:$A >= 월별!$A15) * (일별!$A:$A < 월별!$A16), 0))} -> 0
A16: 46357 | B16: =SUMIFS(일별!$C:$C, 일별!$A:$A, ">="&월별!$A16, 일별!$A:$A, "<"&월별!$A4) -> 0 | C16: =B16/(월별!$A4 - 월별!$A16) -> 0 | D16: =SUMIFS(일별!E:E, 일별!$A:$A, ">="&월별!$A16, 일별!$A:$A, "<"&월별!$A17) -> 0 | E16: =D16/(월별!$A4 - 월별!$A16) -> 0 | F16: =SUMIFS(일별!G:G, 일별!$A:$A, ">="&월별!$A16, 일별!$A:$A, "<"&월별!$A17) -> 0 | G16: =F16/(월별!$A4 - 월별!$A16) -> 0 | H16: =D16+F16 -> 0 | I16: =E16+G16 -> 0 | J16: =SUMIFS(일별!I:I, 일별!$A:$A, ">="&월별!$A16, 일별!$A:$A, "<"&월별!$A17) -> 0 | K16: =J16/(월별!$A4 - 월별!$A16) -> 0 | L16: =SUMIFS(일별!K:K, 일별!$A:$A, ">="&월별!$A16, 일별!$A:$A, "<"&월별!$A17) -> 0 | M16: =L16/(월별!$A4 - 월별!$A16) -> 0 | N16: =SUMIFS(일별!M:M, 일별!$A:$A, ">="&월별!$A16, 일별!$A:$A, "<"&월별!$A17) -> 0 | O16: =N16/(월별!$A4 - 월별!$A16) -> 0 | P16: =SUMIFS(일별!O:O, 일별!$A:$A, ">="&월별!$A16, 일별!$A:$A, "<"&월별!$A17) -> 0 | Q16: =P16/(월별!$A4 - 월별!$A16) -> 0 | R16: =SUMIFS(일별!Q:Q, 일별!$A:$A, ">="&월별!$A16, 일별!$A:$A, "<"&월별!$A17) -> 0 | S16: =R16/(월별!$A4 - 월별!$A16) -> 0 | T16: =SUMIFS(일별!S:S, 일별!$A:$A, ">="&월별!$A16, 일별!$A:$A, "<"&월별!$A17) -> 0 | U16: =T16/(월별!$A4 - 월별!$A16) -> 0 | V16: =SUMIFS(일별!U:U, 일별!$A:$A, ">="&월별!$A16, 일별!$A:$A, "<"&월별!$A17) -> 0 | W16: =V16/(월별!$A4 - 월별!$A16) -> 0 | X16: =SUMIFS(일별!W:W, 일별!$A:$A, ">="&월별!$A16, 일별!$A:$A, "<"&월별!$A17) -> 0 | Y16: =X16/(월별!$A4 - 월별!$A16) -> 0 | Z16: =SUMIFS(일별!X:X, 일별!$A:$A, ">="&월별!$A16, 일별!$A:$A, "<"&월별!$A4) -> 0 | AA16: =SUMIFS(일별!Y:Y, 일별!$A:$A, ">="&월별!$A16, 일별!$A:$A, "<"&월별!$A4) -> 0 | AB16: =SUMIFS(일별!Z:Z, 일별!$A:$A, ">="&월별!$A16, 일별!$A:$A, "<"&월별!$A4) -> 0 | AC16: =SUMIFS(일별!AA:AA, 일별!$A:$A, ">="&월별!$A16, 일별!$A:$A, "<"&월별!$A4) -> 0 | AD16: =SUMIFS(일별!AB:AB, 일별!$A:$A, ">="&월별!$A16, 일별!$A:$A, "<"&월별!$A4) -> 0 | AE16: =SUMIFS(일별!AC:AC, 일별!$A:$A, ">="&월별!$A16, 일별!$A:$A, "<"&월별!$A4) -> 0 | AF16: =SUMIFS(일별!AD:AD, 일별!$A:$A, ">="&월별!$A16, 일별!$A:$A, "<"&월별!$A4) -> 0 | AG16: =SUMIFS(일별!AE:AE, 일별!$A:$A, ">="&월별!$A16, 일별!$A:$A, "<"&월별!$A4) -> 0 | AH16: =SUMIFS(일별!AF:AF, 일별!$A:$A, ">="&월별!$A16, 일별!$A:$A, "<"&월별!$A4) -> 0 | AI16: =SUMIFS(일별!AG:AG, 일별!$A:$A, ">="&월별!$A16, 일별!$A:$A, "<"&월별!$A4) -> 0 | AJ16: =SUMIFS(일별!AX:AX, 일별!$A:$A, ">="&월별!$A16, 일별!$A:$A, "<"&월별!$A4) -> 0 | AK16: =SUMIFS(일별!AY:AY, 일별!$A:$A, ">="&월별!$A16, 일별!$A:$A, "<"&월별!$A4) -> 0 | AL16: =SUMIFS(일별!AZ:AZ, 일별!$A:$A, ">="&월별!$A16, 일별!$A:$A, "<"&월별!$A4) -> 0 | AM16: =SUMIFS(일별!BA:BA, 일별!$A:$A, ">="&월별!$A16, 일별!$A:$A, "<"&월별!$A4) -> 0 | AN16: =SUMIFS(일별!BB:BB, 일별!$A:$A, ">="&월별!$A16, 일별!$A:$A, "<"&월별!$A4) -> 0 | AO16: =SUMIFS(일별!BC:BC, 일별!$A:$A, ">="&월별!$A16, 일별!$A:$A, "<"&월별!$A4) -> 0 | AP16: {=SUM(_xlfn._xlws.FILTER(일별!BH:CC, (일별!$A:$A >= 월별!$A16) * (일별!$A:$A < $A4), 0))} -> 0 | AQ16: =AP16/($A4 - 월별!$A16) -> 0 | AR16: {=SUM(_xlfn._xlws.FILTER(일별!CD:CY, (일별!$A:$A >= 월별!$A16) * (일별!$A:$A < $A4), 0))} -> 0 | AS16: =AR16/($A4 - 월별!$A16) -> 0 | AT16: {=SUM(_xlfn._xlws.FILTER(일별!CZ:DU, (일별!$A:$A >= 월별!$A16) * (일별!$A:$A < 월별!$A17), 0))} -> 0 | AU16: =AT16/($A4 - 월별!$A16) -> 0 | AV16: {=SUM(_xlfn._xlws.FILTER(일별!BH:BH, (일별!$A:$A >= 월별!$A16) * (일별!$A:$A < 월별!$A17), 0))} -> 0 | AW16: {=SUM(_xlfn._xlws.FILTER(일별!BI:BI, (일별!$A:$A >= 월별!$A16) * (일별!$A:$A < 월별!$A17), 0))} -> 0 | AX16: {=SUM(_xlfn._xlws.FILTER(일별!BJ:BJ, (일별!$A:$A >= 월별!$A16) * (일별!$A:$A < 월별!$A17), 0))} -> 0 | AY16: {=SUM(_xlfn._xlws.FILTER(일별!BK:BK, (일별!$A:$A >= 월별!$A16) * (일별!$A:$A < 월별!$A17), 0))} -> 0 | AZ16: {=SUM(_xlfn._xlws.FILTER(일별!BL:BL, (일별!$A:$A >= 월별!$A16) * (일별!$A:$A < 월별!$A17), 0))} -> 0 | BA16: {=SUM(_xlfn._xlws.FILTER(일별!BM:BM, (일별!$A:$A >= 월별!$A16) * (일별!$A:$A < 월별!$A17), 0))} -> 0 | BB16: {=SUM(_xlfn._xlws.FILTER(일별!BN:BN, (일별!$A:$A >= 월별!$A16) * (일별!$A:$A < 월별!$A17), 0))} -> 0 | BC16: {=SUM(_xlfn._xlws.FILTER(일별!BO:BO, (일별!$A:$A >= 월별!$A16) * (일별!$A:$A < 월별!$A17), 0))} -> 0 | BD16: {=SUM(_xlfn._xlws.FILTER(일별!BP:BP, (일별!$A:$A >= 월별!$A16) * (일별!$A:$A < 월별!$A17), 0))} -> 0 | BE16: {=SUM(_xlfn._xlws.FILTER(일별!BQ:BQ, (일별!$A:$A >= 월별!$A16) * (일별!$A:$A < 월별!$A17), 0))} -> 0 | BF16: {=SUM(_xlfn._xlws.FILTER(일별!BR:BR, (일별!$A:$A >= 월별!$A16) * (일별!$A:$A < 월별!$A17), 0))} -> 0 | BG16: {=SUM(_xlfn._xlws.FILTER(일별!BS:BS, (일별!$A:$A >= 월별!$A16) * (일별!$A:$A < 월별!$A17), 0))} -> 0 | BH16: {=SUM(_xlfn._xlws.FILTER(일별!BT:BT, (일별!$A:$A >= 월별!$A16) * (일별!$A:$A < 월별!$A17), 0))} -> 0 | BI16: {=SUM(_xlfn._xlws.FILTER(일별!BU:BU, (일별!$A:$A >= 월별!$A16) * (일별!$A:$A < 월별!$A17), 0))} -> 0 | BJ16: {=SUM(_xlfn._xlws.FILTER(일별!BV:BV, (일별!$A:$A >= 월별!$A16) * (일별!$A:$A < 월별!$A17), 0))} -> 0 | BK16: {=SUM(_xlfn._xlws.FILTER(일별!BW:BW, (일별!$A:$A >= 월별!$A16) * (일별!$A:$A < 월별!$A17), 0))} -> 0 | BL16: {=SUM(_xlfn._xlws.FILTER(일별!BX:BX, (일별!$A:$A >= 월별!$A16) * (일별!$A:$A < 월별!$A17), 0))} -> 0 | BM16: {=SUM(_xlfn._xlws.FILTER(일별!BY:BY, (일별!$A:$A >= 월별!$A16) * (일별!$A:$A < 월별!$A17), 0))} -> 0 | BN16: {=SUM(_xlfn._xlws.FILTER(일별!BZ:BZ, (일별!$A:$A >= 월별!$A16) * (일별!$A:$A < 월별!$A17), 0))} -> 0 | BO16: {=SUM(_xlfn._xlws.FILTER(일별!CA:CA, (일별!$A:$A >= 월별!$A16) * (일별!$A:$A < 월별!$A17), 0))} -> 0 | BP16: {=SUM(_xlfn._xlws.FILTER(일별!CB:CB, (일별!$A:$A >= 월별!$A16) * (일별!$A:$A < 월별!$A17), 0))} -> 0 | BQ16: {=SUM(_xlfn._xlws.FILTER(일별!CC:CC, (일별!$A:$A >= 월별!$A16) * (일별!$A:$A < 월별!$A17), 0))} -> 0 | BR16: {=SUM(_xlfn._xlws.FILTER(일별!CD:CD, (일별!$A:$A >= 월별!$A16) * (일별!$A:$A < 월별!$A17), 0))} -> 0 | BS16: {=SUM(_xlfn._xlws.FILTER(일별!CE:CE, (일별!$A:$A >= 월별!$A16) * (일별!$A:$A < 월별!$A17), 0))} -> 0 | BT16: {=SUM(_xlfn._xlws.FILTER(일별!CF:CF, (일별!$A:$A >= 월별!$A16) * (일별!$A:$A < 월별!$A17), 0))} -> 0 | BU16: {=SUM(_xlfn._xlws.FILTER(일별!CG:CG, (일별!$A:$A >= 월별!$A16) * (일별!$A:$A < 월별!$A17), 0))} -> 0 | BV16: {=SUM(_xlfn._xlws.FILTER(일별!CH:CH, (일별!$A:$A >= 월별!$A16) * (일별!$A:$A < 월별!$A17), 0))} -> 0 | BW16: {=SUM(_xlfn._xlws.FILTER(일별!CI:CI, (일별!$A:$A >= 월별!$A16) * (일별!$A:$A < 월별!$A17), 0))} -> 0 | BX16: {=SUM(_xlfn._xlws.FILTER(일별!CJ:CJ, (일별!$A:$A >= 월별!$A16) * (일별!$A:$A < 월별!$A17), 0))} -> 0 | BY16: {=SUM(_xlfn._xlws.FILTER(일별!CK:CK, (일별!$A:$A >= 월별!$A16) * (일별!$A:$A < 월별!$A17), 0))} -> 0 | BZ16: {=SUM(_xlfn._xlws.FILTER(일별!CL:CL, (일별!$A:$A >= 월별!$A16) * (일별!$A:$A < 월별!$A17), 0))} -> 0 | CA16: {=SUM(_xlfn._xlws.FILTER(일별!CM:CM, (일별!$A:$A >= 월별!$A16) * (일별!$A:$A < 월별!$A17), 0))} -> 0 | CB16: {=SUM(_xlfn._xlws.FILTER(일별!CN:CN, (일별!$A:$A >= 월별!$A16) * (일별!$A:$A < 월별!$A17), 0))} -> 0 | CC16: {=SUM(_xlfn._xlws.FILTER(일별!CO:CO, (일별!$A:$A >= 월별!$A16) * (일별!$A:$A < 월별!$A17), 0))} -> 0 | CD16: {=SUM(_xlfn._xlws.FILTER(일별!CP:CP, (일별!$A:$A >= 월별!$A16) * (일별!$A:$A < 월별!$A17), 0))} -> 0 | CE16: {=SUM(_xlfn._xlws.FILTER(일별!CQ:CQ, (일별!$A:$A >= 월별!$A16) * (일별!$A:$A < 월별!$A17), 0))} -> 0 | CF16: {=SUM(_xlfn._xlws.FILTER(일별!CR:CR, (일별!$A:$A >= 월별!$A16) * (일별!$A:$A < 월별!$A17), 0))} -> 0 | CG16: {=SUM(_xlfn._xlws.FILTER(일별!CS:CS, (일별!$A:$A >= 월별!$A16) * (일별!$A:$A < 월별!$A17), 0))} -> 0 | CH16: {=SUM(_xlfn._xlws.FILTER(일별!CT:CT, (일별!$A:$A >= 월별!$A16) * (일별!$A:$A < 월별!$A17), 0))} -> 0 | CI16: {=SUM(_xlfn._xlws.FILTER(일별!CU:CU, (일별!$A:$A >= 월별!$A16) * (일별!$A:$A < 월별!$A17), 0))} -> 0 | CJ16: {=SUM(_xlfn._xlws.FILTER(일별!CV:CV, (일별!$A:$A >= 월별!$A16) * (일별!$A:$A < 월별!$A17), 0))} -> 0 | CK16: {=SUM(_xlfn._xlws.FILTER(일별!CW:CW, (일별!$A:$A >= 월별!$A16) * (일별!$A:$A < 월별!$A17), 0))} -> 0 | CL16: {=SUM(_xlfn._xlws.FILTER(일별!CX:CX, (일별!$A:$A >= 월별!$A16) * (일별!$A:$A < 월별!$A17), 0))} -> 0 | CM16: {=SUM(_xlfn._xlws.FILTER(일별!CY:CY, (일별!$A:$A >= 월별!$A16) * (일별!$A:$A < 월별!$A17), 0))} -> 0 | CN16: {=SUM(_xlfn._xlws.FILTER(일별!CZ:CZ, (일별!$A:$A >= 월별!$A16) * (일별!$A:$A < 월별!$A17), 0))} -> 0 | CO16: {=SUM(_xlfn._xlws.FILTER(일별!DA:DA, (일별!$A:$A >= 월별!$A16) * (일별!$A:$A < 월별!$A17), 0))} -> 0 | CP16: {=SUM(_xlfn._xlws.FILTER(일별!DB:DB, (일별!$A:$A >= 월별!$A16) * (일별!$A:$A < 월별!$A17), 0))} -> 0 | CQ16: {=SUM(_xlfn._xlws.FILTER(일별!DC:DC, (일별!$A:$A >= 월별!$A16) * (일별!$A:$A < 월별!$A17), 0))} -> 0 | CR16: {=SUM(_xlfn._xlws.FILTER(일별!DD:DD, (일별!$A:$A >= 월별!$A16) * (일별!$A:$A < 월별!$A17), 0))} -> 0 | CS16: {=SUM(_xlfn._xlws.FILTER(일별!DE:DE, (일별!$A:$A >= 월별!$A16) * (일별!$A:$A < 월별!$A17), 0))} -> 0 | CT16: {=SUM(_xlfn._xlws.FILTER(일별!DF:DF, (일별!$A:$A >= 월별!$A16) * (일별!$A:$A < 월별!$A17), 0))} -> 0 | CU16: {=SUM(_xlfn._xlws.FILTER(일별!DG:DG, (일별!$A:$A >= 월별!$A16) * (일별!$A:$A < 월별!$A17), 0))} -> 0 | CV16: {=SUM(_xlfn._xlws.FILTER(일별!DH:DH, (일별!$A:$A >= 월별!$A16) * (일별!$A:$A < 월별!$A17), 0))} -> 0 | CW16: {=SUM(_xlfn._xlws.FILTER(일별!DI:DI, (일별!$A:$A >= 월별!$A16) * (일별!$A:$A < 월별!$A17), 0))} -> 0 | CX16: {=SUM(_xlfn._xlws.FILTER(일별!DJ:DJ, (일별!$A:$A >= 월별!$A16) * (일별!$A:$A < 월별!$A17), 0))} -> 0 | CY16: {=SUM(_xlfn._xlws.FILTER(일별!DK:DK, (일별!$A:$A >= 월별!$A16) * (일별!$A:$A < 월별!$A17), 0))} -> 0 | CZ16: {=SUM(_xlfn._xlws.FILTER(일별!DL:DL, (일별!$A:$A >= 월별!$A16) * (일별!$A:$A < 월별!$A17), 0))} -> 0 | DA16: {=SUM(_xlfn._xlws.FILTER(일별!DM:DM, (일별!$A:$A >= 월별!$A16) * (일별!$A:$A < 월별!$A17), 0))} -> 0 | DB16: {=SUM(_xlfn._xlws.FILTER(일별!DN:DN, (일별!$A:$A >= 월별!$A16) * (일별!$A:$A < 월별!$A17), 0))} -> 0 | DC16: {=SUM(_xlfn._xlws.FILTER(일별!DO:DO, (일별!$A:$A >= 월별!$A16) * (일별!$A:$A < 월별!$A17), 0))} -> 0 | DD16: {=SUM(_xlfn._xlws.FILTER(일별!DP:DP, (일별!$A:$A >= 월별!$A16) * (일별!$A:$A < 월별!$A17), 0))} -> 0 | DE16: {=SUM(_xlfn._xlws.FILTER(일별!DQ:DQ, (일별!$A:$A >= 월별!$A16) * (일별!$A:$A < 월별!$A17), 0))} -> 0 | DF16: {=SUM(_xlfn._xlws.FILTER(일별!DR:DR, (일별!$A:$A >= 월별!$A16) * (일별!$A:$A < 월별!$A17), 0))} -> 0 | DG16: {=SUM(_xlfn._xlws.FILTER(일별!DS:DS, (일별!$A:$A >= 월별!$A16) * (일별!$A:$A < 월별!$A17), 0))} -> 0 | DH16: {=SUM(_xlfn._xlws.FILTER(일별!DT:DT, (일별!$A:$A >= 월별!$A16) * (일별!$A:$A < 월별!$A17), 0))} -> 0 | DI16: {=SUM(_xlfn._xlws.FILTER(일별!DU:DU, (일별!$A:$A >= 월별!$A16) * (일별!$A:$A < 월별!$A17), 0))} -> 0
A17: 計 | B17: =SUM(B5:B16) -> 0 | C17: =AVERAGE(C5:C16) -> 0 | D17: =SUM(D5:D16) -> 3028 | E17: =AVERAGE(E5:E16) -> 8.4393113 | F17: =SUM(F5:F16) -> 2429 | G17: =AVERAGE(G5:G16) -> 6.7762289 | H17: =SUM(H5:H16) -> 5457 | I17: =AVERAGE(I5:I16) -> 15.21554 | J17: =SUM(J5:J16) -> 388.45 | K17: =AVERAGE(K5:K16) -> 1.0781791 | L17: =SUM(L5:L16) -> 1289.26 | M17: =AVERAGE(M5:M16) -> 3.6010507 | N17: =SUM(N5:N16) -> 83.2 | O17: =AVERAGE(O5:O16) -> 0.23142473 | P17: =SUM(P5:P16) -> 9381 | Q17: =AVERAGE(Q5:Q16) -> 26.082712 | R17: =SUM(R5:R16) -> 12550 | S17: =AVERAGE(S5:S16) -> 34.949002 | T17: =SUM(T5:T16) -> 0.5 | U17: =AVERAGE(U5:U16) -> 0.0016542499 | V17: =SUM(V5:V16) -> 0.48 | W17: =AVERAGE(W5:W16) -> 0.0014823349 | X17: =SUM(X5:X16) -> -302 | Y17: =AVERAGE(Y5:Y16) -> -0.90068484 | Z17: =SUM(Z5:Z16) -> 10988127 | AA17: =SUM(AA5:AA16) -> 262388.45 | AB17: =SUM(AB5:AB16) -> 0 | AC17: =SUM(AC5:AC16) -> 0 | AD17: =SUM(AD5:AD16) -> 0 | AE17: =SUM(AE5:AE16) -> 262388.45 | AF17: =SUM(AF5:AF16) -> 1427 | AG17: =SUM(AG5:AG16) -> 47 | ... AP17: =SUM(AP5:AP16) -> 22862.833 | AQ17: =AVERAGE(AQ5:AQ16) -> 65.586774 | AR17: =SUM(AR5:AR16) -> #N/A | AS17: =AVERAGE(AS5:AS16) -> #N/A | AT17: =SUM(AT5:AT16) -> 5931.432 | AU17: =AVERAGE(AU5:AU16) -> 17.653071 | AV17: =AVERAGE(AV5:AV16) -> 93.5 | AW17: =AVERAGE(AW5:AW16) -> 85.958333 | AX17: =AVERAGE(AX5:AX16) -> 93.5 | AY17: =AVERAGE(AY5:AY16) -> 93.5 | AZ17: =AVERAGE(AZ5:AZ16) -> 93.5 | BA17: =AVERAGE(BA5:BA16) -> 93.5 | BB17: =AVERAGE(BB5:BB16) -> 93.5 | ... DI17: =AVERAGE(DI5:DI16) -> 21.602417

Sheet 일일
A1: 2026
A2: =TODAY()-2 -> 46118 | I2: 가동 현황
B4: 용수사용량 | I4: CHP | Q4: 금일 : | R4: 검정
B5: 시수 | C5: =일별!Q2 -> 17 | D5: 생황용수 | E5: =일별!I2 -> 9 | F5: 1차냉각수 | G5: =일별!K2 -> 11 | I5: 가동시간 | J5: =일별!AD2 -> 30 | K5: LNG 사용량 | L5: =일별!X2 -> 24 | M5: 열생산량 | N5: =일별!AX2 -> 50 | O5: 부하율 | P5: 45 | Q5: 작일 : | R5: 회색
B6: =VLOOKUP($A$2,일별!$A$5:$BG$370,C5,0) -> 76 | C6: =B6-B7 -> 10 | D6: =VLOOKUP($A$2,일별!$A$5:$BG$370,E5,0) -> 3.86 | E6: =D6-D7 -> 2.06 | F6: =VLOOKUP($A$2,일별!$A$5:$BG$370,G5,0) -> 0.55 | G6: =F6-F7 -> -0.11 | I6: =VLOOKUP($A$2,일별!$A$5:$BG$370,J5,0) -> 0 | J6: =I6-I7 -> -1 | K6: =VLOOKUP($A$2,일별!$A$5:$BG$370,L5,0) -> 831.86 | L6: =K6-K7 -> 339.53 | M6: =VLOOKUP($A$2,일별!$A$5:$BG$370,N5,0) -> 0 | N6: =M6-M7 -> 0 | O6: =VLOOKUP($A$2,일별!$A$5:$BG$370,P5,0) -> 0
B7: =VLOOKUP($A$2-1,일별!$A$5:$BG$370,C5,0) -> 66 | D7: =VLOOKUP($A$2-1,일별!$A$5:$BG$370,E5,0) -> 1.8 | F7: =VLOOKUP($A$2-1,일별!$A$5:$BG$370,G5,0) -> 0.66 | I7: =VLOOKUP($A$2-1,일별!$A$5:$BG$370,J5,0) -> 1 | K7: =VLOOKUP($A$2-1,일별!$A$5:$BG$370,L5,0) -> 492.33 | M7: =VLOOKUP($A$2-1,일별!$A$5:$BG$370,N5,0) -> 0 | O7: =VLOOKUP($A$2-1,일별!$A$5:$BG$370,P5,0) -> 0
B9: 순수탱크 | D9: 순수제조량 | I9: PLB#1
B10: LIT | C10: =일별!W2 -> 23 | D10: A | E10: =일별!E2 -> 5 | F10: B | G10: =일별!G2 -> 7 | I10: 가동시간 | J10: =일별!AE2 -> 31 | K10: LNG 사용량 | L10: =일별!Y2 -> 25 | M10: 열생산량 | N10: =일별!AY2 -> 51 | O10: 부하율 | P10: 47
B11: =VLOOKUP($A$2,일별!$A$5:$BG$370,C10,0) -> 131 | C11: =B11-B12 -> 74 | D11: =VLOOKUP($A$2,일별!$A$5:$BG$370,E10,0) -> 13 | E11: =D11-D12 -> 0 | F11: =VLOOKUP($A$2,일별!$A$5:$BG$370,G10,0) -> 27 | G11: =F11-F12 -> 27 | I11: =VLOOKUP($A$2,일별!$A$5:$BG$370,J10,0) -> 0 | J11: =I11-I12 -> 0 | K11: =VLOOKUP($A$2,일별!$A$5:$BG$370,L10,0) -> 0 | L11: =K11-K12 -> 0 | M11: =VLOOKUP($A$2,일별!$A$5:$BG$370,N10,0) -> 0 | N11: =M11-M12 -> 0 | O11: =VLOOKUP($A$2,일별!$A$5:$BG$370,P10,0) -> 0
B12: =VLOOKUP($A$2-1,일별!$A$5:$BG$370,C10,0) -> 57 | D12: =VLOOKUP($A$2-1,일별!$A$5:$BG$370,E10,0) -> 13 | F12: =VLOOKUP($A$2-1,일별!$A$5:$BG$370,G10,0) -> 0 | I12: =VLOOKUP($A$2-1,일별!$A$5:$BG$370,J10,0) -> 0 | K12: =VLOOKUP($A$2-1,일별!$A$5:$BG$370,L10,0) -> 0 | M12: =VLOOKUP($A$2-1,일별!$A$5:$BG$370,N10,0) -> 0 | O12: =VLOOKUP($A$2-1,일별!$A$5:$BG$370,P10,0) -> 0
B14: 폐수처리 | I14: PLB#2
B15: 방류수 | C15: =일별!O2 -> 15 | D15: 전력량 | E15: =일별!M2 -> 13 | I15: 가동시간 | J15: =일별!AF2 -> 32 | K15: LNG 사용량 | L15: =일별!Z2 -> 26 | M15: 열생산량 | O15: 부하율
B16: =VLOOKUP($A$2,일별!$A$5:$BG$370,C15,0) -> 74 | C16: =B16-B17 -> 74 | D16: =VLOOKUP($A$2,일별!$A$5:$BG$370,E15,0) -> 0.8 | E16: =D16-D17 -> 0.4 | I16: =VLOOKUP($A$2,일별!$A$5:$BG$370,J15,0) -> 0 | K16: =VLOOKUP($A$2,일별!$A$5:$BG$370,L15,0) -> 0 | M16: - | O16: -
B17: =VLOOKUP($A$2-1,일별!$A$5:$BG$370,C15,0) -> 0 | D17: =VLOOKUP($A$2-1,일별!$A$5:$BG$370,E15,0) -> 0.4 | I17: =VLOOKUP($A$2-1,일별!$A$5:$BG$370,J15,0) -> 0 | K17: =VLOOKUP($A$2-1,일별!$A$5:$BG$370,L15,0) -> 0 | M17: - | O17: -
B19: ACC | I19: PLB#3
B20: WIT | C20: =일별!T2 -> 20 | D20: LIT | E20: =일별!R2 -> 18 | F20: 충수량 | G20: =일별!C2 -> 3 | I20: 가동시간 | J20: =일별!AG2 -> 33 | K20: LNG 사용량 | L20: =일별!AA2 -> 27 | M20: 열생산량 | N20: 40 | O20: 부하율
B21: =VLOOKUP($A$2,일별!$A$5:$BG$370,C20,0) -> 33.44 | C21: =B21-B22 -> 0.02 | D21: =VLOOKUP($A$2,일별!$A$5:$BG$370,E20,0) -> 33.81 | E21: =D21-D22 -> 0.04 | F21: =VLOOKUP($A$2,일별!$A$5:$BG$370,G20,0) -> 0 | G21: =F21-F22 -> 0 | I21: =VLOOKUP($A$2,일별!$A$5:$BG$370,J20,0) -> 0 | K21: =VLOOKUP($A$2,일별!$A$5:$BG$370,L20,0) -> 0 | M21: - | O21: -
B22: =VLOOKUP($A$2-1,일별!$A$5:$BG$370,C20,0) -> 33.42 | D22: =VLOOKUP($A$2-1,일별!$A$5:$BG$370,E20,0) -> 33.77 | F22: =VLOOKUP($A$2-1,일별!$A$5:$BG$370,G20,0) -> 0 | I22: =VLOOKUP($A$2-1,일별!$A$5:$BG$370,J20,0) -> 0 | K22: =VLOOKUP($A$2-1,일별!$A$5:$BG$370,L20,0) -> 0 | M22: - | O22: -

Sheet 일별
A2: 1 | B2: 2 | C2: 3 | D2: 4 | E2: 5 | F2: 6 | G2: 7 | H2: 8 | I2: 9 | J2: 10 | K2: 11 | L2: 12 | M2: 13 | N2: 14 | O2: 15 | P2: 16 | Q2: 17 | R2: 18 | S2: 19 | T2: 20 | U2: 21 | V2: 22 | W2: 23 | X2: 24 | Y2: 25 | Z2: 26 | AA2: 27 | AB2: 28 | AC2: 29 | AD2: 30 | AE2: 31 | AF2: 32 | AG2: 33 | AH2: 34 | AI2: 35 | AJ2: 36 | AK2: 37 | AL2: 38 | AM2: 39 | AN2: 40 | AO2: 41 | AP2: 42 | AQ2: 43 | AR2: 44 | AS2: 45 | AT2: 46 | AU2: 47 | AV2: 48 | AW2: 49 | AX2: 50 | AY2: 51 | AZ2: 52 | BA2: 53 | BB2: 54 | BC2: 55 | BD2: 56 | BE2: 57 | BF2: 58 | BG2: 59 | BH2: 60 | BI2: 61 | BJ2: 62 | BK2: 63 | BL2: 64 | BM2: 65 | BN2: 66 | BO2: 67 | BP2: 68 | BQ2: 69 | BR2: 70 | BS2: 71 | BT2: 72 | BU2: 73 | BV2: 74 | BW2: 75 | BX2: 76 | BY2: 77 | BZ2: 78 | CA2: 79 | CB2: 80 | CC2: 81 | CD2: 82 | CE2: 83 | CF2: 84 | CG2: 85 | CH2: 86 | CI2: 87 | CJ2: 88 | CK2: 89 | CL2: 90 | CM2: 91 | CN2: 92 | CO2: 93 | CP2: 94 | CQ2: 95 | CR2: 96 | CS2: 97 | CT2: 98 | CU2: 99 | CV2: 100 | CW2: 101 | CX2: 102 | CY2: 103 | CZ2: 104 | DA2: 105 | DB2: 106 | DC2: 107 | DD2: 108 | DE2: 109 | DF2: 110 | DG2: 111 | DH2: 112 | DI2: 113 | DJ2: 114 | DK2: 115 | DL2: 116 | DM2: 117 | DN2: 118 | DO2: 119 | DP2: 120 | DQ2: 121 | DR2: 122 | DS2: 123 | DT2: 124 | DU2: 125
A3: 단위 | B3: ㎥/d | D3: ㎥/d | F3: ㎥/d | H3: ㎥/d | J3: ㎥/d | L3: kWh | N3: ㎥/d | P3: ㎥Σ | R3: m | T3: m | V3: mm | X3: LNG사용량 | AD3: 운전시간(운전실적 기준) | AH3: 운전시간(가동시간 기준) | AL3: 가동시간 (기입!) | AX3: 생산량 | BD3: 시간당 생산량 | BH3: 가동시간 | CD3: 연료사용량 | CZ3: 발전량(Trend) kw | DV3: 합계
A4: 구분 | B4: ACC 충수 | D4: A Train 생산 | F4: B Train 생산 | H4: 생활용수 | J4: 1차 냉각수 | L4: 폐수 전력 | N4: 방류수 | P4: 용수사용량 | R4: ACC LIT | T4: ACC WIT | V4: 순수 LIT | X4: W_CHP(사용량) | Y4: #1 PLB(L) | Z4: #2 PLB(L) | AA4: #3 PLB(L) | AB4: PLB가스 사용량오차 | AC4: W_PLB(사용량) | AD4: 주보일러 | AE4: PLB#1 | AF4: PLB#2 | AG4: PLB#3 | AH4: 주보일러 | AI4: PLB#1 | AJ4: PLB#2 | AK4: PLB#3 | AL4: 주보일러 | AR4: PLB#1 | AT4: PLB#2 | AV4: PLB#3 | AX4: W_CHP(H생산) | AY4: #1 PLB | AZ4: #2 PLB | BA4: #3 PLB | BB4: W_PLB(H생산) | BC4: 자체생산 | BD4: CHP | BE4: 51.39 | BF4: PLB | BG4: 68.8 | BH4: FC#1 | BI4: FC#2 | BJ4: FC#3 | BK4: FC#4 | BL4: FC#5 | BM4: FC#6 | BN4: FC#7 | BO4: FC#8 | BP4: FC#9 | BQ4: FC#10 | BR4: FC#11 | BS4: FC#12 | BT4: FC#13 | BU4: FC#14 | BV4: FC#15 | BW4: FC#16 | BX4: FC#17 | BY4: FC#18 | BZ4: FC#19 | CA4: FC#20 | CB4: FC#21 | CC4: FC#22 | CD4: FC1 | CE4: FC2 | CF4: FC3 | CG4: FC4 | CH4: FC5 | CI4: FC6 | CJ4: FC7 | CK4: FC8 | CL4: FC9 | CM4: FC10 | CN4: FC11 | CO4: FC12 | CP4: FC13 | CQ4: FC14 | CR4: FC15 | CS4: FC16 | CT4: FC17 | CU4: FC18 | CV4: FC19 | CW4: FC20 | CX4: FC21 | CY4: FC22 | CZ4: FC1 | DA4: FC2 | DB4: FC3 | DC4: FC4 | DD4: FC5 | DE4: FC6 | DF4: FC7 | DG4: FC8 | DH4: FC9 | DI4: FC10 | DJ4: FC11 | DK4: FC12 | DL4: FC13 | DM4: FC14 | DN4: FC15 | DO4: FC16 | DP4: FC17 | DQ4: FC18 | DR4: FC19 | DS4: FC20 | DT4: FC21 | DU4: FC22
A5: 46022 | B5: =운전실적_원본!B5 -> 651.2 | D5: =운전실적_원본!C5 -> 247667 | F5: =운전실적_원본!D5 -> 239580 | H5: =운전실적_원본!E5 -> 17003.9 | J5: =운전실적_원본!F5 -> 14269.93 | L5: =운전실적_원본!G5 -> 4034.1 | N5: =운전실적_원본!H5 -> 32935 | P5: =운전실적_원본!I5 -> 14730 | R5: =운전실적_원본!J5 -> 33.53 | T5: =운전실적_원본!K5 -> 33.04 | V5: =운전실적_원본!L5 -> 8039 | X5: =운전실적_원본!M5 -> 193789.62 | Y5: =운전실적_원본!N5 -> 0 | Z5: =운전실적_원본!O5 -> 0 | AA5: =운전실적_원본!P5 -> 0 | AB5: =운전실적_원본!Q5 -> 0 | AC5: =운전실적_원본!R5 -> 0 | AH5: =((AM5-AL5)+(AO5-AN5)+(AQ5-AP5))*24 -> 24 | AI5: =(AS5-AR5)*24 -> 0 | AJ5: =운전실적_원본!Y5 -> 0 | AK5: =운전실적_원본!Z5 -> 0 | AL5: 46022 | AM5: =AL6 -> 46023 | AX5: =운전실적_원본!W5 -> 0 | AY5: =운전실적_원본!X5 -> 0 | AZ5: =운전실적_원본!Y5 -> 0 | BA5: =운전실적_원본!Z5 -> 0 | BB5: =운전실적_원본!AA5 -> 0 | BC5: =운전실적_원본!AB5 -> 0 | BD5: =IFERROR(AX5/AD6,"-") -> 0 | BE5: =IFERROR(BD5/$BE$4,"-") -> 0 | BF5: =IFERROR(BB5/AE6,"-") -> - | BG5: =IFERROR(BF5/$BG$4,"-") -> -
A6: 46023 | B6: =운전실적_원본!B6 -> 651.2 | C6: =B6-B5 -> 0 | D6: =운전실적_원본!C6 -> 247711 | E6: =D6-D5 -> 44 | F6: =운전실적_원본!D6 -> 239580 | G6: =F6-F5 -> 0 | H6: =운전실적_원본!E6 -> 17009.24 | I6: =H6-H5 -> 5.34 | J6: =운전실적_원본!F6 -> 14288.95 | K6: =J6-J5 -> 19.02 | L6: =운전실적_원본!G6 -> 4034.7 | M6: =L6-L5 -> 0.6 | N6: =운전실적_원본!H6 -> 33008 | O6: =N6-N5 -> 73 | P6: =운전실적_원본!I6 -> 14863 | Q6: =P6-P5 -> 133 | R6: =운전실적_원본!J6 -> 33.44 | S6: =R6-R5 -> -0.09 | T6: =운전실적_원본!K6 -> 33.1 | U6: =T6-T5 -> 0.06 | V6: =운전실적_원본!L6 -> 7998 | W6: =V6-V5 -> -41 | X6: =운전실적_원본!M6 -> 198819.31 | Y6: =운전실적_원본!N6 -> 11207.58 | Z6: =운전실적_원본!O6 -> 0 | AA6: =운전실적_원본!P6 -> 0 | AB6: =운전실적_원본!Q6 -> 0 | AC6: =운전실적_원본!R6 -> 11207.58 | AD6: =운전실적_원본!S6 -> 24 | AE6: =운전실적_원본!T6 -> 0 | ... AG6: =운전실적_원본!V6 -> 0 | AH6: =((AM6-AL6)+(AO6-AN6)+(AQ6-AP6))*24 -> 24 | AI6: =(AS6-AR6)*24 -> 0 | AJ6: =운전실적_원본!Y6 -> 0 | AK6: =운전실적_원본!Z6 -> 0 | AL6: 46023 | AM6: =AL7 -> 46024 | AX6: =운전실적_원본!W6 -> 1223 | AY6: =운전실적_원본!X6 -> 0 | AZ6: =운전실적_원본!Y6 -> 0 | BA6: =운전실적_원본!Z6 -> 0 | BB6: =운전실적_원본!AA6 -> 0 | BC6: =운전실적_원본!AB6 -> 1223 | BD6: =IFERROR(AX6/#REF!,"-") -> - | BE6: =IFERROR(BD6/$BE$4,"-") -> - | BF6: =IFERROR(BB6/#REF!,"-") -> - | BG6: =IFERROR(BF6/$BG$4,"-") -> - | BH6: =INDEX(연료전지_원본!$A$4:$KY$369,MATCH($A6,연료전지_원본!$A$4:$A$369,0),MATCH($BH$4,연료전지_원본!$A$4:$KY$4,0)) -> 0 | BI6: =INDEX(연료전지_원본!$A$4:$KY$369,MATCH($A6,연료전지_원본!$A$4:$A$369,0),MATCH($BI$4,연료전지_원본!$A$4:$KY$4,0)) -> 0 | BJ6: =INDEX(연료전지_원본!$A$4:$KY$369,MATCH($A6,연료전지_원본!$A$4:$A$369,0),MATCH($BJ$4,연료전지_원본!$A$4:$KY$4,0)) -> 0 | BK6: =INDEX(연료전지_원본!$A$4:$KY$369,MATCH($A6,연료전지_원본!$A$4:$A$369,0),MATCH($BK$4,연료전지_원본!$A$4:$KY$4,0)) -> 0 | BL6: =INDEX(연료전지_원본!$A$4:$KY$369,MATCH($A6,연료전지_원본!$A$4:$A$369,0),MATCH($BL$4,연료전지_원본!$A$4:$KY$4,0)) -> 0 | BM6: =INDEX(연료전지_원본!$A$4:$KY$369,MATCH($A6,연료전지_원본!$A$4:$A$369,0),MATCH($BM$4,연료전지_원본!$A$4:$KY$4,0)) -> 0 | BN6: =INDEX(연료전지_원본!$A$4:$KY$369,MATCH($A6,연료전지_원본!$A$4:$A$369,0),MATCH($BN$4,연료전지_원본!$A$4:$KY$4,0)) -> 0 | BO6: =INDEX(연료전지_원본!$A$4:$KY$369,MATCH($A6,연료전지_원본!$A$4:$A$369,0),MATCH($BO$4,연료전지_원본!$A$4:$KY$4,0)) -> 0 | BP6: =INDEX(연료전지_원본!$A$4:$KY$369,MATCH($A6,연료전지_원본!$A$4:$A$369,0),MATCH($BP$4,연료전지_원본!$A$4:$KY$4,0)) -> 0 | BQ6: =INDEX(연료전지_원본!$A$4:$KY$369,MATCH($A6,연료전지_원본!$A$4:$A$369,0),MATCH($BQ$4,연료전지_원본!$A$4:$KY$4,0)) -> 0 | BR6: =INDEX(연료전지_원본!$A$4:$KY$369,MATCH($A6,연료전지_원본!$A$4:$A$369,0),MATCH($BR$4,연료전지_원본!$A$4:$KY$4,0)) -> 0 | BS6: =INDEX(연료전지_원본!$A$4:$KY$369,MATCH($A6,연료전지_원본!$A$4:$A$369,0),MATCH($BS$4,연료전지_원본!$A$4:$KY$4,0)) -> 0 | BT6: =INDEX(연료전지_원본!$A$4:$KY$369,MATCH($A6,연료전지_원본!$A$4:$A$369,0),MATCH($BT$4,연료전지_원본!$A$4:$KY$4,0)) -> 0 | BU6: =INDEX(연료전지_원본!$A$4:$KY$369,MATCH($A6,연료전지_원본!$A$4:$A$369,0),MATCH($BU$4,연료전지_원본!$A$4:$KY$4,0)) -> 0 | BV6: =INDEX(연료전지_원본!$A$4:$KY$369,MATCH($A6,연료전지_원본!$A$4:$A$369,0),MATCH($BV$4,연료전지_원본!$A$4:$KY$4,0)) -> 0 | BW6: =INDEX(연료전지_원본!$A$4:$KY$369,MATCH($A6,연료전지_원본!$A$4:$A$369,0),MATCH($BW$4,연료전지_원본!$A$4:$KY$4,0)) -> 0 | BX6: =INDEX(연료전지_원본!$A$4:$KY$369,MATCH($A6,연료전지_원본!$A$4:$A$369,0),MATCH($BX$4,연료전지_원본!$A$4:$KY$4,0)) -> 0 | BY6: =INDEX(연료전지_원본!$A$4:$KY$369,MATCH($A6,연료전지_원본!$A$4:$A$369,0),MATCH($BY$4,연료전지_원본!$A$4:$KY$4,0)) -> 0 | BZ6: =INDEX(연료전지_원본!$A$4:$KY$369,MATCH($A6,연료전지_원본!$A$4:$A$369,0),MATCH($BZ$4,연료전지_원본!$A$4:$KY$4,0)) -> 0 | CA6: =INDEX(연료전지_원본!$A$4:$KY$369,MATCH($A6,연료전지_원본!$A$4:$A$369,0),MATCH($CA$4,연료전지_원본!$A$4:$KY$4,0)) -> 0 | CB6: =INDEX(연료전지_원본!$A$4:$KY$369,MATCH($A6,연료전지_원본!$A$4:$A$369,0),MATCH($CB$4,연료전지_원본!$A$4:$KY$4,0)) -> 0 | CC6: =INDEX(연료전지_원본!$A$4:$KY$369,MATCH($A6,연료전지_원본!$A$4:$A$369,0),MATCH($CC$4,연료전지_원본!$A$4:$KY$4,0)) -> 0 | CD6: =INDEX(연료전지_원본!$KB$4:$KX$369,MATCH($A6,연료전지_원본!$KB$4:$KB$369,0), MATCH(CD$4,연료전지_원본!$KB$4:$KX$4,0))*1000 -> 0 | CE6: =INDEX(연료전지_원본!$KB$4:$KX$369,MATCH($A6,연료전지_원본!$KB$4:$KB$369,0), MATCH(CE$4,연료전지_원본!$KB$4:$KX$4,0))*1000 -> 0 | CF6: =INDEX(연료전지_원본!$KB$4:$KX$369,MATCH($A6,연료전지_원본!$KB$4:$KB$369,0), MATCH(CF$4,연료전지_원본!$KB$4:$KX$4,0))*1000 -> 0 | CG6: =INDEX(연료전지_원본!$KB$4:$KX$369,MATCH($A6,연료전지_원본!$KB$4:$KB$369,0), MATCH(CG$4,연료전지_원본!$KB$4:$KX$4,0))*1000 -> 0 | CH6: =INDEX(연료전지_원본!$KB$4:$KX$369,MATCH($A6,연료전지_원본!$KB$4:$KB$369,0), MATCH(CH$4,연료전지_원본!$KB$4:$KX$4,0))*1000 -> 0 | CI6: =INDEX(연료전지_원본!$KB$4:$KX$369,MATCH($A6,연료전지_원본!$KB$4:$KB$369,0), MATCH(CI$4,연료전지_원본!$KB$4:$KX$4,0))*1000 -> 0 | CJ6: =INDEX(연료전지_원본!$KB$4:$KX$369,MATCH($A6,연료전지_원본!$KB$4:$KB$369,0), MATCH(CJ$4,연료전지_원본!$KB$4:$KX$4,0))*1000 -> 0 | CK6: =INDEX(연료전지_원본!$KB$4:$KX$369,MATCH($A6,연료전지_원본!$KB$4:$KB$369,0), MATCH(CK$4,연료전지_원본!$KB$4:$KX$4,0))*1000 -> 0 | ... CY6: =INDEX(연료전지_원본!$KB$4:$KX$369,MATCH($A6,연료전지_원본!$KB$4:$KB$369,0), MATCH(CY$4,연료전지_원본!$KB$4:$KX$4,0))*1000 -> 0
A7: 46024 | B7: =운전실적_원본!B7 -> 651.2 | C7: =B7-B6 -> 0 | D7: =운전실적_원본!C7 -> 247738 | E7: =D7-D6 -> 27 | F7: =운전실적_원본!D7 -> 239672 | G7: =F7-F6 -> 92 | H7: =운전실적_원본!E7 -> 17015 | I7: =H7-H6 -> 5.76 | J7: =운전실적_원본!F7 -> 14308 | K7: =J7-J6 -> 19.05 | L7: =운전실적_원본!G7 -> 4035.6 | M7: =L7-L6 -> 0.9 | N7: =운전실적_원본!H7 -> 33130 | O7: =N7-N6 -> 122 | P7: =운전실적_원본!I7 -> 15125 | Q7: =P7-P6 -> 262 | R7: =운전실적_원본!J7 -> 33.32 | S7: =R7-R6 -> -0.12 | T7: =운전실적_원본!K7 -> 33.11 | U7: =T7-T6 -> 0.01 | V7: =운전실적_원본!L7 -> 7434 | W7: =V7-V6 -> -564 | X7: =운전실적_원본!M7 -> 192757.96 | Y7: =운전실적_원본!N7 -> 65164.8 | Z7: =운전실적_원본!O7 -> 0 | AA7: =운전실적_원본!P7 -> 0 | AB7: =운전실적_원본!Q7 -> 0 | AC7: =운전실적_원본!R7 -> 65164.8 | AD7: =운전실적_원본!S7 -> 24 | AE7: =운전실적_원본!T7 -> 2 | ... AG7: =운전실적_원본!V7 -> 0 | AH7: =((AM7-AL7)+(AO7-AN7)+(AQ7-AP7))*24 -> 24 | AI7: =(AS7-AR7)*24 -> 1.75 | AJ7: =운전실적_원본!Y7 -> 0 | AK7: =운전실적_원본!Z7 -> 0 | AL7: 46024 | AM7: =AL8 -> 46025 | AR7: 46024.927 | AS7: 46025 | AX7: =운전실적_원본!W7 -> 1246 | AY7: =운전실적_원본!X7 -> 89 | AZ7: =운전실적_원본!Y7 -> 0 | BA7: =운전실적_원본!Z7 -> 0 | BB7: =운전실적_원본!AA7 -> 89 | BC7: =운전실적_원본!AB7 -> 1335 | BD7: =IFERROR(AX7/AD7,"-") -> 51.916667 | BE7: =IFERROR(BD7/$BE$4,"-") -> 1.0102484 | BF7: =IFERROR(BB7/AE7,"-") -> 44.5 | BG7: =IFERROR(BF7/$BG$4,"-") -> 0.64680233 | BH7: =INDEX(연료전지_원본!$A$4:$KY$369,MATCH($A7,연료전지_원본!$A$4:$A$369,0),MATCH($BH$4,연료전지_원본!$A$4:$KY$4,0)) -> 0 | BI7: =INDEX(연료전지_원본!$A$4:$KY$369,MATCH($A7,연료전지_원본!$A$4:$A$369,0),MATCH($BI$4,연료전지_원본!$A$4:$KY$4,0)) -> 0 | BJ7: =INDEX(연료전지_원본!$A$4:$KY$369,MATCH($A7,연료전지_원본!$A$4:$A$369,0),MATCH($BJ$4,연료전지_원본!$A$4:$KY$4,0)) -> 0 | BK7: =INDEX(연료전지_원본!$A$4:$KY$369,MATCH($A7,연료전지_원본!$A$4:$A$369,0),MATCH($BK$4,연료전지_원본!$A$4:$KY$4,0)) -> 0 | BL7: =INDEX(연료전지_원본!$A$4:$KY$369,MATCH($A7,연료전지_원본!$A$4:$A$369,0),MATCH($BL$4,연료전지_원본!$A$4:$KY$4,0)) -> 0 | BM7: =INDEX(연료전지_원본!$A$4:$KY$369,MATCH($A7,연료전지_원본!$A$4:$A$369,0),MATCH($BM$4,연료전지_원본!$A$4:$KY$4,0)) -> 0 | BN7: =INDEX(연료전지_원본!$A$4:$KY$369,MATCH($A7,연료전지_원본!$A$4:$A$369,0),MATCH($BN$4,연료전지_원본!$A$4:$KY$4,0)) -> 0 | BO7: =INDEX(연료전지_원본!$A$4:$KY$369,MATCH($A7,연료전지_원본!$A$4:$A$369,0),MATCH($BO$4,연료전지_원본!$A$4:$KY$4,0)) -> 0 | BP7: =INDEX(연료전지_원본!$A$4:$KY$369,MATCH($A7,연료전지_원본!$A$4:$A$369,0),MATCH($BP$4,연료전지_원본!$A$4:$KY$4,0)) -> 0 | BQ7: =INDEX(연료전지_원본!$A$4:$KY$369,MATCH($A7,연료전지_원본!$A$4:$A$369,0),MATCH($BQ$4,연료전지_원본!$A$4:$KY$4,0)) -> 0 | BR7: =INDEX(연료전지_원본!$A$4:$KY$369,MATCH($A7,연료전지_원본!$A$4:$A$369,0),MATCH($BR$4,연료전지_원본!$A$4:$KY$4,0)) -> 0 | BS7: =INDEX(연료전지_원본!$A$4:$KY$369,MATCH($A7,연료전지_원본!$A$4:$A$369,0),MATCH($BS$4,연료전지_원본!$A$4:$KY$4,0)) -> 0 | BT7: =INDEX(연료전지_원본!$A$4:$KY$369,MATCH($A7,연료전지_원본!$A$4:$A$369,0),MATCH($BT$4,연료전지_원본!$A$4:$KY$4,0)) -> 0 | BU7: =INDEX(연료전지_원본!$A$4:$KY$369,MATCH($A7,연료전지_원본!$A$4:$A$369,0),MATCH($BU$4,연료전지_원본!$A$4:$KY$4,0)) -> 0 | BV7: =INDEX(연료전지_원본!$A$4:$KY$369,MATCH($A7,연료전지_원본!$A$4:$A$369,0),MATCH($BV$4,연료전지_원본!$A$4:$KY$4,0)) -> 0 | BW7: =INDEX(연료전지_원본!$A$4:$KY$369,MATCH($A7,연료전지_원본!$A$4:$A$369,0),MATCH($BW$4,연료전지_원본!$A$4:$KY$4,0)) -> 0 | BX7: =INDEX(연료전지_원본!$A$4:$KY$369,MATCH($A7,연료전지_원본!$A$4:$A$369,0),MATCH($BX$4,연료전지_원본!$A$4:$KY$4,0)) -> 0 | BY7: =INDEX(연료전지_원본!$A$4:$KY$369,MATCH($A7,연료전지_원본!$A$4:$A$369,0),MATCH($BY$4,연료전지_원본!$A$4:$KY$4,0)) -> 0 | BZ7: =INDEX(연료전지_원본!$A$4:$KY$369,MATCH($A7,연료전지_원본!$A$4:$A$369,0),MATCH($BZ$4,연료전지_원본!$A$4:$KY$4,0)) -> 0 | CA7: =INDEX(연료전지_원본!$A$4:$KY$369,MATCH($A7,연료전지_원본!$A$4:$A$369,0),MATCH($CA$4,연료전지_원본!$A$4:$KY$4,0)) -> 0 | CB7: =INDEX(연료전지_원본!$A$4:$KY$369,MATCH($A7,연료전지_원본!$A$4:$A$369,0),MATCH($CB$4,연료전지_원본!$A$4:$KY$4,0)) -> 0 | CC7: =INDEX(연료전지_원본!$A$4:$KY$369,MATCH($A7,연료전지_원본!$A$4:$A$369,0),MATCH($CC$4,연료전지_원본!$A$4:$KY$4,0)) -> 0 | CD7: =INDEX(연료전지_원본!$KB$4:$KX$369,MATCH($A7,연료전지_원본!$KB$4:$KB$369,0), MATCH(CD$4,연료전지_원본!$KB$4:$KX$4,0))*1000 -> 0 | CE7: =INDEX(연료전지_원본!$KB$4:$KX$369,MATCH($A7,연료전지_원본!$KB$4:$KB$369,0), MATCH(CE$4,연료전지_원본!$KB$4:$KX$4,0))*1000 -> 0 | CF7: =INDEX(연료전지_원본!$KB$4:$KX$369,MATCH($A7,연료전지_원본!$KB$4:$KB$369,0), MATCH(CF$4,연료전지_원본!$KB$4:$KX$4,0))*1000 -> 0 | CG7: =INDEX(연료전지_원본!$KB$4:$KX$369,MATCH($A7,연료전지_원본!$KB$4:$KB$369,0), MATCH(CG$4,연료전지_원본!$KB$4:$KX$4,0))*1000 -> 0 | CH7: =INDEX(연료전지_원본!$KB$4:$KX$369,MATCH($A7,연료전지_원본!$KB$4:$KB$369,0), MATCH(CH$4,연료전지_원본!$KB$4:$KX$4,0))*1000 -> 0 | CI7: =INDEX(연료전지_원본!$KB$4:$KX$369,MATCH($A7,연료전지_원본!$KB$4:$KB$369,0), MATCH(CI$4,연료전지_원본!$KB$4:$KX$4,0))*1000 -> 0 | CJ7: =INDEX(연료전지_원본!$KB$4:$KX$369,MATCH($A7,연료전지_원본!$KB$4:$KB$369,0), MATCH(CJ$4,연료전지_원본!$KB$4:$KX$4,0))*1000 -> 0 | CK7: =INDEX(연료전지_원본!$KB$4:$KX$369,MATCH($A7,연료전지_원본!$KB$4:$KB$369,0), MATCH(CK$4,연료전지_원본!$KB$4:$KX$4,0))*1000 -> 0 | ... CY7: =INDEX(연료전지_원본!$KB$4:$KX$369,MATCH($A7,연료전지_원본!$KB$4:$KB$369,0), MATCH(CY$4,연료전지_원본!$KB$4:$KX$4,0))*1000 -> 0
A8: 46025 | B8: =운전실적_원본!B8 -> 651.2 | C8: =B8-B7 -> 0 | D8: =운전실적_원본!C8 -> 247827 | E8: =D8-D7 -> 89 | F8: =운전실적_원본!D8 -> 239672 | G8: =F8-F7 -> 0 | H8: =운전실적_원본!E8 -> 17022.66 | I8: =H8-H7 -> 7.66 | J8: =운전실적_원본!F8 -> 14330.01 | K8: =J8-J7 -> 22.01 | L8: =운전실적_원본!G8 -> 4036.8 | M8: =L8-L7 -> 1.2 | N8: =운전실적_원본!H8 -> 33336 | O8: =N8-N7 -> 206 | P8: =운전실적_원본!I8 -> 15291 | Q8: =P8-P7 -> 166 | R8: =운전실적_원본!J8 -> 33.44 | S8: =R8-R7 -> 0.12 | T8: =운전실적_원본!K8 -> 33.03 | U8: =T8-T7 -> -0.08 | V8: =운전실적_원본!L8 -> 8107 | W8: =V8-V7 -> 673 | X8: =운전실적_원본!M8 -> 197169.62 | Y8: =운전실적_원본!N8 -> 58486.39 | Z8: =운전실적_원본!O8 -> 0 | AA8: =운전실적_원본!P8 -> 0 | AB8: =운전실적_원본!Q8 -> 0 | AC8: =운전실적_원본!R8 -> 58486.39 | AD8: =운전실적_원본!S8 -> 24 | AE8: =운전실적_원본!T8 -> 10 | ... AG8: =운전실적_원본!V8 -> 0 | AH8: =((AM8-AL8)+(AO8-AN8)+(AQ8-AP8))*24 -> 24 | AI8: =(AS8-AR8)*24 -> 10 | AJ8: =운전실적_원본!Y8 -> 0 | AK8: =운전실적_원본!Z8 -> 0 | AL8: 46025 | AM8: =AL9 -> 46026 | AR8: 46025 | AS8: 46025.417 | AX8: =운전실적_원본!W8 -> 1225 | AY8: =운전실적_원본!X8 -> 587 | AZ8: =운전실적_원본!Y8 -> 0 | BA8: =운전실적_원본!Z8 -> 0 | BB8: =운전실적_원본!AA8 -> 587 | BC8: =운전실적_원본!AB8 -> 1812 | BD8: =IFERROR(AX8/AD8,"-") -> 51.041667 | BE8: =IFERROR(BD8/$BE$4,"-") -> 0.99322177 | BF8: =IFERROR(BB8/AE8,"-") -> 58.7 | BG8: =IFERROR(BF8/$BG$4,"-") -> 0.85319767 | BH8: =INDEX(연료전지_원본!$A$4:$KY$369,MATCH($A8,연료전지_원본!$A$4:$A$369,0),MATCH($BH$4,연료전지_원본!$A$4:$KY$4,0)) -> 0 | BI8: =INDEX(연료전지_원본!$A$4:$KY$369,MATCH($A8,연료전지_원본!$A$4:$A$369,0),MATCH($BI$4,연료전지_원본!$A$4:$KY$4,0)) -> 0 | BJ8: =INDEX(연료전지_원본!$A$4:$KY$369,MATCH($A8,연료전지_원본!$A$4:$A$369,0),MATCH($BJ$4,연료전지_원본!$A$4:$KY$4,0)) -> 0 | BK8: =INDEX(연료전지_원본!$A$4:$KY$369,MATCH($A8,연료전지_원본!$A$4:$A$369,0),MATCH($BK$4,연료전지_원본!$A$4:$KY$4,0)) -> 0 | BL8: =INDEX(연료전지_원본!$A$4:$KY$369,MATCH($A8,연료전지_원본!$A$4:$A$369,0),MATCH($BL$4,연료전지_원본!$A$4:$KY$4,0)) -> 0 | BM8: =INDEX(연료전지_원본!$A$4:$KY$369,MATCH($A8,연료전지_원본!$A$4:$A$369,0),MATCH($BM$4,연료전지_원본!$A$4:$KY$4,0)) -> 0 | BN8: =INDEX(연료전지_원본!$A$4:$KY$369,MATCH($A8,연료전지_원본!$A$4:$A$369,0),MATCH($BN$4,연료전지_원본!$A$4:$KY$4,0)) -> 0 | BO8: =INDEX(연료전지_원본!$A$4:$KY$369,MATCH($A8,연료전지_원본!$A$4:$A$369,0),MATCH($BO$4,연료전지_원본!$A$4:$KY$4,0)) -> 0 | BP8: =INDEX(연료전지_원본!$A$4:$KY$369,MATCH($A8,연료전지_원본!$A$4:$A$369,0),MATCH($BP$4,연료전지_원본!$A$4:$KY$4,0)) -> 0 | BQ8: =INDEX(연료전지_원본!$A$4:$KY$369,MATCH($A8,연료전지_원본!$A$4:$A$369,0),MATCH($BQ$4,연료전지_원본!$A$4:$KY$4,0)) -> 0 | BR8: =INDEX(연료전지_원본!$A$4:$KY$369,MATCH($A8,연료전지_원본!$A$4:$A$369,0),MATCH($BR$4,연료전지_원본!$A$4:$KY$4,0)) -> 0 | BS8: =INDEX(연료전지_원본!$A$4:$KY$369,MATCH($A8,연료전지_원본!$A$4:$A$369,0),MATCH($BS$4,연료전지_원본!$A$4:$KY$4,0)) -> 0 | BT8: =INDEX(연료전지_원본!$A$4:$KY$369,MATCH($A8,연료전지_원본!$A$4:$A$369,0),MATCH($BT$4,연료전지_원본!$A$4:$KY$4,0)) -> 0 | BU8: =INDEX(연료전지_원본!$A$4:$KY$369,MATCH($A8,연료전지_원본!$A$4:$A$369,0),MATCH($BU$4,연료전지_원본!$A$4:$KY$4,0)) -> 0 | BV8: =INDEX(연료전지_원본!$A$4:$KY$369,MATCH($A8,연료전지_원본!$A$4:$A$369,0),MATCH($BV$4,연료전지_원본!$A$4:$KY$4,0)) -> 0 | BW8: =INDEX(연료전지_원본!$A$4:$KY$369,MATCH($A8,연료전지_원본!$A$4:$A$369,0),MATCH($BW$4,연료전지_원본!$A$4:$KY$4,0)) -> 0 | BX8: =INDEX(연료전지_원본!$A$4:$KY$369,MATCH($A8,연료전지_원본!$A$4:$A$369,0),MATCH($BX$4,연료전지_원본!$A$4:$KY$4,0)) -> 0 | BY8: =INDEX(연료전지_원본!$A$4:$KY$369,MATCH($A8,연료전지_원본!$A$4:$A$369,0),MATCH($BY$4,연료전지_원본!$A$4:$KY$4,0)) -> 0 | BZ8: =INDEX(연료전지_원본!$A$4:$KY$369,MATCH($A8,연료전지_원본!$A$4:$A$369,0),MATCH($BZ$4,연료전지_원본!$A$4:$KY$4,0)) -> 0 | CA8: =INDEX(연료전지_원본!$A$4:$KY$369,MATCH($A8,연료전지_원본!$A$4:$A$369,0),MATCH($CA$4,연료전지_원본!$A$4:$KY$4,0)) -> 0 | CB8: =INDEX(연료전지_원본!$A$4:$KY$369,MATCH($A8,연료전지_원본!$A$4:$A$369,0),MATCH($CB$4,연료전지_원본!$A$4:$KY$4,0)) -> 0 | CC8: =INDEX(연료전지_원본!$A$4:$KY$369,MATCH($A8,연료전지_원본!$A$4:$A$369,0),MATCH($CC$4,연료전지_원본!$A$4:$KY$4,0)) -> 0 | CD8: =INDEX(연료전지_원본!$KB$4:$KX$369,MATCH($A8,연료전지_원본!$KB$4:$KB$369,0), MATCH(CD$4,연료전지_원본!$KB$4:$KX$4,0))*1000 -> 0 | CE8: =INDEX(연료전지_원본!$KB$4:$KX$369,MATCH($A8,연료전지_원본!$KB$4:$KB$369,0), MATCH(CE$4,연료전지_원본!$KB$4:$KX$4,0))*1000 -> 0 | CF8: =INDEX(연료전지_원본!$KB$4:$KX$369,MATCH($A8,연료전지_원본!$KB$4:$KB$369,0), MATCH(CF$4,연료전지_원본!$KB$4:$KX$4,0))*1000 -> 0 | CG8: =INDEX(연료전지_원본!$KB$4:$KX$369,MATCH($A8,연료전지_원본!$KB$4:$KB$369,0), MATCH(CG$4,연료전지_원본!$KB$4:$KX$4,0))*1000 -> 0 | CH8: =INDEX(연료전지_원본!$KB$4:$KX$369,MATCH($A8,연료전지_원본!$KB$4:$KB$369,0), MATCH(CH$4,연료전지_원본!$KB$4:$KX$4,0))*1000 -> 0 | CI8: =INDEX(연료전지_원본!$KB$4:$KX$369,MATCH($A8,연료전지_원본!$KB$4:$KB$369,0), MATCH(CI$4,연료전지_원본!$KB$4:$KX$4,0))*1000 -> 0 | CJ8: =INDEX(연료전지_원본!$KB$4:$KX$369,MATCH($A8,연료전지_원본!$KB$4:$KB$369,0), MATCH(CJ$4,연료전지_원본!$KB$4:$KX$4,0))*1000 -> 0 | CK8: =INDEX(연료전지_원본!$KB$4:$KX$369,MATCH($A8,연료전지_원본!$KB$4:$KB$369,0), MATCH(CK$4,연료전지_원본!$KB$4:$KX$4,0))*1000 -> 0 | ... CY8: =INDEX(연료전지_원본!$KB$4:$KX$369,MATCH($A8,연료전지_원본!$KB$4:$KB$369,0), MATCH(CY$4,연료전지_원본!$KB$4:$KX$4,0))*1000 -> 0
A9: 46026 | B9: =운전실적_원본!B9 -> 651.2 | C9: =B9-B8 -> 0 | D9: =운전실적_원본!C9 -> 247872 | E9: =D9-D8 -> 45 | F9: =운전실적_원본!D9 -> 239672 | G9: =F9-F8 -> 0 | H9: =운전실적_원본!E9 -> 17032.65 | I9: =H9-H8 -> 9.99 | J9: =운전실적_원본!F9 -> 14352.44 | K9: =J9-J8 -> 22.43 | L9: =운전실적_원본!G9 -> 4037.5 | M9: =L9-L8 -> 0.7 | N9: =운전실적_원본!H9 -> 33409 | O9: =N9-N8 -> 73 | P9: =운전실적_원본!I9 -> 15409 | Q9: =P9-P8 -> 118 | R9: =운전실적_원본!J9 -> 33.08 | S9: =R9-R8 -> -0.36 | T9: =운전실적_원본!K9 -> 33.23 | U9: =T9-T8 -> 0.2 | V9: =운전실적_원본!L9 -> 8095 | W9: =V9-V8 -> -12 | X9: =운전실적_원본!M9 -> 197706.51 | Y9: =운전실적_원본!N9 -> 0 | Z9: =운전실적_원본!O9 -> 0 | AA9: =운전실적_원본!P9 -> 0 | AB9: =운전실적_원본!Q9 -> 0 | AC9: =운전실적_원본!R9 -> 0 | AD9: =운전실적_원본!S9 -> 24 | AE9: =운전실적_원본!T9 -> 15 | ... AG9: =운전실적_원본!V9 -> 0 | AH9: =((AM9-AL9)+(AO9-AN9)+(AQ9-AP9))*24 -> 24 | AI9: =(AS9-AR9)*24 -> 9.0833333 | AJ9: =운전실적_원본!Y9 -> 0 | AK9: =운전실적_원본!Z9 -> 0 | AL9: 46026 | AM9: =AL10 -> 46027 | AR9: 46026.24 | AS9: 46026.618 | AX9: =운전실적_원본!W9 -> 1242 | AY9: =운전실적_원본!X9 -> 518 | AZ9: =운전실적_원본!Y9 -> 0 | BA9: =운전실적_원본!Z9 -> 0 | BB9: =운전실적_원본!AA9 -> 518 | BC9: =운전실적_원본!AB9 -> 1760 | BD9: =IFERROR(AX9/AD9,"-") -> 51.75 | BE9: =IFERROR(BD9/$BE$4,"-") -> 1.0070053 | BF9: =IFERROR(BB9/AE9,"-") -> 34.533333 | BG9: =IFERROR(BF9/$BG$4,"-") -> 0.50193798 | BH9: =INDEX(연료전지_원본!$A$4:$KY$369,MATCH($A9,연료전지_원본!$A$4:$A$369,0),MATCH($BH$4,연료전지_원본!$A$4:$KY$4,0)) -> 0 | BI9: =INDEX(연료전지_원본!$A$4:$KY$369,MATCH($A9,연료전지_원본!$A$4:$A$369,0),MATCH($BI$4,연료전지_원본!$A$4:$KY$4,0)) -> 0 | BJ9: =INDEX(연료전지_원본!$A$4:$KY$369,MATCH($A9,연료전지_원본!$A$4:$A$369,0),MATCH($BJ$4,연료전지_원본!$A$4:$KY$4,0)) -> 0 | BK9: =INDEX(연료전지_원본!$A$4:$KY$369,MATCH($A9,연료전지_원본!$A$4:$A$369,0),MATCH($BK$4,연료전지_원본!$A$4:$KY$4,0)) -> 0 | BL9: =INDEX(연료전지_원본!$A$4:$KY$369,MATCH($A9,연료전지_원본!$A$4:$A$369,0),MATCH($BL$4,연료전지_원본!$A$4:$KY$4,0)) -> 0 | BM9: =INDEX(연료전지_원본!$A$4:$KY$369,MATCH($A9,연료전지_원본!$A$4:$A$369,0),MATCH($BM$4,연료전지_원본!$A$4:$KY$4,0)) -> 0 | BN9: =INDEX(연료전지_원본!$A$4:$KY$369,MATCH($A9,연료전지_원본!$A$4:$A$369,0),MATCH($BN$4,연료전지_원본!$A$4:$KY$4,0)) -> 0 | BO9: =INDEX(연료전지_원본!$A$4:$KY$369,MATCH($A9,연료전지_원본!$A$4:$A$369,0),MATCH($BO$4,연료전지_원본!$A$4:$KY$4,0)) -> 0 | BP9: =INDEX(연료전지_원본!$A$4:$KY$369,MATCH($A9,연료전지_원본!$A$4:$A$369,0),MATCH($BP$4,연료전지_원본!$A$4:$KY$4,0)) -> 0 | BQ9: =INDEX(연료전지_원본!$A$4:$KY$369,MATCH($A9,연료전지_원본!$A$4:$A$369,0),MATCH($BQ$4,연료전지_원본!$A$4:$KY$4,0)) -> 0 | BR9: =INDEX(연료전지_원본!$A$4:$KY$369,MATCH($A9,연료전지_원본!$A$4:$A$369,0),MATCH($BR$4,연료전지_원본!$A$4:$KY$4,0)) -> 0 | BS9: =INDEX(연료전지_원본!$A$4:$KY$369,MATCH($A9,연료전지_원본!$A$4:$A$369,0),MATCH($BS$4,연료전지_원본!$A$4:$KY$4,0)) -> 0 | BT9: =INDEX(연료전지_원본!$A$4:$KY$369,MATCH($A9,연료전지_원본!$A$4:$A$369,0),MATCH($BT$4,연료전지_원본!$A$4:$KY$4,0)) -> 0 | BU9: =INDEX(연료전지_원본!$A$4:$KY$369,MATCH($A9,연료전지_원본!$A$4:$A$369,0),MATCH($BU$4,연료전지_원본!$A$4:$KY$4,0)) -> 0 | BV9: =INDEX(연료전지_원본!$A$4:$KY$369,MATCH($A9,연료전지_원본!$A$4:$A$369,0),MATCH($BV$4,연료전지_원본!$A$4:$KY$4,0)) -> 0 | BW9: =INDEX(연료전지_원본!$A$4:$KY$369,MATCH($A9,연료전지_원본!$A$4:$A$369,0),MATCH($BW$4,연료전지_원본!$A$4:$KY$4,0)) -> 0 | BX9: =INDEX(연료전지_원본!$A$4:$KY$369,MATCH($A9,연료전지_원본!$A$4:$A$369,0),MATCH($BX$4,연료전지_원본!$A$4:$KY$4,0)) -> 0 | BY9: =INDEX(연료전지_원본!$A$4:$KY$369,MATCH($A9,연료전지_원본!$A$4:$A$369,0),MATCH($BY$4,연료전지_원본!$A$4:$KY$4,0)) -> 0 | BZ9: =INDEX(연료전지_원본!$A$4:$KY$369,MATCH($A9,연료전지_원본!$A$4:$A$369,0),MATCH($BZ$4,연료전지_원본!$A$4:$KY$4,0)) -> 0 | CA9: =INDEX(연료전지_원본!$A$4:$KY$369,MATCH($A9,연료전지_원본!$A$4:$A$369,0),MATCH($CA$4,연료전지_원본!$A$4:$KY$4,0)) -> 0 | CB9: =INDEX(연료전지_원본!$A$4:$KY$369,MATCH($A9,연료전지_원본!$A$4:$A$369,0),MATCH($CB$4,연료전지_원본!$A$4:$KY$4,0)) -> 0 | CC9: =INDEX(연료전지_원본!$A$4:$KY$369,MATCH($A9,연료전지_원본!$A$4:$A$369,0),MATCH($CC$4,연료전지_원본!$A$4:$KY$4,0)) -> 0 | CD9: =INDEX(연료전지_원본!$KB$4:$KX$369,MATCH($A9,연료전지_원본!$KB$4:$KB$369,0), MATCH(CD$4,연료전지_원본!$KB$4:$KX$4,0))*1000 -> 0 | CE9: =INDEX(연료전지_원본!$KB$4:$KX$369,MATCH($A9,연료전지_원본!$KB$4:$KB$369,0), MATCH(CE$4,연료전지_원본!$KB$4:$KX$4,0))*1000 -> 0 | CF9: =INDEX(연료전지_원본!$KB$4:$KX$369,MATCH($A9,연료전지_원본!$KB$4:$KB$369,0), MATCH(CF$4,연료전지_원본!$KB$4:$KX$4,0))*1000 -> 0 | CG9: =INDEX(연료전지_원본!$KB$4:$KX$369,MATCH($A9,연료전지_원본!$KB$4:$KB$369,0), MATCH(CG$4,연료전지_원본!$KB$4:$KX$4,0))*1000 -> 0 | CH9: =INDEX(연료전지_원본!$KB$4:$KX$369,MATCH($A9,연료전지_원본!$KB$4:$KB$369,0), MATCH(CH$4,연료전지_원본!$KB$4:$KX$4,0))*1000 -> 0 | CI9: =INDEX(연료전지_원본!$KB$4:$KX$369,MATCH($A9,연료전지_원본!$KB$4:$KB$369,0), MATCH(CI$4,연료전지_원본!$KB$4:$KX$4,0))*1000 -> 0 | CJ9: =INDEX(연료전지_원본!$KB$4:$KX$369,MATCH($A9,연료전지_원본!$KB$4:$KB$369,0), MATCH(CJ$4,연료전지_원본!$KB$4:$KX$4,0))*1000 -> 0 | CK9: =INDEX(연료전지_원본!$KB$4:$KX$369,MATCH($A9,연료전지_원본!$KB$4:$KB$369,0), MATCH(CK$4,연료전지_원본!$KB$4:$KX$4,0))*1000 -> 0 | ... CY9: =INDEX(연료전지_원본!$KB$4:$KX$369,MATCH($A9,연료전지_원본!$KB$4:$KB$369,0), MATCH(CY$4,연료전지_원본!$KB$4:$KX$4,0))*1000 -> 0
A10: 46027 | B10: =운전실적_원본!B10 -> 651.2 | C10: =B10-B9 -> 0 | D10: =운전실적_원본!C10 -> 247872 | E10: =D10-D9 -> 0 | F10: =운전실적_원본!D10 -> 239734 | G10: =F10-F9 -> 62 | H10: =운전실적_원본!E10 -> 17042.12 | I10: =H10-H9 -> 9.47 | J10: =운전실적_원본!F10 -> 14375.73 | K10: =J10-J9 -> 23.29 | L10: =운전실적_원본!G10 -> 4038.2 | M10: =L10-L9 -> 0.7 | N10: =운전실적_원본!H10 -> 33454 | O10: =N10-N9 -> 45 | P10: =운전실적_원본!I10 -> 15570 | Q10: =P10-P9 -> 161 | R10: =운전실적_원본!J10 -> 33.24 | S10: =R10-R9 -> 0.16 | T10: =운전실적_원본!K10 -> 33.06 | U10: =T10-T9 -> -0.17 | V10: =운전실적_원본!L10 -> 8014 | W10: =V10-V9 -> -81 | X10: =운전실적_원본!M10 -> 198227.56 | Y10: =운전실적_원본!N10 -> 0 | Z10: =운전실적_원본!O10 -> 0 | AA10: =운전실적_원본!P10 -> 0 | AB10: =운전실적_원본!Q10 -> 0 | AC10: =운전실적_원본!R10 -> 0 | AD10: =운전실적_원본!S10 -> 24 | AE10: =운전실적_원본!T10 -> 0 | ... AG10: =운전실적_원본!V10 -> 0 | AH10: =((AM10-AL10)+(AO10-AN10)+(AQ10-AP10))*24 -> 24 | AI10: =(AS10-AR10)*24 -> 0 | AJ10: =운전실적_원본!Y10 -> 0 | AK10: =운전실적_원본!Z10 -> 0 | AL10: 46027 | AM10: =AL11 -> 46028 | AX10: =운전실적_원본!W10 -> 1243 | AY10: =운전실적_원본!X10 -> 0 | AZ10: =운전실적_원본!Y10 -> 0 | BA10: =운전실적_원본!Z10 -> 0 | BB10: =운전실적_원본!AA10 -> 0 | BC10: =운전실적_원본!AB10 -> 1243 | BD10: =IFERROR(AX10/AD10,"-") -> 51.791667 | BE10: =IFERROR(BD10/$BE$4,"-") -> 1.007816 | BF10: =IFERROR(BB10/AE10,"-") -> - | BG10: =IFERROR(BF10/$BG$4,"-") -> - | BH10: =INDEX(연료전지_원본!$A$4:$KY$369,MATCH($A10,연료전지_원본!$A$4:$A$369,0),MATCH($BH$4,연료전지_원본!$A$4:$KY$4,0)) -> 0 | BI10: =INDEX(연료전지_원본!$A$4:$KY$369,MATCH($A10,연료전지_원본!$A$4:$A$369,0),MATCH($BI$4,연료전지_원본!$A$4:$KY$4,0)) -> 0 | BJ10: =INDEX(연료전지_원본!$A$4:$KY$369,MATCH($A10,연료전지_원본!$A$4:$A$369,0),MATCH($BJ$4,연료전지_원본!$A$4:$KY$4,0)) -> 0 | BK10: =INDEX(연료전지_원본!$A$4:$KY$369,MATCH($A10,연료전지_원본!$A$4:$A$369,0),MATCH($BK$4,연료전지_원본!$A$4:$KY$4,0)) -> 0 | BL10: =INDEX(연료전지_원본!$A$4:$KY$369,MATCH($A10,연료전지_원본!$A$4:$A$369,0),MATCH($BL$4,연료전지_원본!$A$4:$KY$4,0)) -> 0 | BM10: =INDEX(연료전지_원본!$A$4:$KY$369,MATCH($A10,연료전지_원본!$A$4:$A$369,0),MATCH($BM$4,연료전지_원본!$A$4:$KY$4,0)) -> 0 | BN10: =INDEX(연료전지_원본!$A$4:$KY$369,MATCH($A10,연료전지_원본!$A$4:$A$369,0),MATCH($BN$4,연료전지_원본!$A$4:$KY$4,0)) -> 0 | BO10: =INDEX(연료전지_원본!$A$4:$KY$369,MATCH($A10,연료전지_원본!$A$4:$A$369,0),MATCH($BO$4,연료전지_원본!$A$4:$KY$4,0)) -> 0 | BP10: =INDEX(연료전지_원본!$A$4:$KY$369,MATCH($A10,연료전지_원본!$A$4:$A$369,0),MATCH($BP$4,연료전지_원본!$A$4:$KY$4,0)) -> 0 | BQ10: =INDEX(연료전지_원본!$A$4:$KY$369,MATCH($A10,연료전지_원본!$A$4:$A$369,0),MATCH($BQ$4,연료전지_원본!$A$4:$KY$4,0)) -> 0 | BR10: =INDEX(연료전지_원본!$A$4:$KY$369,MATCH($A10,연료전지_원본!$A$4:$A$369,0),MATCH($BR$4,연료전지_원본!$A$4:$KY$4,0)) -> 0 | BS10: =INDEX(연료전지_원본!$A$4:$KY$369,MATCH($A10,연료전지_원본!$A$4:$A$369,0),MATCH($BS$4,연료전지_원본!$A$4:$KY$4,0)) -> 0 | BT10: =INDEX(연료전지_원본!$A$4:$KY$369,MATCH($A10,연료전지_원본!$A$4:$A$369,0),MATCH($BT$4,연료전지_원본!$A$4:$KY$4,0)) -> 0 | BU10: =INDEX(연료전지_원본!$A$4:$KY$369,MATCH($A10,연료전지_원본!$A$4:$A$369,0),MATCH($BU$4,연료전지_원본!$A$4:$KY$4,0)) -> 0 | BV10: =INDEX(연료전지_원본!$A$4:$KY$369,MATCH($A10,연료전지_원본!$A$4:$A$369,0),MATCH($BV$4,연료전지_원본!$A$4:$KY$4,0)) -> 0 | BW10: =INDEX(연료전지_원본!$A$4:$KY$369,MATCH($A10,연료전지_원본!$A$4:$A$369,0),MATCH($BW$4,연료전지_원본!$A$4:$KY$4,0)) -> 0 | BX10: =INDEX(연료전지_원본!$A$4:$KY$369,MATCH($A10,연료전지_원본!$A$4:$A$369,0),MATCH($BX$4,연료전지_원본!$A$4:$KY$4,0)) -> 0 | BY10: =INDEX(연료전지_원본!$A$4:$KY$369,MATCH($A10,연료전지_원본!$A$4:$A$369,0),MATCH($BY$4,연료전지_원본!$A$4:$KY$4,0)) -> 0 | BZ10: =INDEX(연료전지_원본!$A$4:$KY$369,MATCH($A10,연료전지_원본!$A$4:$A$369,0),MATCH($BZ$4,연료전지_원본!$A$4:$KY$4,0)) -> 0 | CA10: =INDEX(연료전지_원본!$A$4:$KY$369,MATCH($A10,연료전지_원본!$A$4:$A$369,0),MATCH($CA$4,연료전지_원본!$A$4:$KY$4,0)) -> 0 | CB10: =INDEX(연료전지_원본!$A$4:$KY$369,MATCH($A10,연료전지_원본!$A$4:$A$369,0),MATCH($CB$4,연료전지_원본!$A$4:$KY$4,0)) -> 0 | CC10: =INDEX(연료전지_원본!$A$4:$KY$369,MATCH($A10,연료전지_원본!$A$4:$A$369,0),MATCH($CC$4,연료전지_원본!$A$4:$KY$4,0)) -> 0 | CD10: =INDEX(연료전지_원본!$KB$4:$KX$369,MATCH($A10,연료전지_원본!$KB$4:$KB$369,0), MATCH(CD$4,연료전지_원본!$KB$4:$KX$4,0))*1000 -> 0 | CE10: =INDEX(연료전지_원본!$KB$4:$KX$369,MATCH($A10,연료전지_원본!$KB$4:$KB$369,0), MATCH(CE$4,연료전지_원본!$KB$4:$KX$4,0))*1000 -> 0 | CF10: =INDEX(연료전지_원본!$KB$4:$KX$369,MATCH($A10,연료전지_원본!$KB$4:$KB$369,0), MATCH(CF$4,연료전지_원본!$KB$4:$KX$4,0))*1000 -> 0 | CG10: =INDEX(연료전지_원본!$KB$4:$KX$369,MATCH($A10,연료전지_원본!$KB$4:$KB$369,0), MATCH(CG$4,연료전지_원본!$KB$4:$KX$4,0))*1000 -> 0 | CH10: =INDEX(연료전지_원본!$KB$4:$KX$369,MATCH($A10,연료전지_원본!$KB$4:$KB$369,0), MATCH(CH$4,연료전지_원본!$KB$4:$KX$4,0))*1000 -> 0 | CI10: =INDEX(연료전지_원본!$KB$4:$KX$369,MATCH($A10,연료전지_원본!$KB$4:$KB$369,0), MATCH(CI$4,연료전지_원본!$KB$4:$KX$4,0))*1000 -> 0 | CJ10: =INDEX(연료전지_원본!$KB$4:$KX$369,MATCH($A10,연료전지_원본!$KB$4:$KB$369,0), MATCH(CJ$4,연료전지_원본!$KB$4:$KX$4,0))*1000 -> 0 | CK10: =INDEX(연료전지_원본!$KB$4:$KX$369,MATCH($A10,연료전지_원본!$KB$4:$KB$369,0), MATCH(CK$4,연료전지_원본!$KB$4:$KX$4,0))*1000 -> 0 | ... CY10: =INDEX(연료전지_원본!$KB$4:$KX$369,MATCH($A10,연료전지_원본!$KB$4:$KB$369,0), MATCH(CY$4,연료전지_원본!$KB$4:$KX$4,0))*1000 -> 0
A11: 46028 | B11: =운전실적_원본!B11 -> 651.2 | C11: =B11-B10 -> 0 | D11: =운전실적_원본!C11 -> 247944 | E11: =D11-D10 -> 72 | F11: =운전실적_원본!D11 -> 239763 | G11: =F11-F10 -> 29 | H11: =운전실적_원본!E11 -> 17045.72 | I11: =H11-H10 -> 3.6 | J11: =운전실적_원본!F11 -> 14397.53 | K11: =J11-J10 -> 21.8 | L11: =운전실적_원본!G11 -> 4038.8 | M11: =L11-L10 -> 0.6 | N11: =운전실적_원본!H11 -> 33506 | O11: =N11-N10 -> 52 | P11: =운전실적_원본!I11 -> 15776 | Q11: =P11-P10 -> 206 | R11: =운전실적_원본!J11 -> 33.69 | S11: =R11-R10 -> 0.45 | T11: =운전실적_원본!K11 -> 33.04 | U11: =T11-T10 -> -0.02 | V11: =운전실적_원본!L11 -> 8360 | W11: =V11-V10 -> 346 | X11: =운전실적_원본!M11 -> 195704.12 | Y11: =운전실적_원본!N11 -> 0 | Z11: =운전실적_원본!O11 -> 0 | AA11: =운전실적_원본!P11 -> 0 | AB11: =운전실적_원본!Q11 -> 0 | AC11: =운전실적_원본!R11 -> 0 | AD11: =운전실적_원본!S11 -> 24 | AE11: =운전실적_원본!T11 -> 0 | ... AG11: =운전실적_원본!V11 -> 0 | AH11: =((AM11-AL11)+(AO11-AN11)+(AQ11-AP11))*24 -> 24 | AI11: =(AS11-AR11)*24 -> 0 | AJ11: =운전실적_원본!Y11 -> 0 | AK11: =운전실적_원본!Z11 -> 0 | AL11: 46028 | AM11: =AL12 -> 46029 | AX11: =운전실적_원본!W11 -> 1254 | AY11: =운전실적_원본!X11 -> 0 | AZ11: =운전실적_원본!Y11 -> 0 | BA11: =운전실적_원본!Z11 -> 0 | BB11: =운전실적_원본!AA11 -> 0 | BC11: =운전실적_원본!AB11 -> 1254 | BD11: =IFERROR(AX11/AD11,"-") -> 52.25 | BE11: =IFERROR(BD11/$BE$4,"-") -> 1.0167348 | BF11: =IFERROR(BB11/AE11,"-") -> - | BG11: =IFERROR(BF11/$BG$4,"-") -> - | BH11: =INDEX(연료전지_원본!$A$4:$KY$369,MATCH($A11,연료전지_원본!$A$4:$A$369,0),MATCH($BH$4,연료전지_원본!$A$4:$KY$4,0)) -> 0 | BI11: =INDEX(연료전지_원본!$A$4:$KY$369,MATCH($A11,연료전지_원본!$A$4:$A$369,0),MATCH($BI$4,연료전지_원본!$A$4:$KY$4,0)) -> 0 | BJ11: =INDEX(연료전지_원본!$A$4:$KY$369,MATCH($A11,연료전지_원본!$A$4:$A$369,0),MATCH($BJ$4,연료전지_원본!$A$4:$KY$4,0)) -> 0 | BK11: =INDEX(연료전지_원본!$A$4:$KY$369,MATCH($A11,연료전지_원본!$A$4:$A$369,0),MATCH($BK$4,연료전지_원본!$A$4:$KY$4,0)) -> 0 | BL11: =INDEX(연료전지_원본!$A$4:$KY$369,MATCH($A11,연료전지_원본!$A$4:$A$369,0),MATCH($BL$4,연료전지_원본!$A$4:$KY$4,0)) -> 0 | BM11: =INDEX(연료전지_원본!$A$4:$KY$369,MATCH($A11,연료전지_원본!$A$4:$A$369,0),MATCH($BM$4,연료전지_원본!$A$4:$KY$4,0)) -> 0 | BN11: =INDEX(연료전지_원본!$A$4:$KY$369,MATCH($A11,연료전지_원본!$A$4:$A$369,0),MATCH($BN$4,연료전지_원본!$A$4:$KY$4,0)) -> 0 | BO11: =INDEX(연료전지_원본!$A$4:$KY$369,MATCH($A11,연료전지_원본!$A$4:$A$369,0),MATCH($BO$4,연료전지_원본!$A$4:$KY$4,0)) -> 0 | BP11: =INDEX(연료전지_원본!$A$4:$KY$369,MATCH($A11,연료전지_원본!$A$4:$A$369,0),MATCH($BP$4,연료전지_원본!$A$4:$KY$4,0)) -> 0 | BQ11: =INDEX(연료전지_원본!$A$4:$KY$369,MATCH($A11,연료전지_원본!$A$4:$A$369,0),MATCH($BQ$4,연료전지_원본!$A$4:$KY$4,0)) -> 0 | BR11: =INDEX(연료전지_원본!$A$4:$KY$369,MATCH($A11,연료전지_원본!$A$4:$A$369,0),MATCH($BR$4,연료전지_원본!$A$4:$KY$4,0)) -> 0 | BS11: =INDEX(연료전지_원본!$A$4:$KY$369,MATCH($A11,연료전지_원본!$A$4:$A$369,0),MATCH($BS$4,연료전지_원본!$A$4:$KY$4,0)) -> 0 | BT11: =INDEX(연료전지_원본!$A$4:$KY$369,MATCH($A11,연료전지_원본!$A$4:$A$369,0),MATCH($BT$4,연료전지_원본!$A$4:$KY$4,0)) -> 0 | BU11: =INDEX(연료전지_원본!$A$4:$KY$369,MATCH($A11,연료전지_원본!$A$4:$A$369,0),MATCH($BU$4,연료전지_원본!$A$4:$KY$4,0)) -> 0 | BV11: =INDEX(연료전지_원본!$A$4:$KY$369,MATCH($A11,연료전지_원본!$A$4:$A$369,0),MATCH($BV$4,연료전지_원본!$A$4:$KY$4,0)) -> 0 | BW11: =INDEX(연료전지_원본!$A$4:$KY$369,MATCH($A11,연료전지_원본!$A$4:$A$369,0),MATCH($BW$4,연료전지_원본!$A$4:$KY$4,0)) -> 0 | BX11: =INDEX(연료전지_원본!$A$4:$KY$369,MATCH($A11,연료전지_원본!$A$4:$A$369,0),MATCH($BX$4,연료전지_원본!$A$4:$KY$4,0)) -> 0 | BY11: =INDEX(연료전지_원본!$A$4:$KY$369,MATCH($A11,연료전지_원본!$A$4:$A$369,0),MATCH($BY$4,연료전지_원본!$A$4:$KY$4,0)) -> 0 | BZ11: =INDEX(연료전지_원본!$A$4:$KY$369,MATCH($A11,연료전지_원본!$A$4:$A$369,0),MATCH($BZ$4,연료전지_원본!$A$4:$KY$4,0)) -> 0 | CA11: =INDEX(연료전지_원본!$A$4:$KY$369,MATCH($A11,연료전지_원본!$A$4:$A$369,0),MATCH($CA$4,연료전지_원본!$A$4:$KY$4,0)) -> 0 | CB11: =INDEX(연료전지_원본!$A$4:$KY$369,MATCH($A11,연료전지_원본!$A$4:$A$369,0),MATCH($CB$4,연료전지_원본!$A$4:$KY$4,0)) -> 0 | CC11: =INDEX(연료전지_원본!$A$4:$KY$369,MATCH($A11,연료전지_원본!$A$4:$A$369,0),MATCH($CC$4,연료전지_원본!$A$4:$KY$4,0)) -> 0 | CD11: =INDEX(연료전지_원본!$KB$4:$KX$369,MATCH($A11,연료전지_원본!$KB$4:$KB$369,0), MATCH(CD$4,연료전지_원본!$KB$4:$KX$4,0))*1000 -> 0 | CE11: =INDEX(연료전지_원본!$KB$4:$KX$369,MATCH($A11,연료전지_원본!$KB$4:$KB$369,0), MATCH(CE$4,연료전지_원본!$KB$4:$KX$4,0))*1000 -> 0 | CF11: =INDEX(연료전지_원본!$KB$4:$KX$369,MATCH($A11,연료전지_원본!$KB$4:$KB$369,0), MATCH(CF$4,연료전지_원본!$KB$4:$KX$4,0))*1000 -> 0 | CG11: =INDEX(연료전지_원본!$KB$4:$KX$369,MATCH($A11,연료전지_원본!$KB$4:$KB$369,0), MATCH(CG$4,연료전지_원본!$KB$4:$KX$4,0))*1000 -> 0 | CH11: =INDEX(연료전지_원본!$KB$4:$KX$369,MATCH($A11,연료전지_원본!$KB$4:$KB$369,0), MATCH(CH$4,연료전지_원본!$KB$4:$KX$4,0))*1000 -> 0 | CI11: =INDEX(연료전지_원본!$KB$4:$KX$369,MATCH($A11,연료전지_원본!$KB$4:$KB$369,0), MATCH(CI$4,연료전지_원본!$KB$4:$KX$4,0))*1000 -> 0 | CJ11: =INDEX(연료전지_원본!$KB$4:$KX$369,MATCH($A11,연료전지_원본!$KB$4:$KB$369,0), MATCH(CJ$4,연료전지_원본!$KB$4:$KX$4,0))*1000 -> 0 | CK11: =INDEX(연료전지_원본!$KB$4:$KX$369,MATCH($A11,연료전지_원본!$KB$4:$KB$369,0), MATCH(CK$4,연료전지_원본!$KB$4:$KX$4,0))*1000 -> 0 | ... CY11: =INDEX(연료전지_원본!$KB$4:$KX$369,MATCH($A11,연료전지_원본!$KB$4:$KB$369,0), MATCH(CY$4,연료전지_원본!$KB$4:$KX$4,0))*1000 -> 0
A12: 46029 | B12: =운전실적_원본!B12 -> 651.2 | C12: =B12-B11 -> 0 | D12: =운전실적_원본!C12 -> 247990 | E12: =D12-D11 -> 46 | F12: =운전실적_원본!D12 -> 239797 | G12: =F12-F11 -> 34 | H12: =운전실적_원본!E12 -> 17055.03 | I12: =H12-H11 -> 9.31 | J12: =운전실적_원본!F12 -> 14418.34 | K12: =J12-J11 -> 20.81 | L12: =운전실적_원본!G12 -> 4039.8 | M12: =L12-L11 -> 1 | N12: =운전실적_원본!H12 -> 33624 | O12: =N12-N11 -> 118 | P12: =운전실적_원본!I12 -> 15979 | Q12: =P12-P11 -> 203 | R12: =운전실적_원본!J12 -> 33.613 | S12: =R12-R11 -> -0.077 | T12: =운전실적_원본!K12 -> 33.021 | U12: =T12-T11 -> -0.019 | V12: =운전실적_원본!L12 -> 8492.878 | W12: =V12-V11 -> 132.878 | X12: =운전실적_원본!M12 -> 199516.97 | Y12: =운전실적_원본!N12 -> 0 | Z12: =운전실적_원본!O12 -> 0 | AA12: =운전실적_원본!P12 -> 0 | AB12: =운전실적_원본!Q12 -> 0 | AC12: =운전실적_원본!R12 -> 0 | AD12: =운전실적_원본!S12 -> 24 | AE12: =운전실적_원본!T12 -> 0 | ... AG12: =운전실적_원본!V12 -> 0 | AH12: =((AM12-AL12)+(AO12-AN12)+(AQ12-AP12))*24 -> 24 | AI12: =(AS12-AR12)*24 -> 0 | AJ12: =운전실적_원본!Y12 -> 0 | AK12: =운전실적_원본!Z12 -> 0 | AL12: 46029 | AM12: =AL13 -> 46030 | AX12: =운전실적_원본!W12 -> 1253.245 | AY12: =운전실적_원본!X12 -> 0 | AZ12: =운전실적_원본!Y12 -> 0 | BA12: =운전실적_원본!Z12 -> 0 | BB12: =운전실적_원본!AA12 -> 0 | BC12: =운전실적_원본!AB12 -> 1253.245 | BD12: =IFERROR(AX12/AD12,"-") -> 52.218542 | BE12: =IFERROR(BD12/$BE$4,"-") -> 1.0161226 | BF12: =IFERROR(BB12/AE12,"-") -> - | BG12: =IFERROR(BF12/$BG$4,"-") -> - | BH12: =INDEX(연료전지_원본!$A$4:$KY$369,MATCH($A12,연료전지_원본!$A$4:$A$369,0),MATCH($BH$4,연료전지_원본!$A$4:$KY$4,0)) -> 0 | BI12: =INDEX(연료전지_원본!$A$4:$KY$369,MATCH($A12,연료전지_원본!$A$4:$A$369,0),MATCH($BI$4,연료전지_원본!$A$4:$KY$4,0)) -> 0 | BJ12: =INDEX(연료전지_원본!$A$4:$KY$369,MATCH($A12,연료전지_원본!$A$4:$A$369,0),MATCH($BJ$4,연료전지_원본!$A$4:$KY$4,0)) -> 0 | BK12: =INDEX(연료전지_원본!$A$4:$KY$369,MATCH($A12,연료전지_원본!$A$4:$A$369,0),MATCH($BK$4,연료전지_원본!$A$4:$KY$4,0)) -> 0 | BL12: =INDEX(연료전지_원본!$A$4:$KY$369,MATCH($A12,연료전지_원본!$A$4:$A$369,0),MATCH($BL$4,연료전지_원본!$A$4:$KY$4,0)) -> 0 | BM12: =INDEX(연료전지_원본!$A$4:$KY$369,MATCH($A12,연료전지_원본!$A$4:$A$369,0),MATCH($BM$4,연료전지_원본!$A$4:$KY$4,0)) -> 0 | BN12: =INDEX(연료전지_원본!$A$4:$KY$369,MATCH($A12,연료전지_원본!$A$4:$A$369,0),MATCH($BN$4,연료전지_원본!$A$4:$KY$4,0)) -> 0 | BO12: =INDEX(연료전지_원본!$A$4:$KY$369,MATCH($A12,연료전지_원본!$A$4:$A$369,0),MATCH($BO$4,연료전지_원본!$A$4:$KY$4,0)) -> 0 | BP12: =INDEX(연료전지_원본!$A$4:$KY$369,MATCH($A12,연료전지_원본!$A$4:$A$369,0),MATCH($BP$4,연료전지_원본!$A$4:$KY$4,0)) -> 0 | BQ12: =INDEX(연료전지_원본!$A$4:$KY$369,MATCH($A12,연료전지_원본!$A$4:$A$369,0),MATCH($BQ$4,연료전지_원본!$A$4:$KY$4,0)) -> 0 | BR12: =INDEX(연료전지_원본!$A$4:$KY$369,MATCH($A12,연료전지_원본!$A$4:$A$369,0),MATCH($BR$4,연료전지_원본!$A$4:$KY$4,0)) -> 0 | BS12: =INDEX(연료전지_원본!$A$4:$KY$369,MATCH($A12,연료전지_원본!$A$4:$A$369,0),MATCH($BS$4,연료전지_원본!$A$4:$KY$4,0)) -> 0 | BT12: =INDEX(연료전지_원본!$A$4:$KY$369,MATCH($A12,연료전지_원본!$A$4:$A$369,0),MATCH($BT$4,연료전지_원본!$A$4:$KY$4,0)) -> 0 | BU12: =INDEX(연료전지_원본!$A$4:$KY$369,MATCH($A12,연료전지_원본!$A$4:$A$369,0),MATCH($BU$4,연료전지_원본!$A$4:$KY$4,0)) -> 0 | BV12: =INDEX(연료전지_원본!$A$4:$KY$369,MATCH($A12,연료전지_원본!$A$4:$A$369,0),MATCH($BV$4,연료전지_원본!$A$4:$KY$4,0)) -> 0 | BW12: =INDEX(연료전지_원본!$A$4:$KY$369,MATCH($A12,연료전지_원본!$A$4:$A$369,0),MATCH($BW$4,연료전지_원본!$A$4:$KY$4,0)) -> 0 | BX12: =INDEX(연료전지_원본!$A$4:$KY$369,MATCH($A12,연료전지_원본!$A$4:$A$369,0),MATCH($BX$4,연료전지_원본!$A$4:$KY$4,0)) -> 0 | BY12: =INDEX(연료전지_원본!$A$4:$KY$369,MATCH($A12,연료전지_원본!$A$4:$A$369,0),MATCH($BY$4,연료전지_원본!$A$4:$KY$4,0)) -> 0 | BZ12: =INDEX(연료전지_원본!$A$4:$KY$369,MATCH($A12,연료전지_원본!$A$4:$A$369,0),MATCH($BZ$4,연료전지_원본!$A$4:$KY$4,0)) -> 0 | CA12: =INDEX(연료전지_원본!$A$4:$KY$369,MATCH($A12,연료전지_원본!$A$4:$A$369,0),MATCH($CA$4,연료전지_원본!$A$4:$KY$4,0)) -> 0 | CB12: =INDEX(연료전지_원본!$A$4:$KY$369,MATCH($A12,연료전지_원본!$A$4:$A$369,0),MATCH($CB$4,연료전지_원본!$A$4:$KY$4,0)) -> 0 | CC12: =INDEX(연료전지_원본!$A$4:$KY$369,MATCH($A12,연료전지_원본!$A$4:$A$369,0),MATCH($CC$4,연료전지_원본!$A$4:$KY$4,0)) -> 0 | CD12: =INDEX(연료전지_원본!$KB$4:$KX$369,MATCH($A12,연료전지_원본!$KB$4:$KB$369,0), MATCH(CD$4,연료전지_원본!$KB$4:$KX$4,0))*1000 -> 0 | CE12: =INDEX(연료전지_원본!$KB$4:$KX$369,MATCH($A12,연료전지_원본!$KB$4:$KB$369,0), MATCH(CE$4,연료전지_원본!$KB$4:$KX$4,0))*1000 -> 0 | CF12: =INDEX(연료전지_원본!$KB$4:$KX$369,MATCH($A12,연료전지_원본!$KB$4:$KB$369,0), MATCH(CF$4,연료전지_원본!$KB$4:$KX$4,0))*1000 -> 0 | CG12: =INDEX(연료전지_원본!$KB$4:$KX$369,MATCH($A12,연료전지_원본!$KB$4:$KB$369,0), MATCH(CG$4,연료전지_원본!$KB$4:$KX$4,0))*1000 -> 0 | CH12: =INDEX(연료전지_원본!$KB$4:$KX$369,MATCH($A12,연료전지_원본!$KB$4:$KB$369,0), MATCH(CH$4,연료전지_원본!$KB$4:$KX$4,0))*1000 -> 0 | CI12: =INDEX(연료전지_원본!$KB$4:$KX$369,MATCH($A12,연료전지_원본!$KB$4:$KB$369,0), MATCH(CI$4,연료전지_원본!$KB$4:$KX$4,0))*1000 -> 0 | CJ12: =INDEX(연료전지_원본!$KB$4:$KX$369,MATCH($A12,연료전지_원본!$KB$4:$KB$369,0), MATCH(CJ$4,연료전지_원본!$KB$4:$KX$4,0))*1000 -> 0 | CK12: =INDEX(연료전지_원본!$KB$4:$KX$369,MATCH($A12,연료전지_원본!$KB$4:$KB$369,0), MATCH(CK$4,연료전지_원본!$KB$4:$KX$4,0))*1000 -> 0 | ... CY12: =INDEX(연료전지_원본!$KB$4:$KX$369,MATCH($A12,연료전지_원본!$KB$4:$KB$369,0), MATCH(CY$4,연료전지_원본!$KB$4:$KX$4,0))*1000 -> 0
A13: 46030 | B13: =운전실적_원본!B13 -> 651.2 | C13: =B13-B12 -> 0 | D13: =운전실적_원본!C13 -> 248051 | E13: =D13-D12 -> 61 | F13: =운전실적_원본!D13 -> 239824 | G13: =F13-F12 -> 27 | H13: =운전실적_원본!E13 -> 17060.45 | I13: =H13-H12 -> 5.42 | J13: =운전실적_원본!F13 -> 14439.66 | K13: =J13-J12 -> 21.32 | L13: =운전실적_원본!G13 -> 4041.2 | M13: =L13-L12 -> 1.4 | N13: =운전실적_원본!H13 -> 33877 | O13: =N13-N12 -> 253 | P13: =운전실적_원본!I13 -> 16140 | Q13: =P13-P12 -> 161 | R13: =운전실적_원본!J13 -> 33.607 | S13: =R13-R12 -> -0.006 | T13: =운전실적_원본!K13 -> 33.081 | U13: =T13-T12 -> 0.06 | V13: =운전실적_원본!L13 -> 8590.936 | W13: =V13-V12 -> 98.058 | X13: =운전실적_원본!M13 -> 198945.8 | Y13: =운전실적_원본!N13 -> 0 | Z13: =운전실적_원본!O13 -> 0 | AA13: =운전실적_원본!P13 -> 0 | AB13: =운전실적_원본!Q13 -> 0 | AC13: =운전실적_원본!R13 -> 0 | AD13: =운전실적_원본!S13 -> 24 | AE13: =운전실적_원본!T13 -> 0 | ... AG13: =운전실적_원본!V13 -> 0 | AH13: =((AM13-AL13)+(AO13-AN13)+(AQ13-AP13))*24 -> 24 | AI13: =(AS13-AR13)*24 -> 0 | AJ13: =운전실적_원본!Y13 -> 0 | AK13: =운전실적_원본!Z13 -> 0 | AL13: 46030 | AM13: =AL14 -> 46031 | AX13: =운전실적_원본!W13 -> 1256.437 | AY13: =운전실적_원본!X13 -> 0 | AZ13: =운전실적_원본!Y13 -> 0 | BA13: =운전실적_원본!Z13 -> 0 | BB13: =운전실적_원본!AA13 -> 0 | BC13: =운전실적_원본!AB13 -> 1256.437 | BD13: =IFERROR(AX13/AD13,"-") -> 52.351542 | BE13: =IFERROR(BD13/$BE$4,"-") -> 1.0187107 | BF13: =IFERROR(BB13/AE13,"-") -> - | BG13: =IFERROR(BF13/$BG$4,"-") -> - | BH13: =INDEX(연료전지_원본!$A$4:$KY$369,MATCH($A13,연료전지_원본!$A$4:$A$369,0),MATCH($BH$4,연료전지_원본!$A$4:$KY$4,0)) -> 0 | BI13: =INDEX(연료전지_원본!$A$4:$KY$369,MATCH($A13,연료전지_원본!$A$4:$A$369,0),MATCH($BI$4,연료전지_원본!$A$4:$KY$4,0)) -> 0 | BJ13: =INDEX(연료전지_원본!$A$4:$KY$369,MATCH($A13,연료전지_원본!$A$4:$A$369,0),MATCH($BJ$4,연료전지_원본!$A$4:$KY$4,0)) -> 0 | BK13: =INDEX(연료전지_원본!$A$4:$KY$369,MATCH($A13,연료전지_원본!$A$4:$A$369,0),MATCH($BK$4,연료전지_원본!$A$4:$KY$4,0)) -> 0 | BL13: =INDEX(연료전지_원본!$A$4:$KY$369,MATCH($A13,연료전지_원본!$A$4:$A$369,0),MATCH($BL$4,연료전지_원본!$A$4:$KY$4,0)) -> 0 | BM13: =INDEX(연료전지_원본!$A$4:$KY$369,MATCH($A13,연료전지_원본!$A$4:$A$369,0),MATCH($BM$4,연료전지_원본!$A$4:$KY$4,0)) -> 0 | BN13: =INDEX(연료전지_원본!$A$4:$KY$369,MATCH($A13,연료전지_원본!$A$4:$A$369,0),MATCH($BN$4,연료전지_원본!$A$4:$KY$4,0)) -> 0 | BO13: =INDEX(연료전지_원본!$A$4:$KY$369,MATCH($A13,연료전지_원본!$A$4:$A$369,0),MATCH($BO$4,연료전지_원본!$A$4:$KY$4,0)) -> 0 | BP13: =INDEX(연료전지_원본!$A$4:$KY$369,MATCH($A13,연료전지_원본!$A$4:$A$369,0),MATCH($BP$4,연료전지_원본!$A$4:$KY$4,0)) -> 0 | BQ13: =INDEX(연료전지_원본!$A$4:$KY$369,MATCH($A13,연료전지_원본!$A$4:$A$369,0),MATCH($BQ$4,연료전지_원본!$A$4:$KY$4,0)) -> 0 | BR13: =INDEX(연료전지_원본!$A$4:$KY$369,MATCH($A13,연료전지_원본!$A$4:$A$369,0),MATCH($BR$4,연료전지_원본!$A$4:$KY$4,0)) -> 0 | BS13: =INDEX(연료전지_원본!$A$4:$KY$369,MATCH($A13,연료전지_원본!$A$4:$A$369,0),MATCH($BS$4,연료전지_원본!$A$4:$KY$4,0)) -> 0 | BT13: =INDEX(연료전지_원본!$A$4:$KY$369,MATCH($A13,연료전지_원본!$A$4:$A$369,0),MATCH($BT$4,연료전지_원본!$A$4:$KY$4,0)) -> 0 | BU13: =INDEX(연료전지_원본!$A$4:$KY$369,MATCH($A13,연료전지_원본!$A$4:$A$369,0),MATCH($BU$4,연료전지_원본!$A$4:$KY$4,0)) -> 0 | BV13: =INDEX(연료전지_원본!$A$4:$KY$369,MATCH($A13,연료전지_원본!$A$4:$A$369,0),MATCH($BV$4,연료전지_원본!$A$4:$KY$4,0)) -> 0 | BW13: =INDEX(연료전지_원본!$A$4:$KY$369,MATCH($A13,연료전지_원본!$A$4:$A$369,0),MATCH($BW$4,연료전지_원본!$A$4:$KY$4,0)) -> 0 | BX13: =INDEX(연료전지_원본!$A$4:$KY$369,MATCH($A13,연료전지_원본!$A$4:$A$369,0),MATCH($BX$4,연료전지_원본!$A$4:$KY$4,0)) -> 0 | BY13: =INDEX(연료전지_원본!$A$4:$KY$369,MATCH($A13,연료전지_원본!$A$4:$A$369,0),MATCH($BY$4,연료전지_원본!$A$4:$KY$4,0)) -> 0 | BZ13: =INDEX(연료전지_원본!$A$4:$KY$369,MATCH($A13,연료전지_원본!$A$4:$A$369,0),MATCH($BZ$4,연료전지_원본!$A$4:$KY$4,0)) -> 0 | CA13: =INDEX(연료전지_원본!$A$4:$KY$369,MATCH($A13,연료전지_원본!$A$4:$A$369,0),MATCH($CA$4,연료전지_원본!$A$4:$KY$4,0)) -> 0 | CB13: =INDEX(연료전지_원본!$A$4:$KY$369,MATCH($A13,연료전지_원본!$A$4:$A$369,0),MATCH($CB$4,연료전지_원본!$A$4:$KY$4,0)) -> 0 | CC13: =INDEX(연료전지_원본!$A$4:$KY$369,MATCH($A13,연료전지_원본!$A$4:$A$369,0),MATCH($CC$4,연료전지_원본!$A$4:$KY$4,0)) -> 0 | CD13: =INDEX(연료전지_원본!$KB$4:$KX$369,MATCH($A13,연료전지_원본!$KB$4:$KB$369,0), MATCH(CD$4,연료전지_원본!$KB$4:$KX$4,0))*1000 -> 0 | CE13: =INDEX(연료전지_원본!$KB$4:$KX$369,MATCH($A13,연료전지_원본!$KB$4:$KB$369,0), MATCH(CE$4,연료전지_원본!$KB$4:$KX$4,0))*1000 -> 0 | CF13: =INDEX(연료전지_원본!$KB$4:$KX$369,MATCH($A13,연료전지_원본!$KB$4:$KB$369,0), MATCH(CF$4,연료전지_원본!$KB$4:$KX$4,0))*1000 -> 0 | CG13: =INDEX(연료전지_원본!$KB$4:$KX$369,MATCH($A13,연료전지_원본!$KB$4:$KB$369,0), MATCH(CG$4,연료전지_원본!$KB$4:$KX$4,0))*1000 -> 0 | CH13: =INDEX(연료전지_원본!$KB$4:$KX$369,MATCH($A13,연료전지_원본!$KB$4:$KB$369,0), MATCH(CH$4,연료전지_원본!$KB$4:$KX$4,0))*1000 -> 0 | CI13: =INDEX(연료전지_원본!$KB$4:$KX$369,MATCH($A13,연료전지_원본!$KB$4:$KB$369,0), MATCH(CI$4,연료전지_원본!$KB$4:$KX$4,0))*1000 -> 0 | CJ13: =INDEX(연료전지_원본!$KB$4:$KX$369,MATCH($A13,연료전지_원본!$KB$4:$KB$369,0), MATCH(CJ$4,연료전지_원본!$KB$4:$KX$4,0))*1000 -> 0 | CK13: =INDEX(연료전지_원본!$KB$4:$KX$369,MATCH($A13,연료전지_원본!$KB$4:$KB$369,0), MATCH(CK$4,연료전지_원본!$KB$4:$KX$4,0))*1000 -> 0 | ... CY13: =INDEX(연료전지_원본!$KB$4:$KX$369,MATCH($A13,연료전지_원본!$KB$4:$KB$369,0), MATCH(CY$4,연료전지_원본!$KB$4:$KX$4,0))*1000 -> 0
A14: 46031 | B14: =운전실적_원본!B14 -> 651.2 | C14: =B14-B13 -> 0 | D14: =운전실적_원본!C14 -> 248165 | E14: =D14-D13 -> 114 | F14: =운전실적_원본!D14 -> 239829 | G14: =F14-F13 -> 5 | H14: =운전실적_원본!E14 -> 17065.53 | I14: =H14-H13 -> 5.08 | J14: =운전실적_원본!F14 -> 14459.7 | K14: =J14-J13 -> 20.04 | L14: =운전실적_원본!G14 -> 4042.2 | M14: =L14-L13 -> 1 | N14: =운전실적_원본!H14 -> 34015 | O14: =N14-N13 -> 138 | P14: =운전실적_원본!I14 -> 16344 | Q14: =P14-P13 -> 204 | R14: =운전실적_원본!J14 -> 33.64 | S14: =R14-R13 -> 0.033 | T14: =운전실적_원본!K14 -> 33.12 | U14: =T14-T13 -> 0.039 | V14: =운전실적_원본!L14 -> 8533 | W14: =V14-V13 -> -57.936 | X14: =운전실적_원본!M14 -> 197742.84 | Y14: =운전실적_원본!N14 -> 0 | Z14: =운전실적_원본!O14 -> 0 | AA14: =운전실적_원본!P14 -> 0 | AB14: =운전실적_원본!Q14 -> 0 | AC14: =운전실적_원본!R14 -> 0 | AD14: =운전실적_원본!S14 -> 24 | AE14: =운전실적_원본!T14 -> 0 | ... AG14: =운전실적_원본!V14 -> 0 | AH14: =((AM14-AL14)+(AO14-AN14)+(AQ14-AP14))*24 -> 24 | AI14: =(AS14-AR14)*24 -> 0 | AJ14: =운전실적_원본!Y14 -> 0 | AK14: =운전실적_원본!Z14 -> 0 | AL14: 46031 | AM14: =AL15 -> 46032 | AX14: =운전실적_원본!W14 -> 1250.318 | AY14: =운전실적_원본!X14 -> 0 | AZ14: =운전실적_원본!Y14 -> 0 | BA14: =운전실적_원본!Z14 -> 0 | BB14: =운전실적_원본!AA14 -> 0 | BC14: =운전실적_원본!AB14 -> 1250.318 | BD14: =IFERROR(AX14/AD14,"-") -> 52.096583 | BE14: =IFERROR(BD14/$BE$4,"-") -> 1.0137494 | BF14: =IFERROR(BB14/AE14,"-") -> - | BG14: =IFERROR(BF14/$BG$4,"-") -> - | BH14: =INDEX(연료전지_원본!$A$4:$KY$369,MATCH($A14,연료전지_원본!$A$4:$A$369,0),MATCH($BH$4,연료전지_원본!$A$4:$KY$4,0)) -> 0 | BI14: =INDEX(연료전지_원본!$A$4:$KY$369,MATCH($A14,연료전지_원본!$A$4:$A$369,0),MATCH($BI$4,연료전지_원본!$A$4:$KY$4,0)) -> 0 | BJ14: =INDEX(연료전지_원본!$A$4:$KY$369,MATCH($A14,연료전지_원본!$A$4:$A$369,0),MATCH($BJ$4,연료전지_원본!$A$4:$KY$4,0)) -> 0 | BK14: =INDEX(연료전지_원본!$A$4:$KY$369,MATCH($A14,연료전지_원본!$A$4:$A$369,0),MATCH($BK$4,연료전지_원본!$A$4:$KY$4,0)) -> 0 | BL14: =INDEX(연료전지_원본!$A$4:$KY$369,MATCH($A14,연료전지_원본!$A$4:$A$369,0),MATCH($BL$4,연료전지_원본!$A$4:$KY$4,0)) -> 0 | BM14: =INDEX(연료전지_원본!$A$4:$KY$369,MATCH($A14,연료전지_원본!$A$4:$A$369,0),MATCH($BM$4,연료전지_원본!$A$4:$KY$4,0)) -> 0 | BN14: =INDEX(연료전지_원본!$A$4:$KY$369,MATCH($A14,연료전지_원본!$A$4:$A$369,0),MATCH($BN$4,연료전지_원본!$A$4:$KY$4,0)) -> 0 | BO14: =INDEX(연료전지_원본!$A$4:$KY$369,MATCH($A14,연료전지_원본!$A$4:$A$369,0),MATCH($BO$4,연료전지_원본!$A$4:$KY$4,0)) -> 0 | BP14: =INDEX(연료전지_원본!$A$4:$KY$369,MATCH($A14,연료전지_원본!$A$4:$A$369,0),MATCH($BP$4,연료전지_원본!$A$4:$KY$4,0)) -> 0 | BQ14: =INDEX(연료전지_원본!$A$4:$KY$369,MATCH($A14,연료전지_원본!$A$4:$A$369,0),MATCH($BQ$4,연료전지_원본!$A$4:$KY$4,0)) -> 0 | BR14: =INDEX(연료전지_원본!$A$4:$KY$369,MATCH($A14,연료전지_원본!$A$4:$A$369,0),MATCH($BR$4,연료전지_원본!$A$4:$KY$4,0)) -> 0 | BS14: =INDEX(연료전지_원본!$A$4:$KY$369,MATCH($A14,연료전지_원본!$A$4:$A$369,0),MATCH($BS$4,연료전지_원본!$A$4:$KY$4,0)) -> 0 | BT14: =INDEX(연료전지_원본!$A$4:$KY$369,MATCH($A14,연료전지_원본!$A$4:$A$369,0),MATCH($BT$4,연료전지_원본!$A$4:$KY$4,0)) -> 0 | BU14: =INDEX(연료전지_원본!$A$4:$KY$369,MATCH($A14,연료전지_원본!$A$4:$A$369,0),MATCH($BU$4,연료전지_원본!$A$4:$KY$4,0)) -> 0 | BV14: =INDEX(연료전지_원본!$A$4:$KY$369,MATCH($A14,연료전지_원본!$A$4:$A$369,0),MATCH($BV$4,연료전지_원본!$A$4:$KY$4,0)) -> 0 | BW14: =INDEX(연료전지_원본!$A$4:$KY$369,MATCH($A14,연료전지_원본!$A$4:$A$369,0),MATCH($BW$4,연료전지_원본!$A$4:$KY$4,0)) -> 0 | BX14: =INDEX(연료전지_원본!$A$4:$KY$369,MATCH($A14,연료전지_원본!$A$4:$A$369,0),MATCH($BX$4,연료전지_원본!$A$4:$KY$4,0)) -> 0 | BY14: =INDEX(연료전지_원본!$A$4:$KY$369,MATCH($A14,연료전지_원본!$A$4:$A$369,0),MATCH($BY$4,연료전지_원본!$A$4:$KY$4,0)) -> 0 | BZ14: =INDEX(연료전지_원본!$A$4:$KY$369,MATCH($A14,연료전지_원본!$A$4:$A$369,0),MATCH($BZ$4,연료전지_원본!$A$4:$KY$4,0)) -> 0 | CA14: =INDEX(연료전지_원본!$A$4:$KY$369,MATCH($A14,연료전지_원본!$A$4:$A$369,0),MATCH($CA$4,연료전지_원본!$A$4:$KY$4,0)) -> 0 | CB14: =INDEX(연료전지_원본!$A$4:$KY$369,MATCH($A14,연료전지_원본!$A$4:$A$369,0),MATCH($CB$4,연료전지_원본!$A$4:$KY$4,0)) -> 0 | CC14: =INDEX(연료전지_원본!$A$4:$KY$369,MATCH($A14,연료전지_원본!$A$4:$A$369,0),MATCH($CC$4,연료전지_원본!$A$4:$KY$4,0)) -> 0 | CD14: =INDEX(연료전지_원본!$KB$4:$KX$369,MATCH($A14,연료전지_원본!$KB$4:$KB$369,0), MATCH(CD$4,연료전지_원본!$KB$4:$KX$4,0))*1000 -> 0 | CE14: =INDEX(연료전지_원본!$KB$4:$KX$369,MATCH($A14,연료전지_원본!$KB$4:$KB$369,0), MATCH(CE$4,연료전지_원본!$KB$4:$KX$4,0))*1000 -> 0 | CF14: =INDEX(연료전지_원본!$KB$4:$KX$369,MATCH($A14,연료전지_원본!$KB$4:$KB$369,0), MATCH(CF$4,연료전지_원본!$KB$4:$KX$4,0))*1000 -> 0 | CG14: =INDEX(연료전지_원본!$KB$4:$KX$369,MATCH($A14,연료전지_원본!$KB$4:$KB$369,0), MATCH(CG$4,연료전지_원본!$KB$4:$KX$4,0))*1000 -> 0 | CH14: =INDEX(연료전지_원본!$KB$4:$KX$369,MATCH($A14,연료전지_원본!$KB$4:$KB$369,0), MATCH(CH$4,연료전지_원본!$KB$4:$KX$4,0))*1000 -> 0 | CI14: =INDEX(연료전지_원본!$KB$4:$KX$369,MATCH($A14,연료전지_원본!$KB$4:$KB$369,0), MATCH(CI$4,연료전지_원본!$KB$4:$KX$4,0))*1000 -> 0 | CJ14: =INDEX(연료전지_원본!$KB$4:$KX$369,MATCH($A14,연료전지_원본!$KB$4:$KB$369,0), MATCH(CJ$4,연료전지_원본!$KB$4:$KX$4,0))*1000 -> 0 | CK14: =INDEX(연료전지_원본!$KB$4:$KX$369,MATCH($A14,연료전지_원본!$KB$4:$KB$369,0), MATCH(CK$4,연료전지_원본!$KB$4:$KX$4,0))*1000 -> 0 | ... CY14: =INDEX(연료전지_원본!$KB$4:$KX$369,MATCH($A14,연료전지_원본!$KB$4:$KB$369,0), MATCH(CY$4,연료전지_원본!$KB$4:$KX$4,0))*1000 -> 0
A15: 46032 | B15: =운전실적_원본!B15 -> 651.2 | C15: =B15-B14 -> 0 | D15: =운전실적_원본!C15 -> 248165 | E15: =D15-D14 -> 0 | F15: =운전실적_원본!D15 -> 239871 | G15: =F15-F14 -> 42 | H15: =운전실적_원본!E15 -> 17069.08 | I15: =H15-H14 -> 3.55 | J15: =운전실적_원본!F15 -> 14482 | K15: =J15-J14 -> 22.3 | L15: =운전실적_원본!G15 -> 4042.9 | M15: =L15-L14 -> 0.7 | N15: =운전실적_원본!H15 -> 34096 | O15: =N15-N14 -> 81 | P15: =운전실적_원본!I15 -> 16460 | Q15: =P15-P14 -> 116 | R15: =운전실적_원본!J15 -> 33.56 | S15: =R15-R14 -> -0.08 | T15: =운전실적_원본!K15 -> 33.07 | U15: =T15-T14 -> -0.05 | V15: =운전실적_원본!L15 -> 8465 | W15: =V15-V14 -> -68 | X15: =운전실적_원본!M15 -> 199460.59 | Y15: =운전실적_원본!N15 -> 221.18 | Z15: =운전실적_원본!O15 -> 0 | AA15: =운전실적_원본!P15 -> 0 | AB15: =운전실적_원본!Q15 -> 0 | AC15: =운전실적_원본!R15 -> 221.18 | AD15: =운전실적_원본!S15 -> 24 | AE15: =운전실적_원본!T15 -> 0 | ... AG15: =운전실적_원본!V15 -> 0 | AH15: =((AM15-AL15)+(AO15-AN15)+(AQ15-AP15))*24 -> 24 | AI15: =(AS15-AR15)*24 -> 0 | AJ15: =운전실적_원본!Y15 -> 0 | AK15: =운전실적_원본!Z15 -> 0 | AL15: 46032 | AM15: =AL16 -> 46033 | AX15: =운전실적_원본!W15 -> 1249 | AY15: =운전실적_원본!X15 -> 0 | AZ15: =운전실적_원본!Y15 -> 0 | BA15: =운전실적_원본!Z15 -> 0 | BB15: =운전실적_원본!AA15 -> 0 | BC15: =운전실적_원본!AB15 -> 1249 | BD15: =IFERROR(AX15/AD15,"-") -> 52.041667 | BE15: =IFERROR(BD15/$BE$4,"-") -> 1.0126808 | BF15: =IFERROR(BB15/AE15,"-") -> - | BG15: =IFERROR(BF15/$BG$4,"-") -> - | BH15: =INDEX(연료전지_원본!$A$4:$KY$369,MATCH($A15,연료전지_원본!$A$4:$A$369,0),MATCH($BH$4,연료전지_원본!$A$4:$KY$4,0)) -> 0 | BI15: =INDEX(연료전지_원본!$A$4:$KY$369,MATCH($A15,연료전지_원본!$A$4:$A$369,0),MATCH($BI$4,연료전지_원본!$A$4:$KY$4,0)) -> 0 | BJ15: =INDEX(연료전지_원본!$A$4:$KY$369,MATCH($A15,연료전지_원본!$A$4:$A$369,0),MATCH($BJ$4,연료전지_원본!$A$4:$KY$4,0)) -> 0 | BK15: =INDEX(연료전지_원본!$A$4:$KY$369,MATCH($A15,연료전지_원본!$A$4:$A$369,0),MATCH($BK$4,연료전지_원본!$A$4:$KY$4,0)) -> 0 | BL15: =INDEX(연료전지_원본!$A$4:$KY$369,MATCH($A15,연료전지_원본!$A$4:$A$369,0),MATCH($BL$4,연료전지_원본!$A$4:$KY$4,0)) -> 0 | BM15: =INDEX(연료전지_원본!$A$4:$KY$369,MATCH($A15,연료전지_원본!$A$4:$A$369,0),MATCH($BM$4,연료전지_원본!$A$4:$KY$4,0)) -> 0 | BN15: =INDEX(연료전지_원본!$A$4:$KY$369,MATCH($A15,연료전지_원본!$A$4:$A$369,0),MATCH($BN$4,연료전지_원본!$A$4:$KY$4,0)) -> 0 | BO15: =INDEX(연료전지_원본!$A$4:$KY$369,MATCH($A15,연료전지_원본!$A$4:$A$369,0),MATCH($BO$4,연료전지_원본!$A$4:$KY$4,0)) -> 0 | BP15: =INDEX(연료전지_원본!$A$4:$KY$369,MATCH($A15,연료전지_원본!$A$4:$A$369,0),MATCH($BP$4,연료전지_원본!$A$4:$KY$4,0)) -> 0 | BQ15: =INDEX(연료전지_원본!$A$4:$KY$369,MATCH($A15,연료전지_원본!$A$4:$A$369,0),MATCH($BQ$4,연료전지_원본!$A$4:$KY$4,0)) -> 0 | BR15: =INDEX(연료전지_원본!$A$4:$KY$369,MATCH($A15,연료전지_원본!$A$4:$A$369,0),MATCH($BR$4,연료전지_원본!$A$4:$KY$4,0)) -> 0 | BS15: =INDEX(연료전지_원본!$A$4:$KY$369,MATCH($A15,연료전지_원본!$A$4:$A$369,0),MATCH($BS$4,연료전지_원본!$A$4:$KY$4,0)) -> 0 | BT15: =INDEX(연료전지_원본!$A$4:$KY$369,MATCH($A15,연료전지_원본!$A$4:$A$369,0),MATCH($BT$4,연료전지_원본!$A$4:$KY$4,0)) -> 0 | BU15: =INDEX(연료전지_원본!$A$4:$KY$369,MATCH($A15,연료전지_원본!$A$4:$A$369,0),MATCH($BU$4,연료전지_원본!$A$4:$KY$4,0)) -> 0 | BV15: =INDEX(연료전지_원본!$A$4:$KY$369,MATCH($A15,연료전지_원본!$A$4:$A$369,0),MATCH($BV$4,연료전지_원본!$A$4:$KY$4,0)) -> 0 | BW15: =INDEX(연료전지_원본!$A$4:$KY$369,MATCH($A15,연료전지_원본!$A$4:$A$369,0),MATCH($BW$4,연료전지_원본!$A$4:$KY$4,0)) -> 0 | BX15: =INDEX(연료전지_원본!$A$4:$KY$369,MATCH($A15,연료전지_원본!$A$4:$A$369,0),MATCH($BX$4,연료전지_원본!$A$4:$KY$4,0)) -> 0 | BY15: =INDEX(연료전지_원본!$A$4:$KY$369,MATCH($A15,연료전지_원본!$A$4:$A$369,0),MATCH($BY$4,연료전지_원본!$A$4:$KY$4,0)) -> 0 | BZ15: =INDEX(연료전지_원본!$A$4:$KY$369,MATCH($A15,연료전지_원본!$A$4:$A$369,0),MATCH($BZ$4,연료전지_원본!$A$4:$KY$4,0)) -> 0 | CA15: =INDEX(연료전지_원본!$A$4:$KY$369,MATCH($A15,연료전지_원본!$A$4:$A$369,0),MATCH($CA$4,연료전지_원본!$A$4:$KY$4,0)) -> 0 | CB15: =INDEX(연료전지_원본!$A$4:$KY$369,MATCH($A15,연료전지_원본!$A$4:$A$369,0),MATCH($CB$4,연료전지_원본!$A$4:$KY$4,0)) -> 0 | CC15: =INDEX(연료전지_원본!$A$4:$KY$369,MATCH($A15,연료전지_원본!$A$4:$A$369,0),MATCH($CC$4,연료전지_원본!$A$4:$KY$4,0)) -> 0 | CD15: =INDEX(연료전지_원본!$KB$4:$KX$369,MATCH($A15,연료전지_원본!$KB$4:$KB$369,0), MATCH(CD$4,연료전지_원본!$KB$4:$KX$4,0))*1000 -> 0 | CE15: =INDEX(연료전지_원본!$KB$4:$KX$369,MATCH($A15,연료전지_원본!$KB$4:$KB$369,0), MATCH(CE$4,연료전지_원본!$KB$4:$KX$4,0))*1000 -> 0 | CF15: =INDEX(연료전지_원본!$KB$4:$KX$369,MATCH($A15,연료전지_원본!$KB$4:$KB$369,0), MATCH(CF$4,연료전지_원본!$KB$4:$KX$4,0))*1000 -> 0 | CG15: =INDEX(연료전지_원본!$KB$4:$KX$369,MATCH($A15,연료전지_원본!$KB$4:$KB$369,0), MATCH(CG$4,연료전지_원본!$KB$4:$KX$4,0))*1000 -> 0 | CH15: =INDEX(연료전지_원본!$KB$4:$KX$369,MATCH($A15,연료전지_원본!$KB$4:$KB$369,0), MATCH(CH$4,연료전지_원본!$KB$4:$KX$4,0))*1000 -> 0 | CI15: =INDEX(연료전지_원본!$KB$4:$KX$369,MATCH($A15,연료전지_원본!$KB$4:$KB$369,0), MATCH(CI$4,연료전지_원본!$KB$4:$KX$4,0))*1000 -> 0 | CJ15: =INDEX(연료전지_원본!$KB$4:$KX$369,MATCH($A15,연료전지_원본!$KB$4:$KB$369,0), MATCH(CJ$4,연료전지_원본!$KB$4:$KX$4,0))*1000 -> 0 | CK15: =INDEX(연료전지_원본!$KB$4:$KX$369,MATCH($A15,연료전지_원본!$KB$4:$KB$369,0), MATCH(CK$4,연료전지_원본!$KB$4:$KX$4,0))*1000 -> 0 | ... CY15: =INDEX(연료전지_원본!$KB$4:$KX$369,MATCH($A15,연료전지_원본!$KB$4:$KB$369,0), MATCH(CY$4,연료전지_원본!$KB$4:$KX$4,0))*1000 -> 0
A16: 46033 | B16: =운전실적_원본!B16 -> 651.2 | C16: =B16-B15 -> 0 | D16: =운전실적_원본!C16 -> 248165 | E16: =D16-D15 -> 0 | F16: =운전실적_원본!D16 -> 239914 | G16: =F16-F15 -> 43 | H16: =운전실적_원본!E16 -> 17072.48 | I16: =H16-H15 -> 3.4 | J16: =운전실적_원본!F16 -> 14501.86 | K16: =J16-J15 -> 19.86 | L16: =운전실적_원본!G16 -> 4043.7 | M16: =L16-L15 -> 0.8 | N16: =운전실적_원본!H16 -> 34167 | O16: =N16-N15 -> 71 | P16: =운전실적_원본!I16 -> 16576 | Q16: =P16-P15 -> 116 | R16: =운전실적_원본!J16 -> 33.2 | S16: =R16-R15 -> -0.36 | T16: =운전실적_원본!K16 -> 33.03 | U16: =T16-T15 -> -0.04 | V16: =운전실적_원본!L16 -> 8395 | W16: =V16-V15 -> -70 | X16: =운전실적_원본!M16 -> 192423.42 | Y16: =운전실적_원본!N16 -> 33315.15 | Z16: =운전실적_원본!O16 -> 0 | AA16: =운전실적_원본!P16 -> 0 | AB16: =운전실적_원본!Q16 -> 0 | AC16: =운전실적_원본!R16 -> 33315.15 | AD16: =운전실적_원본!S16 -> 24 | AE16: =운전실적_원본!T16 -> 0 | ... AG16: =운전실적_원본!V16 -> 0 | AH16: =((AM16-AL16)+(AO16-AN16)+(AQ16-AP16))*24 -> 24 | AI16: =(AS16-AR16)*24 -> 0 | AJ16: =운전실적_원본!Y16 -> 0 | AK16: =운전실적_원본!Z16 -> 0 | AL16: 46033 | AM16: =AL17 -> 46034 | AX16: =운전실적_원본!W16 -> 1246 | AY16: =운전실적_원본!X16 -> 0 | AZ16: =운전실적_원본!Y16 -> 0 | BA16: =운전실적_원본!Z16 -> 0 | BB16: =운전실적_원본!AA16 -> 0 | BC16: =운전실적_원본!AB16 -> 1246 | BD16: =IFERROR(AX16/AD16,"-") -> 51.916667 | BE16: =IFERROR(BD16/$BE$4,"-") -> 1.0102484 | BF16: =IFERROR(BB16/AE16,"-") -> - | BG16: =IFERROR(BF16/$BG$4,"-") -> - | BH16: =INDEX(연료전지_원본!$A$4:$KY$369,MATCH($A16,연료전지_원본!$A$4:$A$369,0),MATCH($BH$4,연료전지_원본!$A$4:$KY$4,0)) -> 0 | BI16: =INDEX(연료전지_원본!$A$4:$KY$369,MATCH($A16,연료전지_원본!$A$4:$A$369,0),MATCH($BI$4,연료전지_원본!$A$4:$KY$4,0)) -> 0 | BJ16: =INDEX(연료전지_원본!$A$4:$KY$369,MATCH($A16,연료전지_원본!$A$4:$A$369,0),MATCH($BJ$4,연료전지_원본!$A$4:$KY$4,0)) -> 0 | BK16: =INDEX(연료전지_원본!$A$4:$KY$369,MATCH($A16,연료전지_원본!$A$4:$A$369,0),MATCH($BK$4,연료전지_원본!$A$4:$KY$4,0)) -> 0 | BL16: =INDEX(연료전지_원본!$A$4:$KY$369,MATCH($A16,연료전지_원본!$A$4:$A$369,0),MATCH($BL$4,연료전지_원본!$A$4:$KY$4,0)) -> 0 | BM16: =INDEX(연료전지_원본!$A$4:$KY$369,MATCH($A16,연료전지_원본!$A$4:$A$369,0),MATCH($BM$4,연료전지_원본!$A$4:$KY$4,0)) -> 0 | BN16: =INDEX(연료전지_원본!$A$4:$KY$369,MATCH($A16,연료전지_원본!$A$4:$A$369,0),MATCH($BN$4,연료전지_원본!$A$4:$KY$4,0)) -> 0 | BO16: =INDEX(연료전지_원본!$A$4:$KY$369,MATCH($A16,연료전지_원본!$A$4:$A$369,0),MATCH($BO$4,연료전지_원본!$A$4:$KY$4,0)) -> 0 | BP16: =INDEX(연료전지_원본!$A$4:$KY$369,MATCH($A16,연료전지_원본!$A$4:$A$369,0),MATCH($BP$4,연료전지_원본!$A$4:$KY$4,0)) -> 0 | BQ16: =INDEX(연료전지_원본!$A$4:$KY$369,MATCH($A16,연료전지_원본!$A$4:$A$369,0),MATCH($BQ$4,연료전지_원본!$A$4:$KY$4,0)) -> 0 | BR16: =INDEX(연료전지_원본!$A$4:$KY$369,MATCH($A16,연료전지_원본!$A$4:$A$369,0),MATCH($BR$4,연료전지_원본!$A$4:$KY$4,0)) -> 0 | BS16: =INDEX(연료전지_원본!$A$4:$KY$369,MATCH($A16,연료전지_원본!$A$4:$A$369,0),MATCH($BS$4,연료전지_원본!$A$4:$KY$4,0)) -> 0 | BT16: =INDEX(연료전지_원본!$A$4:$KY$369,MATCH($A16,연료전지_원본!$A$4:$A$369,0),MATCH($BT$4,연료전지_원본!$A$4:$KY$4,0)) -> 0 | BU16: =INDEX(연료전지_원본!$A$4:$KY$369,MATCH($A16,연료전지_원본!$A$4:$A$369,0),MATCH($BU$4,연료전지_원본!$A$4:$KY$4,0)) -> 0 | BV16: =INDEX(연료전지_원본!$A$4:$KY$369,MATCH($A16,연료전지_원본!$A$4:$A$369,0),MATCH($BV$4,연료전지_원본!$A$4:$KY$4,0)) -> 0 | BW16: =INDEX(연료전지_원본!$A$4:$KY$369,MATCH($A16,연료전지_원본!$A$4:$A$369,0),MATCH($BW$4,연료전지_원본!$A$4:$KY$4,0)) -> 0 | BX16: =INDEX(연료전지_원본!$A$4:$KY$369,MATCH($A16,연료전지_원본!$A$4:$A$369,0),MATCH($BX$4,연료전지_원본!$A$4:$KY$4,0)) -> 0 | BY16: =INDEX(연료전지_원본!$A$4:$KY$369,MATCH($A16,연료전지_원본!$A$4:$A$369,0),MATCH($BY$4,연료전지_원본!$A$4:$KY$4,0)) -> 0 | BZ16: =INDEX(연료전지_원본!$A$4:$KY$369,MATCH($A16,연료전지_원본!$A$4:$A$369,0),MATCH($BZ$4,연료전지_원본!$A$4:$KY$4,0)) -> 0 | CA16: =INDEX(연료전지_원본!$A$4:$KY$369,MATCH($A16,연료전지_원본!$A$4:$A$369,0),MATCH($CA$4,연료전지_원본!$A$4:$KY$4,0)) -> 0 | CB16: =INDEX(연료전지_원본!$A$4:$KY$369,MATCH($A16,연료전지_원본!$A$4:$A$369,0),MATCH($CB$4,연료전지_원본!$A$4:$KY$4,0)) -> 0 | CC16: =INDEX(연료전지_원본!$A$4:$KY$369,MATCH($A16,연료전지_원본!$A$4:$A$369,0),MATCH($CC$4,연료전지_원본!$A$4:$KY$4,0)) -> 0 | CD16: =INDEX(연료전지_원본!$KB$4:$KX$369,MATCH($A16,연료전지_원본!$KB$4:$KB$369,0), MATCH(CD$4,연료전지_원본!$KB$4:$KX$4,0))*1000 -> 0 | CE16: =INDEX(연료전지_원본!$KB$4:$KX$369,MATCH($A16,연료전지_원본!$KB$4:$KB$369,0), MATCH(CE$4,연료전지_원본!$KB$4:$KX$4,0))*1000 -> 0 | CF16: =INDEX(연료전지_원본!$KB$4:$KX$369,MATCH($A16,연료전지_원본!$KB$4:$KB$369,0), MATCH(CF$4,연료전지_원본!$KB$4:$KX$4,0))*1000 -> 0 | CG16: =INDEX(연료전지_원본!$KB$4:$KX$369,MATCH($A16,연료전지_원본!$KB$4:$KB$369,0), MATCH(CG$4,연료전지_원본!$KB$4:$KX$4,0))*1000 -> 0 | CH16: =INDEX(연료전지_원본!$KB$4:$KX$369,MATCH($A16,연료전지_원본!$KB$4:$KB$369,0), MATCH(CH$4,연료전지_원본!$KB$4:$KX$4,0))*1000 -> 0 | CI16: =INDEX(연료전지_원본!$KB$4:$KX$369,MATCH($A16,연료전지_원본!$KB$4:$KB$369,0), MATCH(CI$4,연료전지_원본!$KB$4:$KX$4,0))*1000 -> 0 | CJ16: =INDEX(연료전지_원본!$KB$4:$KX$369,MATCH($A16,연료전지_원본!$KB$4:$KB$369,0), MATCH(CJ$4,연료전지_원본!$KB$4:$KX$4,0))*1000 -> 0 | CK16: =INDEX(연료전지_원본!$KB$4:$KX$369,MATCH($A16,연료전지_원본!$KB$4:$KB$369,0), MATCH(CK$4,연료전지_원본!$KB$4:$KX$4,0))*1000 -> 0 | ... CY16: =INDEX(연료전지_원본!$KB$4:$KX$369,MATCH($A16,연료전지_원본!$KB$4:$KB$369,0), MATCH(CY$4,연료전지_원본!$KB$4:$KX$4,0))*1000 -> 0
A17: 46034 | B17: =운전실적_원본!B17 -> 651.2 | C17: =B17-B16 -> 0 | D17: =운전실적_원본!C17 -> 248210 | E17: =D17-D16 -> 45 | F17: =운전실적_원본!D17 -> 239961 | G17: =F17-F16 -> 47 | H17: =운전실적_원본!E17 -> 17077.46 | I17: =H17-H16 -> 4.98 | J17: =운전실적_원본!F17 -> 14520.93 | K17: =J17-J16 -> 19.07 | L17: =운전실적_원본!G17 -> 4044.7 | M17: =L17-L16 -> 1 | N17: =운전실적_원본!H17 -> 34316 | O17: =N17-N16 -> 149 | P17: =운전실적_원본!I17 -> 16749 | Q17: =P17-P16 -> 173 | R17: =운전실적_원본!J17 -> 33.29 | S17: =R17-R16 -> 0.09 | T17: =운전실적_원본!K17 -> 33.14 | U17: =T17-T16 -> 0.11 | V17: =운전실적_원본!L17 -> 8330 | W17: =V17-V16 -> -65 | X17: =운전실적_원본!M17 -> 197392.47 | Y17: =운전실적_원본!N17 -> 0 | Z17: =운전실적_원본!O17 -> 0 | AA17: =운전실적_원본!P17 -> 0 | AB17: =운전실적_원본!Q17 -> 0 | AC17: =운전실적_원본!R17 -> 0 | AD17: =운전실적_원본!S17 -> 24 | AE17: =운전실적_원본!T17 -> 6 | ... AG17: =운전실적_원본!V17 -> 0 | AH17: =((AM17-AL17)+(AO17-AN17)+(AQ17-AP17))*24 -> 24 | AI17: =(AS17-AR17)*24 -> 5.3333333 | AJ17: =운전실적_원본!Y17 -> 0 | AK17: =운전실적_원본!Z17 -> 0 | AL17: 46034 | AM17: =AL18 -> 46035 | AR17: 46034.201 | AS17: 46034.424 | AX17: =운전실적_원본!W17 -> 1243 | AY17: =운전실적_원본!X17 -> 292 | AZ17: =운전실적_원본!Y17 -> 0 | BA17: =운전실적_원본!Z17 -> 0 | BB17: =운전실적_원본!AA17 -> 292 | BC17: =운전실적_원본!AB17 -> 1535 | BD17: =IFERROR(AX17/AD17,"-") -> 51.791667 | BE17: =IFERROR(BD17/$BE$4,"-") -> 1.007816 | BF17: =IFERROR(BB17/AE17,"-") -> 48.666667 | BG17: =IFERROR(BF17/$BG$4,"-") -> 0.70736434 | BH17: =INDEX(연료전지_원본!$A$4:$KY$369,MATCH($A17,연료전지_원본!$A$4:$A$369,0),MATCH($BH$4,연료전지_원본!$A$4:$KY$4,0)) -> 0 | BI17: =INDEX(연료전지_원본!$A$4:$KY$369,MATCH($A17,연료전지_원본!$A$4:$A$369,0),MATCH($BI$4,연료전지_원본!$A$4:$KY$4,0)) -> 0 | BJ17: =INDEX(연료전지_원본!$A$4:$KY$369,MATCH($A17,연료전지_원본!$A$4:$A$369,0),MATCH($BJ$4,연료전지_원본!$A$4:$KY$4,0)) -> 0 | BK17: =INDEX(연료전지_원본!$A$4:$KY$369,MATCH($A17,연료전지_원본!$A$4:$A$369,0),MATCH($BK$4,연료전지_원본!$A$4:$KY$4,0)) -> 0 | BL17: =INDEX(연료전지_원본!$A$4:$KY$369,MATCH($A17,연료전지_원본!$A$4:$A$369,0),MATCH($BL$4,연료전지_원본!$A$4:$KY$4,0)) -> 0 | BM17: =INDEX(연료전지_원본!$A$4:$KY$369,MATCH($A17,연료전지_원본!$A$4:$A$369,0),MATCH($BM$4,연료전지_원본!$A$4:$KY$4,0)) -> 0 | BN17: =INDEX(연료전지_원본!$A$4:$KY$369,MATCH($A17,연료전지_원본!$A$4:$A$369,0),MATCH($BN$4,연료전지_원본!$A$4:$KY$4,0)) -> 0 | BO17: =INDEX(연료전지_원본!$A$4:$KY$369,MATCH($A17,연료전지_원본!$A$4:$A$369,0),MATCH($BO$4,연료전지_원본!$A$4:$KY$4,0)) -> 0 | BP17: =INDEX(연료전지_원본!$A$4:$KY$369,MATCH($A17,연료전지_원본!$A$4:$A$369,0),MATCH($BP$4,연료전지_원본!$A$4:$KY$4,0)) -> 0 | BQ17: =INDEX(연료전지_원본!$A$4:$KY$369,MATCH($A17,연료전지_원본!$A$4:$A$369,0),MATCH($BQ$4,연료전지_원본!$A$4:$KY$4,0)) -> 0 | BR17: =INDEX(연료전지_원본!$A$4:$KY$369,MATCH($A17,연료전지_원본!$A$4:$A$369,0),MATCH($BR$4,연료전지_원본!$A$4:$KY$4,0)) -> 0 | BS17: =INDEX(연료전지_원본!$A$4:$KY$369,MATCH($A17,연료전지_원본!$A$4:$A$369,0),MATCH($BS$4,연료전지_원본!$A$4:$KY$4,0)) -> 0 | BT17: =INDEX(연료전지_원본!$A$4:$KY$369,MATCH($A17,연료전지_원본!$A$4:$A$369,0),MATCH($BT$4,연료전지_원본!$A$4:$KY$4,0)) -> 0 | BU17: =INDEX(연료전지_원본!$A$4:$KY$369,MATCH($A17,연료전지_원본!$A$4:$A$369,0),MATCH($BU$4,연료전지_원본!$A$4:$KY$4,0)) -> 0 | BV17: =INDEX(연료전지_원본!$A$4:$KY$369,MATCH($A17,연료전지_원본!$A$4:$A$369,0),MATCH($BV$4,연료전지_원본!$A$4:$KY$4,0)) -> 0 | BW17: =INDEX(연료전지_원본!$A$4:$KY$369,MATCH($A17,연료전지_원본!$A$4:$A$369,0),MATCH($BW$4,연료전지_원본!$A$4:$KY$4,0)) -> 0 | BX17: =INDEX(연료전지_원본!$A$4:$KY$369,MATCH($A17,연료전지_원본!$A$4:$A$369,0),MATCH($BX$4,연료전지_원본!$A$4:$KY$4,0)) -> 0 | BY17: =INDEX(연료전지_원본!$A$4:$KY$369,MATCH($A17,연료전지_원본!$A$4:$A$369,0),MATCH($BY$4,연료전지_원본!$A$4:$KY$4,0)) -> 0 | BZ17: =INDEX(연료전지_원본!$A$4:$KY$369,MATCH($A17,연료전지_원본!$A$4:$A$369,0),MATCH($BZ$4,연료전지_원본!$A$4:$KY$4,0)) -> 0 | CA17: =INDEX(연료전지_원본!$A$4:$KY$369,MATCH($A17,연료전지_원본!$A$4:$A$369,0),MATCH($CA$4,연료전지_원본!$A$4:$KY$4,0)) -> 0 | CB17: =INDEX(연료전지_원본!$A$4:$KY$369,MATCH($A17,연료전지_원본!$A$4:$A$369,0),MATCH($CB$4,연료전지_원본!$A$4:$KY$4,0)) -> 0 | CC17: =INDEX(연료전지_원본!$A$4:$KY$369,MATCH($A17,연료전지_원본!$A$4:$A$369,0),MATCH($CC$4,연료전지_원본!$A$4:$KY$4,0)) -> 0 | CD17: =INDEX(연료전지_원본!$KB$4:$KX$369,MATCH($A17,연료전지_원본!$KB$4:$KB$369,0), MATCH(CD$4,연료전지_원본!$KB$4:$KX$4,0))*1000 -> 0 | CE17: =INDEX(연료전지_원본!$KB$4:$KX$369,MATCH($A17,연료전지_원본!$KB$4:$KB$369,0), MATCH(CE$4,연료전지_원본!$KB$4:$KX$4,0))*1000 -> 0 | CF17: =INDEX(연료전지_원본!$KB$4:$KX$369,MATCH($A17,연료전지_원본!$KB$4:$KB$369,0), MATCH(CF$4,연료전지_원본!$KB$4:$KX$4,0))*1000 -> 0 | CG17: =INDEX(연료전지_원본!$KB$4:$KX$369,MATCH($A17,연료전지_원본!$KB$4:$KB$369,0), MATCH(CG$4,연료전지_원본!$KB$4:$KX$4,0))*1000 -> 0 | CH17: =INDEX(연료전지_원본!$KB$4:$KX$369,MATCH($A17,연료전지_원본!$KB$4:$KB$369,0), MATCH(CH$4,연료전지_원본!$KB$4:$KX$4,0))*1000 -> 0 | CI17: =INDEX(연료전지_원본!$KB$4:$KX$369,MATCH($A17,연료전지_원본!$KB$4:$KB$369,0), MATCH(CI$4,연료전지_원본!$KB$4:$KX$4,0))*1000 -> 0 | CJ17: =INDEX(연료전지_원본!$KB$4:$KX$369,MATCH($A17,연료전지_원본!$KB$4:$KB$369,0), MATCH(CJ$4,연료전지_원본!$KB$4:$KX$4,0))*1000 -> 0 | CK17: =INDEX(연료전지_원본!$KB$4:$KX$369,MATCH($A17,연료전지_원본!$KB$4:$KB$369,0), MATCH(CK$4,연료전지_원본!$KB$4:$KX$4,0))*1000 -> 0 | ... CY17: =INDEX(연료전지_원본!$KB$4:$KX$369,MATCH($A17,연료전지_원본!$KB$4:$KB$369,0), MATCH(CY$4,연료전지_원본!$KB$4:$KX$4,0))*1000 -> 0
A18: 46035 | B18: =운전실적_원본!B18 -> 651.2 | C18: =B18-B17 -> 0 | D18: =운전실적_원본!C18 -> 248263 | E18: =D18-D17 -> 53 | F18: =운전실적_원본!D18 -> 239961 | G18: =F18-F17 -> 0 | H18: =운전실적_원본!E18 -> 17083.02 | I18: =H18-H17 -> 5.56 | J18: =운전실적_원본!F18 -> 14542.57 | K18: =J18-J17 -> 21.64 | L18: =운전실적_원본!G18 -> 4045.3 | M18: =L18-L17 -> 0.6 | N18: =운전실적_원본!H18 -> 34379 | O18: =N18-N17 -> 63 | P18: =운전실적_원본!I18 -> 16906 | Q18: =P18-P17 -> 157 | R18: =운전실적_원본!J18 -> 33.18 | S18: =R18-R17 -> -0.11 | T18: =운전실적_원본!K18 -> 33.04 | U18: =T18-T17 -> -0.1 | V18: =운전실적_원본!L18 -> 8136 | W18: =V18-V17 -> -194 | X18: =운전실적_원본!M18 -> 196359.95 | Y18: =운전실적_원본!N18 -> 0 | Z18: =운전실적_원본!O18 -> 0 | AA18: =운전실적_원본!P18 -> 0 | AB18: =운전실적_원본!Q18 -> 0 | AC18: =운전실적_원본!R18 -> 0 | AD18: =운전실적_원본!S18 -> 24 | AE18: =운전실적_원본!T18 -> 0 | ... AG18: =운전실적_원본!V18 -> 0 | AH18: =((AM18-AL18)+(AO18-AN18)+(AQ18-AP18))*24 -> 24 | AI18: =(AS18-AR18)*24 -> 0 | AJ18: =운전실적_원본!Y18 -> 0 | AK18: =운전실적_원본!Z18 -> 0 | AL18: 46035 | AM18: =AL19 -> 46036 | AX18: =운전실적_원본!W18 -> 1248 | AY18: =운전실적_원본!X18 -> 0 | AZ18: =운전실적_원본!Y18 -> 0 | BA18: =운전실적_원본!Z18 -> 0 | BB18: =운전실적_원본!AA18 -> 0 | BC18: =운전실적_원본!AB18 -> 1248 | BD18: =IFERROR(AX18/AD18,"-") -> 52 | BE18: =IFERROR(BD18/$BE$4,"-") -> 1.01187 | BF18: =IFERROR(BB18/AE18,"-") -> - | BG18: =IFERROR(BF18/$BG$4,"-") -> - | BH18: =INDEX(연료전지_원본!$A$4:$KY$369,MATCH($A18,연료전지_원본!$A$4:$A$369,0),MATCH($BH$4,연료전지_원본!$A$4:$KY$4,0)) -> 18 | BI18: =INDEX(연료전지_원본!$A$4:$KY$369,MATCH($A18,연료전지_원본!$A$4:$A$369,0),MATCH($BI$4,연료전지_원본!$A$4:$KY$4,0)) -> 18 | BJ18: =INDEX(연료전지_원본!$A$4:$KY$369,MATCH($A18,연료전지_원본!$A$4:$A$369,0),MATCH($BJ$4,연료전지_원본!$A$4:$KY$4,0)) -> 18 | BK18: =INDEX(연료전지_원본!$A$4:$KY$369,MATCH($A18,연료전지_원본!$A$4:$A$369,0),MATCH($BK$4,연료전지_원본!$A$4:$KY$4,0)) -> 18 | BL18: =INDEX(연료전지_원본!$A$4:$KY$369,MATCH($A18,연료전지_원본!$A$4:$A$369,0),MATCH($BL$4,연료전지_원본!$A$4:$KY$4,0)) -> 18 | BM18: =INDEX(연료전지_원본!$A$4:$KY$369,MATCH($A18,연료전지_원본!$A$4:$A$369,0),MATCH($BM$4,연료전지_원본!$A$4:$KY$4,0)) -> 18 | BN18: =INDEX(연료전지_원본!$A$4:$KY$369,MATCH($A18,연료전지_원본!$A$4:$A$369,0),MATCH($BN$4,연료전지_원본!$A$4:$KY$4,0)) -> 18 | BO18: =INDEX(연료전지_원본!$A$4:$KY$369,MATCH($A18,연료전지_원본!$A$4:$A$369,0),MATCH($BO$4,연료전지_원본!$A$4:$KY$4,0)) -> 18 | BP18: =INDEX(연료전지_원본!$A$4:$KY$369,MATCH($A18,연료전지_원본!$A$4:$A$369,0),MATCH($BP$4,연료전지_원본!$A$4:$KY$4,0)) -> 18 | BQ18: =INDEX(연료전지_원본!$A$4:$KY$369,MATCH($A18,연료전지_원본!$A$4:$A$369,0),MATCH($BQ$4,연료전지_원본!$A$4:$KY$4,0)) -> 18 | BR18: =INDEX(연료전지_원본!$A$4:$KY$369,MATCH($A18,연료전지_원본!$A$4:$A$369,0),MATCH($BR$4,연료전지_원본!$A$4:$KY$4,0)) -> 0 | BS18: =INDEX(연료전지_원본!$A$4:$KY$369,MATCH($A18,연료전지_원본!$A$4:$A$369,0),MATCH($BS$4,연료전지_원본!$A$4:$KY$4,0)) -> 0 | BT18: =INDEX(연료전지_원본!$A$4:$KY$369,MATCH($A18,연료전지_원본!$A$4:$A$369,0),MATCH($BT$4,연료전지_원본!$A$4:$KY$4,0)) -> 0 | BU18: =INDEX(연료전지_원본!$A$4:$KY$369,MATCH($A18,연료전지_원본!$A$4:$A$369,0),MATCH($BU$4,연료전지_원본!$A$4:$KY$4,0)) -> 0 | BV18: =INDEX(연료전지_원본!$A$4:$KY$369,MATCH($A18,연료전지_원본!$A$4:$A$369,0),MATCH($BV$4,연료전지_원본!$A$4:$KY$4,0)) -> 0 | BW18: =INDEX(연료전지_원본!$A$4:$KY$369,MATCH($A18,연료전지_원본!$A$4:$A$369,0),MATCH($BW$4,연료전지_원본!$A$4:$KY$4,0)) -> 0 | BX18: =INDEX(연료전지_원본!$A$4:$KY$369,MATCH($A18,연료전지_원본!$A$4:$A$369,0),MATCH($BX$4,연료전지_원본!$A$4:$KY$4,0)) -> 0 | BY18: =INDEX(연료전지_원본!$A$4:$KY$369,MATCH($A18,연료전지_원본!$A$4:$A$369,0),MATCH($BY$4,연료전지_원본!$A$4:$KY$4,0)) -> 0 | BZ18: =INDEX(연료전지_원본!$A$4:$KY$369,MATCH($A18,연료전지_원본!$A$4:$A$369,0),MATCH($BZ$4,연료전지_원본!$A$4:$KY$4,0)) -> 0 | CA18: =INDEX(연료전지_원본!$A$4:$KY$369,MATCH($A18,연료전지_원본!$A$4:$A$369,0),MATCH($CA$4,연료전지_원본!$A$4:$KY$4,0)) -> 0 | CB18: =INDEX(연료전지_원본!$A$4:$KY$369,MATCH($A18,연료전지_원본!$A$4:$A$369,0),MATCH($CB$4,연료전지_원본!$A$4:$KY$4,0)) -> 0 | CC18: =INDEX(연료전지_원본!$A$4:$KY$369,MATCH($A18,연료전지_원본!$A$4:$A$369,0),MATCH($CC$4,연료전지_원본!$A$4:$KY$4,0)) -> 0 | CD18: =INDEX(연료전지_원본!$KB$4:$KX$369,MATCH($A18,연료전지_원본!$KB$4:$KB$369,0), MATCH(CD$4,연료전지_원본!$KB$4:$KX$4,0))*1000 -> 1578.2 | CE18: =INDEX(연료전지_원본!$KB$4:$KX$369,MATCH($A18,연료전지_원본!$KB$4:$KB$369,0), MATCH(CE$4,연료전지_원본!$KB$4:$KX$4,0))*1000 -> 1578.2 | CF18: =INDEX(연료전지_원본!$KB$4:$KX$369,MATCH($A18,연료전지_원본!$KB$4:$KB$369,0), MATCH(CF$4,연료전지_원본!$KB$4:$KX$4,0))*1000 -> 1578.2 | CG18: =INDEX(연료전지_원본!$KB$4:$KX$369,MATCH($A18,연료전지_원본!$KB$4:$KB$369,0), MATCH(CG$4,연료전지_원본!$KB$4:$KX$4,0))*1000 -> 1578.2 | CH18: =INDEX(연료전지_원본!$KB$4:$KX$369,MATCH($A18,연료전지_원본!$KB$4:$KB$369,0), MATCH(CH$4,연료전지_원본!$KB$4:$KX$4,0))*1000 -> 1578.2 | CI18: =INDEX(연료전지_원본!$KB$4:$KX$369,MATCH($A18,연료전지_원본!$KB$4:$KB$369,0), MATCH(CI$4,연료전지_원본!$KB$4:$KX$4,0))*1000 -> 1578.2 | CJ18: =INDEX(연료전지_원본!$KB$4:$KX$369,MATCH($A18,연료전지_원본!$KB$4:$KB$369,0), MATCH(CJ$4,연료전지_원본!$KB$4:$KX$4,0))*1000 -> 1578.2 | CK18: =INDEX(연료전지_원본!$KB$4:$KX$369,MATCH($A18,연료전지_원본!$KB$4:$KB$369,0), MATCH(CK$4,연료전지_원본!$KB$4:$KX$4,0))*1000 -> 1578.2 | ... CY18: =INDEX(연료전지_원본!$KB$4:$KX$369,MATCH($A18,연료전지_원본!$KB$4:$KB$369,0), MATCH(CY$4,연료전지_원본!$KB$4:$KX$4,0))*1000 -> 0
A19: 46036 | B19: =운전실적_원본!B19 -> 651.2 | C19: =B19-B18 -> 0 | D19: =운전실적_원본!C19 -> 248296 | E19: =D19-D18 -> 33 | F19: =운전실적_원본!D19 -> 240026 | G19: =F19-F18 -> 65 | H19: =운전실적_원본!E19 -> 17087.96 | I19: =H19-H18 -> 4.94 | J19: =운전실적_원본!F19 -> 14563.56 | K19: =J19-J18 -> 20.99 | L19: =운전실적_원본!G19 -> 4046.3 | M19: =L19-L18 -> 1 | N19: =운전실적_원본!H19 -> 34500 | O19: =N19-N18 -> 121 | P19: =운전실적_원본!I19 -> 17146 | Q19: =P19-P18 -> 240 | R19: =운전실적_원본!J19 -> 33.36 | S19: =R19-R18 -> 0.18 | T19: =운전실적_원본!K19 -> 33 | U19: =T19-T18 -> -0.04 | V19: =운전실적_원본!L19 -> 8331 | W19: =V19-V18 -> 195 | X19: =운전실적_원본!M19 -> 196254.91 | Y19: =운전실적_원본!N19 -> 0 | Z19: =운전실적_원본!O19 -> 0 | AA19: =운전실적_원본!P19 -> 0 | AB19: =운전실적_원본!Q19 -> 0 | AC19: =운전실적_원본!R19 -> 0 | AD19: =운전실적_원본!S19 -> 24 | AE19: =운전실적_원본!T19 -> 0 | ... AG19: =운전실적_원본!V19 -> 0 | AH19: =((AM19-AL19)+(AO19-AN19)+(AQ19-AP19))*24 -> 24 | AI19: =(AS19-AR19)*24 -> 0 | AJ19: =운전실적_원본!Y19 -> 0 | AK19: =운전실적_원본!Z19 -> 0 | AL19: 46036 | AM19: =AL20 -> 46037 | AX19: =운전실적_원본!W19 -> 1247 | AY19: =운전실적_원본!X19 -> 0 | AZ19: =운전실적_원본!Y19 -> 0 | BA19: =운전실적_원본!Z19 -> 0 | BB19: =운전실적_원본!AA19 -> 0 | BC19: =운전실적_원본!AB19 -> 1247 | BD19: =IFERROR(AX19/AD19,"-") -> 51.958333 | BE19: =IFERROR(BD19/$BE$4,"-") -> 1.0110592 | BF19: =IFERROR(BB19/AE19,"-") -> - | BG19: =IFERROR(BF19/$BG$4,"-") -> - | BH19: =INDEX(연료전지_원본!$A$4:$KY$369,MATCH($A19,연료전지_원본!$A$4:$A$369,0),MATCH($BH$4,연료전지_원본!$A$4:$KY$4,0)) -> 24 | BI19: =INDEX(연료전지_원본!$A$4:$KY$369,MATCH($A19,연료전지_원본!$A$4:$A$369,0),MATCH($BI$4,연료전지_원본!$A$4:$KY$4,0)) -> 24 | BJ19: =INDEX(연료전지_원본!$A$4:$KY$369,MATCH($A19,연료전지_원본!$A$4:$A$369,0),MATCH($BJ$4,연료전지_원본!$A$4:$KY$4,0)) -> 24 | BK19: =INDEX(연료전지_원본!$A$4:$KY$369,MATCH($A19,연료전지_원본!$A$4:$A$369,0),MATCH($BK$4,연료전지_원본!$A$4:$KY$4,0)) -> 24 | BL19: =INDEX(연료전지_원본!$A$4:$KY$369,MATCH($A19,연료전지_원본!$A$4:$A$369,0),MATCH($BL$4,연료전지_원본!$A$4:$KY$4,0)) -> 24 | BM19: =INDEX(연료전지_원본!$A$4:$KY$369,MATCH($A19,연료전지_원본!$A$4:$A$369,0),MATCH($BM$4,연료전지_원본!$A$4:$KY$4,0)) -> 24 | BN19: =INDEX(연료전지_원본!$A$4:$KY$369,MATCH($A19,연료전지_원본!$A$4:$A$369,0),MATCH($BN$4,연료전지_원본!$A$4:$KY$4,0)) -> 24 | BO19: =INDEX(연료전지_원본!$A$4:$KY$369,MATCH($A19,연료전지_원본!$A$4:$A$369,0),MATCH($BO$4,연료전지_원본!$A$4:$KY$4,0)) -> 24 | BP19: =INDEX(연료전지_원본!$A$4:$KY$369,MATCH($A19,연료전지_원본!$A$4:$A$369,0),MATCH($BP$4,연료전지_원본!$A$4:$KY$4,0)) -> 24 | BQ19: =INDEX(연료전지_원본!$A$4:$KY$369,MATCH($A19,연료전지_원본!$A$4:$A$369,0),MATCH($BQ$4,연료전지_원본!$A$4:$KY$4,0)) -> 24 | BR19: =INDEX(연료전지_원본!$A$4:$KY$369,MATCH($A19,연료전지_원본!$A$4:$A$369,0),MATCH($BR$4,연료전지_원본!$A$4:$KY$4,0)) -> 18 | BS19: =INDEX(연료전지_원본!$A$4:$KY$369,MATCH($A19,연료전지_원본!$A$4:$A$369,0),MATCH($BS$4,연료전지_원본!$A$4:$KY$4,0)) -> 18 | BT19: =INDEX(연료전지_원본!$A$4:$KY$369,MATCH($A19,연료전지_원본!$A$4:$A$369,0),MATCH($BT$4,연료전지_원본!$A$4:$KY$4,0)) -> 18 | BU19: =INDEX(연료전지_원본!$A$4:$KY$369,MATCH($A19,연료전지_원본!$A$4:$A$369,0),MATCH($BU$4,연료전지_원본!$A$4:$KY$4,0)) -> 0 | BV19: =INDEX(연료전지_원본!$A$4:$KY$369,MATCH($A19,연료전지_원본!$A$4:$A$369,0),MATCH($BV$4,연료전지_원본!$A$4:$KY$4,0)) -> 0 | BW19: =INDEX(연료전지_원본!$A$4:$KY$369,MATCH($A19,연료전지_원본!$A$4:$A$369,0),MATCH($BW$4,연료전지_원본!$A$4:$KY$4,0)) -> 0 | BX19: =INDEX(연료전지_원본!$A$4:$KY$369,MATCH($A19,연료전지_원본!$A$4:$A$369,0),MATCH($BX$4,연료전지_원본!$A$4:$KY$4,0)) -> 0 | BY19: =INDEX(연료전지_원본!$A$4:$KY$369,MATCH($A19,연료전지_원본!$A$4:$A$369,0),MATCH($BY$4,연료전지_원본!$A$4:$KY$4,0)) -> 0 | BZ19: =INDEX(연료전지_원본!$A$4:$KY$369,MATCH($A19,연료전지_원본!$A$4:$A$369,0),MATCH($BZ$4,연료전지_원본!$A$4:$KY$4,0)) -> 0 | CA19: =INDEX(연료전지_원본!$A$4:$KY$369,MATCH($A19,연료전지_원본!$A$4:$A$369,0),MATCH($CA$4,연료전지_원본!$A$4:$KY$4,0)) -> 0 | CB19: =INDEX(연료전지_원본!$A$4:$KY$369,MATCH($A19,연료전지_원본!$A$4:$A$369,0),MATCH($CB$4,연료전지_원본!$A$4:$KY$4,0)) -> 0 | CC19: =INDEX(연료전지_원본!$A$4:$KY$369,MATCH($A19,연료전지_원본!$A$4:$A$369,0),MATCH($CC$4,연료전지_원본!$A$4:$KY$4,0)) -> 0 | CD19: =INDEX(연료전지_원본!$KB$4:$KX$369,MATCH($A19,연료전지_원본!$KB$4:$KB$369,0), MATCH(CD$4,연료전지_원본!$KB$4:$KX$4,0))*1000 -> 1018.041 | CE19: =INDEX(연료전지_원본!$KB$4:$KX$369,MATCH($A19,연료전지_원본!$KB$4:$KB$369,0), MATCH(CE$4,연료전지_원본!$KB$4:$KX$4,0))*1000 -> 1018.041 | CF19: =INDEX(연료전지_원본!$KB$4:$KX$369,MATCH($A19,연료전지_원본!$KB$4:$KB$369,0), MATCH(CF$4,연료전지_원본!$KB$4:$KX$4,0))*1000 -> 1018.041 | CG19: =INDEX(연료전지_원본!$KB$4:$KX$369,MATCH($A19,연료전지_원본!$KB$4:$KB$369,0), MATCH(CG$4,연료전지_원본!$KB$4:$KX$4,0))*1000 -> 1018.041 | CH19: =INDEX(연료전지_원본!$KB$4:$KX$369,MATCH($A19,연료전지_원본!$KB$4:$KB$369,0), MATCH(CH$4,연료전지_원본!$KB$4:$KX$4,0))*1000 -> 1018.041 | CI19: =INDEX(연료전지_원본!$KB$4:$KX$369,MATCH($A19,연료전지_원본!$KB$4:$KB$369,0), MATCH(CI$4,연료전지_원본!$KB$4:$KX$4,0))*1000 -> 1018.041 | CJ19: =INDEX(연료전지_원본!$KB$4:$KX$369,MATCH($A19,연료전지_원본!$KB$4:$KB$369,0), MATCH(CJ$4,연료전지_원본!$KB$4:$KX$4,0))*1000 -> 1018.041 | CK19: =INDEX(연료전지_원본!$KB$4:$KX$369,MATCH($A19,연료전지_원본!$KB$4:$KB$369,0), MATCH(CK$4,연료전지_원본!$KB$4:$KX$4,0))*1000 -> 1018.041 | ... CY19: =INDEX(연료전지_원본!$KB$4:$KX$369,MATCH($A19,연료전지_원본!$KB$4:$KB$369,0), MATCH(CY$4,연료전지_원본!$KB$4:$KX$4,0))*1000 -> 0
A20: 46037 | B20: =운전실적_원본!B20 -> 651.2 | C20: =B20-B19 -> 0 | D20: =운전실적_원본!C20 -> 248342 | E20: =D20-D19 -> 46 | F20: =운전실적_원본!D20 -> 240048 | G20: =F20-F19 -> 22 | H20: =운전실적_원본!E20 -> 17093.25 | I20: =H20-H19 -> 5.29 | J20: =운전실적_원본!F20 -> 14585.46 | K20: =J20-J19 -> 21.9 | L20: =운전실적_원본!G20 -> 4047.6 | M20: =L20-L19 -> 1.3 | N20: =운전실적_원본!H20 -> 34719 | O20: =N20-N19 -> 219 | P20: =운전실적_원본!I20 -> 17296 | Q20: =P20-P19 -> 150 | R20: =운전실적_원본!J20 -> 33.5 | S20: =R20-R19 -> 0.14 | T20: =운전실적_원본!K20 -> 33 | U20: =T20-T19 -> 0 | V20: =운전실적_원본!L20 -> 8060 | W20: =V20-V19 -> -271 | X20: =운전실적_원본!M20 -> 193644.12 | Y20: =운전실적_원본!N20 -> 0 | Z20: =운전실적_원본!O20 -> 0 | AA20: =운전실적_원본!P20 -> 0 | AB20: =운전실적_원본!Q20 -> 0 | AC20: =운전실적_원본!R20 -> 0 | AD20: =운전실적_원본!S20 -> 24 | AE20: =운전실적_원본!T20 -> 0 | ... AG20: =운전실적_원본!V20 -> 0 | AH20: =((AM20-AL20)+(AO20-AN20)+(AQ20-AP20))*24 -> 24 | AI20: =(AS20-AR20)*24 -> 0 | AJ20: =운전실적_원본!Y20 -> 0 | AK20: =운전실적_원본!Z20 -> 0 | AL20: 46037 | AM20: =AL21 -> 46038 | AX20: =운전실적_원본!W20 -> 1249 | AY20: =운전실적_원본!X20 -> 0 | AZ20: =운전실적_원본!Y20 -> 0 | BA20: =운전실적_원본!Z20 -> 0 | BB20: =운전실적_원본!AA20 -> 0 | BC20: =운전실적_원본!AB20 -> 1249 | BD20: =IFERROR(AX20/AD20,"-") -> 52.041667 | BE20: =IFERROR(BD20/$BE$4,"-") -> 1.0126808 | BF20: =IFERROR(BB20/AE20,"-") -> - | BG20: =IFERROR(BF20/$BG$4,"-") -> - | BH20: =INDEX(연료전지_원본!$A$4:$KY$369,MATCH($A20,연료전지_원본!$A$4:$A$369,0),MATCH($BH$4,연료전지_원본!$A$4:$KY$4,0)) -> 24 | BI20: =INDEX(연료전지_원본!$A$4:$KY$369,MATCH($A20,연료전지_원본!$A$4:$A$369,0),MATCH($BI$4,연료전지_원본!$A$4:$KY$4,0)) -> 24 | BJ20: =INDEX(연료전지_원본!$A$4:$KY$369,MATCH($A20,연료전지_원본!$A$4:$A$369,0),MATCH($BJ$4,연료전지_원본!$A$4:$KY$4,0)) -> 24 | BK20: =INDEX(연료전지_원본!$A$4:$KY$369,MATCH($A20,연료전지_원본!$A$4:$A$369,0),MATCH($BK$4,연료전지_원본!$A$4:$KY$4,0)) -> 24 | BL20: =INDEX(연료전지_원본!$A$4:$KY$369,MATCH($A20,연료전지_원본!$A$4:$A$369,0),MATCH($BL$4,연료전지_원본!$A$4:$KY$4,0)) -> 24 | BM20: =INDEX(연료전지_원본!$A$4:$KY$369,MATCH($A20,연료전지_원본!$A$4:$A$369,0),MATCH($BM$4,연료전지_원본!$A$4:$KY$4,0)) -> 24 | BN20: =INDEX(연료전지_원본!$A$4:$KY$369,MATCH($A20,연료전지_원본!$A$4:$A$369,0),MATCH($BN$4,연료전지_원본!$A$4:$KY$4,0)) -> 24 | BO20: =INDEX(연료전지_원본!$A$4:$KY$369,MATCH($A20,연료전지_원본!$A$4:$A$369,0),MATCH($BO$4,연료전지_원본!$A$4:$KY$4,0)) -> 24 | BP20: =INDEX(연료전지_원본!$A$4:$KY$369,MATCH($A20,연료전지_원본!$A$4:$A$369,0),MATCH($BP$4,연료전지_원본!$A$4:$KY$4,0)) -> 24 | BQ20: =INDEX(연료전지_원본!$A$4:$KY$369,MATCH($A20,연료전지_원본!$A$4:$A$369,0),MATCH($BQ$4,연료전지_원본!$A$4:$KY$4,0)) -> 24 | BR20: =INDEX(연료전지_원본!$A$4:$KY$369,MATCH($A20,연료전지_원본!$A$4:$A$369,0),MATCH($BR$4,연료전지_원본!$A$4:$KY$4,0)) -> 24 | BS20: =INDEX(연료전지_원본!$A$4:$KY$369,MATCH($A20,연료전지_원본!$A$4:$A$369,0),MATCH($BS$4,연료전지_원본!$A$4:$KY$4,0)) -> 24 | BT20: =INDEX(연료전지_원본!$A$4:$KY$369,MATCH($A20,연료전지_원본!$A$4:$A$369,0),MATCH($BT$4,연료전지_원본!$A$4:$KY$4,0)) -> 24 | BU20: =INDEX(연료전지_원본!$A$4:$KY$369,MATCH($A20,연료전지_원본!$A$4:$A$369,0),MATCH($BU$4,연료전지_원본!$A$4:$KY$4,0)) -> 18 | BV20: =INDEX(연료전지_원본!$A$4:$KY$369,MATCH($A20,연료전지_원본!$A$4:$A$369,0),MATCH($BV$4,연료전지_원본!$A$4:$KY$4,0)) -> 18 | BW20: =INDEX(연료전지_원본!$A$4:$KY$369,MATCH($A20,연료전지_원본!$A$4:$A$369,0),MATCH($BW$4,연료전지_원본!$A$4:$KY$4,0)) -> 18 | BX20: =INDEX(연료전지_원본!$A$4:$KY$369,MATCH($A20,연료전지_원본!$A$4:$A$369,0),MATCH($BX$4,연료전지_원본!$A$4:$KY$4,0)) -> 0 | BY20: =INDEX(연료전지_원본!$A$4:$KY$369,MATCH($A20,연료전지_원본!$A$4:$A$369,0),MATCH($BY$4,연료전지_원본!$A$4:$KY$4,0)) -> 0 | BZ20: =INDEX(연료전지_원본!$A$4:$KY$369,MATCH($A20,연료전지_원본!$A$4:$A$369,0),MATCH($BZ$4,연료전지_원본!$A$4:$KY$4,0)) -> 0 | CA20: =INDEX(연료전지_원본!$A$4:$KY$369,MATCH($A20,연료전지_원본!$A$4:$A$369,0),MATCH($CA$4,연료전지_원본!$A$4:$KY$4,0)) -> 0 | CB20: =INDEX(연료전지_원본!$A$4:$KY$369,MATCH($A20,연료전지_원본!$A$4:$A$369,0),MATCH($CB$4,연료전지_원본!$A$4:$KY$4,0)) -> 0 | CC20: =INDEX(연료전지_원본!$A$4:$KY$369,MATCH($A20,연료전지_원본!$A$4:$A$369,0),MATCH($CC$4,연료전지_원본!$A$4:$KY$4,0)) -> 0 | CD20: =INDEX(연료전지_원본!$KB$4:$KX$369,MATCH($A20,연료전지_원본!$KB$4:$KB$369,0), MATCH(CD$4,연료전지_원본!$KB$4:$KX$4,0))*1000 -> 946.62308 | CE20: =INDEX(연료전지_원본!$KB$4:$KX$369,MATCH($A20,연료전지_원본!$KB$4:$KB$369,0), MATCH(CE$4,연료전지_원본!$KB$4:$KX$4,0))*1000 -> 946.62308 | CF20: =INDEX(연료전지_원본!$KB$4:$KX$369,MATCH($A20,연료전지_원본!$KB$4:$KB$369,0), MATCH(CF$4,연료전지_원본!$KB$4:$KX$4,0))*1000 -> 946.62308 | CG20: =INDEX(연료전지_원본!$KB$4:$KX$369,MATCH($A20,연료전지_원본!$KB$4:$KB$369,0), MATCH(CG$4,연료전지_원본!$KB$4:$KX$4,0))*1000 -> 946.62308 | CH20: =INDEX(연료전지_원본!$KB$4:$KX$369,MATCH($A20,연료전지_원본!$KB$4:$KB$369,0), MATCH(CH$4,연료전지_원본!$KB$4:$KX$4,0))*1000 -> 946.62308 | CI20: =INDEX(연료전지_원본!$KB$4:$KX$369,MATCH($A20,연료전지_원본!$KB$4:$KB$369,0), MATCH(CI$4,연료전지_원본!$KB$4:$KX$4,0))*1000 -> 946.62308 | CJ20: =INDEX(연료전지_원본!$KB$4:$KX$369,MATCH($A20,연료전지_원본!$KB$4:$KB$369,0), MATCH(CJ$4,연료전지_원본!$KB$4:$KX$4,0))*1000 -> 946.62308 | CK20: =INDEX(연료전지_원본!$KB$4:$KX$369,MATCH($A20,연료전지_원본!$KB$4:$KB$369,0), MATCH(CK$4,연료전지_원본!$KB$4:$KX$4,0))*1000 -> 946.62308 | ... CY20: =INDEX(연료전지_원본!$KB$4:$KX$369,MATCH($A20,연료전지_원본!$KB$4:$KB$369,0), MATCH(CY$4,연료전지_원본!$KB$4:$KX$4,0))*1000 -> 0
